row_index,fold,model,true_label,predicted_label
2,1,RF,0,0
8,1,RF,0,0
14,1,RF,0,0
16,1,RF,0,0
17,1,RF,0,0
19,1,RF,0,0
31,1,RF,0,0
32,1,RF,0,0
37,1,RF,0,0
44,1,RF,0,0
45,1,RF,0,0
62,1,RF,1,1
63,1,RF,0,0
69,1,RF,0,0
73,1,RF,0,0
81,1,RF,0,0
83,1,RF,0,0
88,1,RF,0,0
89,1,RF,0,0
92,1,RF,1,0
102,1,RF,0,0
104,1,RF,0,0
105,1,RF,0,0
106,1,RF,1,0
112,1,RF,0,0
118,1,RF,0,0
119,1,RF,0,0
126,1,RF,1,1
132,1,RF,0,0
143,1,RF,0,0
145,1,RF,0,0
148,1,RF,1,1
150,1,RF,0,0
151,1,RF,0,0
155,1,RF,0,0
156,1,RF,1,0
162,1,RF,0,0
165,1,RF,0,0
167,1,RF,0,0
169,1,RF,0,0
171,1,RF,0,0
173,1,RF,0,0
174,1,RF,0,0
178,1,RF,0,0
183,1,RF,1,1
190,1,RF,0,0
192,1,RF,0,0
198,1,RF,0,0
209,1,RF,0,0
213,1,RF,0,0
214,1,RF,0,0
221,1,RF,0,0
222,1,RF,0,0
223,1,RF,0,0
228,1,RF,0,0
229,1,RF,0,0
234,1,RF,0,0
239,1,RF,0,0
240,1,RF,0,0
249,1,RF,0,0
252,1,RF,1,1
253,1,RF,0,0
254,1,RF,0,0
255,1,RF,0,0
258,1,RF,0,0
265,1,RF,0,0
267,1,RF,0,0
268,1,RF,0,0
269,1,RF,0,0
277,1,RF,1,1
284,1,RF,0,0
303,1,RF,0,0
304,1,RF,0,0
309,1,RF,0,0
311,1,RF,0,0
316,1,RF,0,0
317,1,RF,0,0
323,1,RF,0,0
324,1,RF,0,0
330,1,RF,1,0
332,1,RF,0,0
337,1,RF,0,0
343,1,RF,0,0
353,1,RF,0,0
370,1,RF,0,0
376,1,RF,0,0
379,1,RF,0,0
381,1,RF,1,0
391,1,RF,0,0
397,1,RF,0,0
401,1,RF,0,0
408,1,RF,0,0
423,1,RF,0,0
424,1,RF,0,0
427,1,RF,0,0
431,1,RF,0,0
438,1,RF,0,0
443,1,RF,0,0
446,1,RF,0,0
448,1,RF,0,0
449,1,RF,0,0
452,1,RF,0,0
457,1,RF,0,0
464,1,RF,0,0
488,1,RF,0,0
511,1,RF,0,0
516,1,RF,0,0
528,1,RF,0,1
536,1,RF,0,0
552,1,RF,1,1
553,1,RF,0,0
566,1,RF,0,1
567,1,RF,1,1
568,1,RF,1,1
570,1,RF,0,0
574,1,RF,0,0
584,1,RF,0,0
585,1,RF,0,1
586,1,RF,0,0
600,1,RF,0,0
603,1,RF,0,0
617,1,RF,0,0
622,1,RF,0,0
636,1,RF,0,0
642,1,RF,0,0
645,1,RF,0,0
649,1,RF,0,0
655,1,RF,0,0
659,1,RF,1,1
662,1,RF,1,1
666,1,RF,0,0
685,1,RF,0,0
694,1,RF,0,0
695,1,RF,0,0
699,1,RF,0,0
704,1,RF,0,0
708,1,RF,0,0
711,1,RF,0,0
717,1,RF,0,0
721,1,RF,1,1
729,1,RF,0,1
730,1,RF,0,0
734,1,RF,0,0
737,1,RF,0,0
739,1,RF,0,0
744,1,RF,0,0
745,1,RF,0,0
751,1,RF,0,0
753,1,RF,0,0
758,1,RF,0,0
762,1,RF,0,0
772,1,RF,0,0
773,1,RF,0,0
774,1,RF,0,0
779,1,RF,0,0
780,1,RF,0,0
791,1,RF,1,1
798,1,RF,0,0
799,1,RF,1,1
805,1,RF,0,0
808,1,RF,0,0
819,1,RF,0,0
823,1,RF,0,0
827,1,RF,0,0
829,1,RF,0,0
833,1,RF,0,0
842,1,RF,0,0
843,1,RF,0,0
848,1,RF,0,0
854,1,RF,1,1
858,1,RF,0,0
859,1,RF,0,0
867,1,RF,0,0
870,1,RF,0,0
871,1,RF,0,0
872,1,RF,0,0
881,1,RF,0,0
900,1,RF,0,0
904,1,RF,0,0
905,1,RF,0,0
906,1,RF,0,0
912,1,RF,0,0
918,1,RF,0,0
936,1,RF,1,1
944,1,RF,0,0
946,1,RF,0,0
950,1,RF,0,0
961,1,RF,1,0
967,1,RF,0,0
978,1,RF,0,0
984,1,RF,0,0
986,1,RF,0,0
992,1,RF,0,0
995,1,RF,0,0
1000,1,RF,1,1
1009,1,RF,0,0
1041,1,RF,0,0
1042,1,RF,0,0
1049,1,RF,0,0
1053,1,RF,0,0
1068,1,RF,0,0
1071,1,RF,0,0
1079,1,RF,1,1
1083,1,RF,1,1
1084,1,RF,0,0
1086,1,RF,1,0
1087,1,RF,0,0
1090,1,RF,0,1
1091,1,RF,0,0
1092,1,RF,0,0
1095,1,RF,0,0
1096,1,RF,0,0
1102,1,RF,0,0
1106,1,RF,0,0
1112,1,RF,0,0
1123,1,RF,0,0
1143,1,RF,0,0
1146,1,RF,0,0
1150,1,RF,0,0
1157,1,RF,0,0
1165,1,RF,0,0
1166,1,RF,0,0
1172,1,RF,0,0
1174,1,RF,1,1
1182,1,RF,0,0
1183,1,RF,0,0
1189,1,RF,0,0
1196,1,RF,0,0
1200,1,RF,0,0
1212,1,RF,1,0
1213,1,RF,0,0
1217,1,RF,1,1
1220,1,RF,1,1
1221,1,RF,1,1
1222,1,RF,1,0
1228,1,RF,0,0
1234,1,RF,0,0
1236,1,RF,0,0
1238,1,RF,0,0
1246,1,RF,0,0
1249,1,RF,0,0
1253,1,RF,0,0
1254,1,RF,0,0
1259,1,RF,0,0
1262,1,RF,0,0
1272,1,RF,0,0
1282,1,RF,1,1
1284,1,RF,0,0
1290,1,RF,0,0
1293,1,RF,0,0
1296,1,RF,0,0
1297,1,RF,0,0
1302,1,RF,0,0
1304,1,RF,0,0
1307,1,RF,0,0
1311,1,RF,0,0
1313,1,RF,0,0
1319,1,RF,0,0
1320,1,RF,0,0
1325,1,RF,0,0
1330,1,RF,0,0
1344,1,RF,1,1
1345,1,RF,0,0
1347,1,RF,0,0
1349,1,RF,1,1
1350,1,RF,1,1
1356,1,RF,0,0
1359,1,RF,0,0
1371,1,RF,0,0
1375,1,RF,0,0
1376,1,RF,0,0
1381,1,RF,1,1
1383,1,RF,0,0
1385,1,RF,0,0
1389,1,RF,0,1
1399,1,RF,0,0
1405,1,RF,1,1
1406,1,RF,0,0
1414,1,RF,0,0
1417,1,RF,0,0
1418,1,RF,0,0
1419,1,RF,0,0
1422,1,RF,0,0
1437,1,RF,0,0
1444,1,RF,0,0
1459,1,RF,0,0
1473,1,RF,0,0
1482,1,RF,0,0
1487,1,RF,1,1
1492,1,RF,0,0
1493,1,RF,0,0
1494,1,RF,1,0
1495,1,RF,0,0
1498,1,RF,0,0
1506,1,RF,0,0
1510,1,RF,1,0
1511,1,RF,0,0
1520,1,RF,0,0
1530,1,RF,0,0
1536,1,RF,0,0
1537,1,RF,0,0
1541,1,RF,0,0
1543,1,RF,0,0
1548,1,RF,0,0
1550,1,RF,0,0
1555,1,RF,0,0
1557,1,RF,1,1
1562,1,RF,0,0
1571,1,RF,0,0
1580,1,RF,0,0
1587,1,RF,0,0
1588,1,RF,0,0
1590,1,RF,0,0
1591,1,RF,0,0
1593,1,RF,0,0
1596,1,RF,0,0
1602,1,RF,1,0
1606,1,RF,0,0
1608,1,RF,0,0
1609,1,RF,0,0
1611,1,RF,0,0
1632,1,RF,0,1
1647,1,RF,0,0
1651,1,RF,1,1
1654,1,RF,0,0
1658,1,RF,0,0
1669,1,RF,0,0
1671,1,RF,0,0
1674,1,RF,0,0
1682,1,RF,0,0
1686,1,RF,0,1
1688,1,RF,0,0
1689,1,RF,0,0
1691,1,RF,0,0
1700,1,RF,0,0
1716,1,RF,1,0
1718,1,RF,0,0
1724,1,RF,0,0
1726,1,RF,0,0
1727,1,RF,1,1
1746,1,RF,0,0
1747,1,RF,0,0
1751,1,RF,1,1
1752,1,RF,0,0
1757,1,RF,0,0
1760,1,RF,0,0
1761,1,RF,1,1
1771,1,RF,0,0
1775,1,RF,0,0
1776,1,RF,0,0
1777,1,RF,0,0
1783,1,RF,1,1
1785,1,RF,0,0
1789,1,RF,1,1
1793,1,RF,1,0
1794,1,RF,0,0
1804,1,RF,0,0
1806,1,RF,0,0
1814,1,RF,0,0
1817,1,RF,1,0
1821,1,RF,0,0
1822,1,RF,0,0
1824,1,RF,0,0
1825,1,RF,0,0
1828,1,RF,0,0
1832,1,RF,0,0
1841,1,RF,0,0
1848,1,RF,0,0
1849,1,RF,0,0
1855,1,RF,0,0
1864,1,RF,1,1
1868,1,RF,0,0
1873,1,RF,1,0
1881,1,RF,0,0
1891,1,RF,0,0
1893,1,RF,0,0
1900,1,RF,0,0
1901,1,RF,0,0
1903,1,RF,0,0
1909,1,RF,0,0
1910,1,RF,0,0
1912,1,RF,1,1
1924,1,RF,0,0
1937,1,RF,0,0
1938,1,RF,1,0
1939,1,RF,0,0
1940,1,RF,0,0
1944,1,RF,0,0
1956,1,RF,0,0
1957,1,RF,0,0
1961,1,RF,1,0
1962,1,RF,0,0
1966,1,RF,0,0
1969,1,RF,1,0
1980,1,RF,0,0
1985,1,RF,0,0
2014,1,RF,0,0
2018,1,RF,0,0
2027,1,RF,0,0
2030,1,RF,0,0
2032,1,RF,0,0
2040,1,RF,0,0
2042,1,RF,0,0
2053,1,RF,0,0
2057,1,RF,0,0
2070,1,RF,0,0
2072,1,RF,0,0
2073,1,RF,0,0
2075,1,RF,0,0
2078,1,RF,0,0
2083,1,RF,0,0
2090,1,RF,0,0
2092,1,RF,1,1
2094,1,RF,1,1
2097,1,RF,1,0
2098,1,RF,0,0
2100,1,RF,0,0
2102,1,RF,0,0
2109,1,RF,1,1
2115,1,RF,0,0
2118,1,RF,1,1
2119,1,RF,0,0
2123,1,RF,0,0
2124,1,RF,0,0
2129,1,RF,0,0
2130,1,RF,1,0
2132,1,RF,0,0
2141,1,RF,0,0
2151,1,RF,1,0
2161,1,RF,0,0
2164,1,RF,0,0
2167,1,RF,1,1
2170,1,RF,0,0
2177,1,RF,0,0
2188,1,RF,0,0
2192,1,RF,0,0
2194,1,RF,0,0
2198,1,RF,0,0
2202,1,RF,0,0
2206,1,RF,0,0
2207,1,RF,0,0
2215,1,RF,0,0
2217,1,RF,0,0
2221,1,RF,0,0
2230,1,RF,0,0
2232,1,RF,0,0
2233,1,RF,0,0
2236,1,RF,0,0
2237,1,RF,1,1
2250,1,RF,0,0
2253,1,RF,0,0
2257,1,RF,0,0
2272,1,RF,0,0
2273,1,RF,0,0
2275,1,RF,0,0
2284,1,RF,0,0
2285,1,RF,0,0
2286,1,RF,0,0
2288,1,RF,0,0
2289,1,RF,1,1
2293,1,RF,0,0
2295,1,RF,0,0
2297,1,RF,0,0
2302,1,RF,1,0
2306,1,RF,0,0
2313,1,RF,0,0
2314,1,RF,0,0
2317,1,RF,0,0
2319,1,RF,1,0
2322,1,RF,0,0
2324,1,RF,0,0
2328,1,RF,0,0
2331,1,RF,0,0
2332,1,RF,0,0
2334,1,RF,0,0
2337,1,RF,0,0
2346,1,RF,0,0
2351,1,RF,0,0
2356,1,RF,0,0
2359,1,RF,0,0
2366,1,RF,0,0
2370,1,RF,0,0
2377,1,RF,0,0
2387,1,RF,0,0
2390,1,RF,1,1
2394,1,RF,1,1
2402,1,RF,0,0
2405,1,RF,0,0
2415,1,RF,0,0
2418,1,RF,0,0
2419,1,RF,0,0
2424,1,RF,0,0
2429,1,RF,0,0
2442,1,RF,0,0
2443,1,RF,0,0
2448,1,RF,0,0
2456,1,RF,0,0
2463,1,RF,1,1
2464,1,RF,0,0
2478,1,RF,0,0
2484,1,RF,0,0
2485,1,RF,0,0
2487,1,RF,0,0
2489,1,RF,0,0
2492,1,RF,0,0
2497,1,RF,0,0
2502,1,RF,0,0
2510,1,RF,0,0
2511,1,RF,0,0
2522,1,RF,0,0
2532,1,RF,0,0
2540,1,RF,0,0
2541,1,RF,0,0
2543,1,RF,0,0
2553,1,RF,0,0
2560,1,RF,0,0
2562,1,RF,0,0
2566,1,RF,0,0
2567,1,RF,0,0
2569,1,RF,0,0
2575,1,RF,0,0
2577,1,RF,1,0
2579,1,RF,0,0
2580,1,RF,0,0
2593,1,RF,0,0
2598,1,RF,1,1
2602,1,RF,0,0
2611,1,RF,0,0
2630,1,RF,0,0
2633,1,RF,0,0
2646,1,RF,0,0
2662,1,RF,0,0
2676,1,RF,0,0
2677,1,RF,0,0
2679,1,RF,0,0
2683,1,RF,0,0
2686,1,RF,1,1
2688,1,RF,1,1
2702,1,RF,0,0
2715,1,RF,0,0
2716,1,RF,0,0
2719,1,RF,0,0
2723,1,RF,0,0
2729,1,RF,0,0
2733,1,RF,0,0
2738,1,RF,0,0
2747,1,RF,0,0
2748,1,RF,1,1
2750,1,RF,0,0
2753,1,RF,0,0
2758,1,RF,1,1
2775,1,RF,0,0
2779,1,RF,0,0
2780,1,RF,0,0
2798,1,RF,0,0
2799,1,RF,0,0
2809,1,RF,0,0
2814,1,RF,0,0
2827,1,RF,0,0
2831,1,RF,0,0
2832,1,RF,1,1
2835,1,RF,0,0
2839,1,RF,1,1
2843,1,RF,0,0
2844,1,RF,1,1
2850,1,RF,0,0
2853,1,RF,1,0
2861,1,RF,0,0
2865,1,RF,1,1
2867,1,RF,0,0
2869,1,RF,0,0
2872,1,RF,0,1
2883,1,RF,0,0
2884,1,RF,0,0
2889,1,RF,0,0
2890,1,RF,0,1
2891,1,RF,1,1
2896,1,RF,1,1
2897,1,RF,1,1
2900,1,RF,0,0
2903,1,RF,0,0
2906,1,RF,0,0
2910,1,RF,0,0
2911,1,RF,0,0
2913,1,RF,0,0
2915,1,RF,0,0
2922,1,RF,0,0
2923,1,RF,0,0
2925,1,RF,1,1
2929,1,RF,1,1
2932,1,RF,0,0
2937,1,RF,1,0
2938,1,RF,0,0
2945,1,RF,0,0
2949,1,RF,0,0
2950,1,RF,0,0
2959,1,RF,0,0
2961,1,RF,0,0
2962,1,RF,0,0
2985,1,RF,0,0
2997,1,RF,0,1
3003,1,RF,0,0
3004,1,RF,0,0
3009,1,RF,0,0
3014,1,RF,0,0
3015,1,RF,0,0
3017,1,RF,1,1
3018,1,RF,0,0
3024,1,RF,0,0
3027,1,RF,0,0
3033,1,RF,0,0
3040,1,RF,0,1
3046,1,RF,0,0
3053,1,RF,0,1
3060,1,RF,0,0
3064,1,RF,1,1
3068,1,RF,0,0
3071,1,RF,0,0
3079,1,RF,0,0
3082,1,RF,0,0
3086,1,RF,0,0
3091,1,RF,0,0
3092,1,RF,0,0
3101,1,RF,0,0
3103,1,RF,0,0
3104,1,RF,0,0
3105,1,RF,1,0
3118,1,RF,0,0
3122,1,RF,0,0
3123,1,RF,0,0
3124,1,RF,0,0
3139,1,RF,1,1
3147,1,RF,1,1
3154,1,RF,0,0
3158,1,RF,0,1
3161,1,RF,0,0
3162,1,RF,0,0
3164,1,RF,0,0
3165,1,RF,0,0
3167,1,RF,0,0
3174,1,RF,1,1
3182,1,RF,0,0
3186,1,RF,0,0
3187,1,RF,0,0
3188,1,RF,0,0
3190,1,RF,0,0
3196,1,RF,0,0
3197,1,RF,0,0
3198,1,RF,0,0
3210,1,RF,0,0
3211,1,RF,0,0
3213,1,RF,0,0
3215,1,RF,0,0
3219,1,RF,0,0
3228,1,RF,0,0
3229,1,RF,0,0
3238,1,RF,0,0
3239,1,RF,1,1
3240,1,RF,0,0
3245,1,RF,0,0
3258,1,RF,0,0
3262,1,RF,0,0
3264,1,RF,0,0
3268,1,RF,0,0
3271,1,RF,0,0
3273,1,RF,0,0
3281,1,RF,0,0
3287,1,RF,0,0
3288,1,RF,1,1
3289,1,RF,0,0
3305,1,RF,0,0
3309,1,RF,0,0
3310,1,RF,0,0
3324,1,RF,0,0
3337,1,RF,0,0
3342,1,RF,0,0
3345,1,RF,0,0
3348,1,RF,0,0
3349,1,RF,0,0
3350,1,RF,1,0
3353,1,RF,0,0
3355,1,RF,0,0
3363,1,RF,0,0
3364,1,RF,1,0
3365,1,RF,0,0
3368,1,RF,0,0
3370,1,RF,0,0
3372,1,RF,0,0
3378,1,RF,1,1
3388,1,RF,0,0
3393,1,RF,0,0
3398,1,RF,0,0
3401,1,RF,0,0
3405,1,RF,0,0
3407,1,RF,0,0
3420,1,RF,0,0
3421,1,RF,1,0
3426,1,RF,0,0
3433,1,RF,0,0
3441,1,RF,0,0
3448,1,RF,0,0
3450,1,RF,1,1
3457,1,RF,0,0
3460,1,RF,0,0
3464,1,RF,0,0
3465,1,RF,0,0
3466,1,RF,0,0
3480,1,RF,0,0
3488,1,RF,0,0
3494,1,RF,0,0
3496,1,RF,0,0
3498,1,RF,0,0
3504,1,RF,0,0
3505,1,RF,0,0
3512,1,RF,1,1
3521,1,RF,1,1
3523,1,RF,0,0
3527,1,RF,0,0
3528,1,RF,0,0
3533,1,RF,0,0
3537,1,RF,1,0
3539,1,RF,1,0
3541,1,RF,0,0
3544,1,RF,0,0
3546,1,RF,0,0
3549,1,RF,0,0
3551,1,RF,0,0
3554,1,RF,0,0
3556,1,RF,0,0
3565,1,RF,0,0
3576,1,RF,0,0
3577,1,RF,0,0
3585,1,RF,0,0
3594,1,RF,0,0
3599,1,RF,0,0
3602,1,RF,0,0
3603,1,RF,0,0
3607,1,RF,1,1
3609,1,RF,0,0
3610,1,RF,1,1
3614,1,RF,1,1
3618,1,RF,0,0
3620,1,RF,0,0
3630,1,RF,1,1
3631,1,RF,0,0
3642,1,RF,1,1
3648,1,RF,0,0
3658,1,RF,0,0
3659,1,RF,0,0
3662,1,RF,0,0
3665,1,RF,0,0
3675,1,RF,1,0
3677,1,RF,0,0
3704,1,RF,0,0
3710,1,RF,0,0
3711,1,RF,0,0
3712,1,RF,1,1
3713,1,RF,0,0
3725,1,RF,0,0
3736,1,RF,0,0
3746,1,RF,0,0
3751,1,RF,0,0
3757,1,RF,0,0
3760,1,RF,0,0
3761,1,RF,0,0
3767,1,RF,0,0
3776,1,RF,0,0
3778,1,RF,0,0
3787,1,RF,0,0
3788,1,RF,0,0
3794,1,RF,0,0
3797,1,RF,0,0
3803,1,RF,0,0
3804,1,RF,0,0
3807,1,RF,0,0
3810,1,RF,0,0
3818,1,RF,0,0
3847,1,RF,0,0
3858,1,RF,0,0
3861,1,RF,1,0
3865,1,RF,0,0
3867,1,RF,1,1
3873,1,RF,0,0
3878,1,RF,0,0
3886,1,RF,0,0
3888,1,RF,0,0
3890,1,RF,0,0
3895,1,RF,0,0
3900,1,RF,1,1
3902,1,RF,0,0
3907,1,RF,0,0
3911,1,RF,0,0
3918,1,RF,0,0
3920,1,RF,0,0
3925,1,RF,0,0
3932,1,RF,0,0
3937,1,RF,0,0
3942,1,RF,1,1
3944,1,RF,1,0
3948,1,RF,0,0
3963,1,RF,1,0
3964,1,RF,0,0
3966,1,RF,0,0
3970,1,RF,0,0
3972,1,RF,0,0
3976,1,RF,0,0
3979,1,RF,1,1
3981,1,RF,0,0
3982,1,RF,0,0
3984,1,RF,0,0
3999,1,RF,0,0
4000,1,RF,0,0
4003,1,RF,0,0
4027,1,RF,1,1
4030,1,RF,0,0
4031,1,RF,0,0
4034,1,RF,0,0
4040,1,RF,0,0
4046,1,RF,0,0
4049,1,RF,0,0
4054,1,RF,0,1
4063,1,RF,0,0
4071,1,RF,0,0
4072,1,RF,0,0
4078,1,RF,1,1
4087,1,RF,0,0
4088,1,RF,0,0
4098,1,RF,0,0
4106,1,RF,0,0
4108,1,RF,0,0
4110,1,RF,0,0
4115,1,RF,0,0
4116,1,RF,0,0
4121,1,RF,0,0
4133,1,RF,0,0
4140,1,RF,1,1
4147,1,RF,0,0
4148,1,RF,0,0
4151,1,RF,0,0
4153,1,RF,0,0
4157,1,RF,0,1
4158,1,RF,0,0
4162,1,RF,0,0
4163,1,RF,0,0
4174,1,RF,0,0
4185,1,RF,0,0
4187,1,RF,0,0
4189,1,RF,0,0
4190,1,RF,0,0
4195,1,RF,0,0
4202,1,RF,0,0
4205,1,RF,0,0
4214,1,RF,0,0
4215,1,RF,1,1
4221,1,RF,1,1
4234,1,RF,0,0
4235,1,RF,0,0
4237,1,RF,0,0
4241,1,RF,0,0
4243,1,RF,0,0
4245,1,RF,0,0
4246,1,RF,1,0
4253,1,RF,0,0
4259,1,RF,0,0
4263,1,RF,0,0
4266,1,RF,0,0
4271,1,RF,0,0
4274,1,RF,1,1
4280,1,RF,0,0
4284,1,RF,1,1
4288,1,RF,0,0
4292,1,RF,0,0
4302,1,RF,0,0
4304,1,RF,0,0
4307,1,RF,0,0
4312,1,RF,0,0
4317,1,RF,0,0
4324,1,RF,0,0
4333,1,RF,0,0
4335,1,RF,0,0
4340,1,RF,0,0
4341,1,RF,0,0
4353,1,RF,0,0
4357,1,RF,0,0
4378,1,RF,0,0
4382,1,RF,0,0
4385,1,RF,0,0
4390,1,RF,0,0
4393,1,RF,0,0
4394,1,RF,0,0
4409,1,RF,0,0
4415,1,RF,0,0
4429,1,RF,0,0
4435,1,RF,1,1
4438,1,RF,0,0
4442,1,RF,0,0
4447,1,RF,0,0
4448,1,RF,0,0
4456,1,RF,0,0
4459,1,RF,0,0
4470,1,RF,0,0
4479,1,RF,0,0
4481,1,RF,0,0
4486,1,RF,1,1
4490,1,RF,0,0
4498,1,RF,0,0
4500,1,RF,0,0
4520,1,RF,0,0
4526,1,RF,0,0
4531,1,RF,0,0
4535,1,RF,0,0
4539,1,RF,1,1
4540,1,RF,0,0
4554,1,RF,0,0
4559,1,RF,0,0
4567,1,RF,0,0
4573,1,RF,0,0
4588,1,RF,0,0
4589,1,RF,0,0
4591,1,RF,0,0
4592,1,RF,0,0
4595,1,RF,0,0
4610,1,RF,0,0
4613,1,RF,0,0
4622,1,RF,0,0
4625,1,RF,0,1
4630,1,RF,1,0
4638,1,RF,0,0
4639,1,RF,0,0
4642,1,RF,0,0
4650,1,RF,0,0
4654,1,RF,0,0
4659,1,RF,0,0
4670,1,RF,0,0
4673,1,RF,0,0
4686,1,RF,0,0
4693,1,RF,0,0
4694,1,RF,0,0
4699,1,RF,1,0
4707,1,RF,0,0
4712,1,RF,0,0
4716,1,RF,0,0
4727,1,RF,0,0
4732,1,RF,0,0
4733,1,RF,0,0
4735,1,RF,0,0
4741,1,RF,0,0
4755,1,RF,0,0
4762,1,RF,1,0
4763,1,RF,0,0
4766,1,RF,0,0
4768,1,RF,0,0
4774,1,RF,0,0
4784,1,RF,0,0
4792,1,RF,0,0
4794,1,RF,0,0
4795,1,RF,0,0
4799,1,RF,0,0
4800,1,RF,0,0
4806,1,RF,1,1
4811,1,RF,0,0
4822,1,RF,0,0
4824,1,RF,1,1
4827,1,RF,0,0
4828,1,RF,0,0
4831,1,RF,0,0
4832,1,RF,0,0
4834,1,RF,0,0
4847,1,RF,0,0
4849,1,RF,0,0
4860,1,RF,0,0
4861,1,RF,0,0
4866,1,RF,0,0
4870,1,RF,0,0
4873,1,RF,0,0
4880,1,RF,0,0
4888,1,RF,0,0
4904,1,RF,1,1
4910,1,RF,0,0
4935,1,RF,0,0
4937,1,RF,0,0
4938,1,RF,0,0
4939,1,RF,0,0
4943,1,RF,0,0
4944,1,RF,1,1
4959,1,RF,0,0
4960,1,RF,0,0
4963,1,RF,1,0
4967,1,RF,1,0
4974,1,RF,0,0
4979,1,RF,0,0
4991,1,RF,0,0
4994,1,RF,0,0
4996,1,RF,0,0
5009,1,RF,0,0
5013,1,RF,1,1
5019,1,RF,0,0
5021,1,RF,0,0
5033,1,RF,0,0
5035,1,RF,0,0
5036,1,RF,0,0
5040,1,RF,0,1
5041,1,RF,0,0
5044,1,RF,0,0
5047,1,RF,0,0
5049,1,RF,0,0
5050,1,RF,0,0
5053,1,RF,0,0
5055,1,RF,0,0
5056,1,RF,0,0
5057,1,RF,0,0
5063,1,RF,0,0
5067,1,RF,0,0
5068,1,RF,0,0
5069,1,RF,0,0
5075,1,RF,0,0
5077,1,RF,1,1
5078,1,RF,0,0
5080,1,RF,0,0
5081,1,RF,0,0
5082,1,RF,0,0
5084,1,RF,0,0
5087,1,RF,1,1
5091,1,RF,0,0
5095,1,RF,0,0
5097,1,RF,1,0
5098,1,RF,0,0
5102,1,RF,0,0
5112,1,RF,0,0
5117,1,RF,0,0
5123,1,RF,0,0
5125,1,RF,0,0
5130,1,RF,0,0
5137,1,RF,0,0
5142,1,RF,0,0
5147,1,RF,0,0
5154,1,RF,0,0
5155,1,RF,0,0
5162,1,RF,0,0
5176,1,RF,0,0
5180,1,RF,0,0
5186,1,RF,0,0
5195,1,RF,0,0
5200,1,RF,0,0
5209,1,RF,0,0
5214,1,RF,0,0
5216,1,RF,0,0
5220,1,RF,1,1
5225,1,RF,0,0
5233,1,RF,0,0
5242,1,RF,0,0
5246,1,RF,0,0
5257,1,RF,0,0
5266,1,RF,0,0
5267,1,RF,0,0
5269,1,RF,0,0
5271,1,RF,0,0
5275,1,RF,0,0
5279,1,RF,0,0
5282,1,RF,1,1
5284,1,RF,0,0
5289,1,RF,0,0
5293,1,RF,0,0
5294,1,RF,0,0
5296,1,RF,0,0
5299,1,RF,0,0
5307,1,RF,0,0
5311,1,RF,1,1
5314,1,RF,0,0
5319,1,RF,0,0
5325,1,RF,0,0
5334,1,RF,0,0
5339,1,RF,0,0
5346,1,RF,0,0
5353,1,RF,0,0
5358,1,RF,0,0
5361,1,RF,0,0
5362,1,RF,1,1
5363,1,RF,0,0
5367,1,RF,0,0
5371,1,RF,0,0
5374,1,RF,1,1
5380,1,RF,0,0
5381,1,RF,0,0
5387,1,RF,0,0
5390,1,RF,0,0
5393,1,RF,0,0
5395,1,RF,0,0
5403,1,RF,0,0
5405,1,RF,1,0
5406,1,RF,0,0
5407,1,RF,0,0
5409,1,RF,1,1
5428,1,RF,0,0
5439,1,RF,0,0
5440,1,RF,0,0
5446,1,RF,0,0
5452,1,RF,0,0
5453,1,RF,0,0
5456,1,RF,1,1
5459,1,RF,0,0
5470,1,RF,0,0
5471,1,RF,0,0
5473,1,RF,0,0
5474,1,RF,0,0
5476,1,RF,0,0
5482,1,RF,0,0
5484,1,RF,0,0
5485,1,RF,0,0
5487,1,RF,0,0
5495,1,RF,0,0
5499,1,RF,0,1
5503,1,RF,0,0
5505,1,RF,0,0
5512,1,RF,0,0
5522,1,RF,0,0
5527,1,RF,0,0
5531,1,RF,1,1
5534,1,RF,0,0
5536,1,RF,0,1
5538,1,RF,0,0
5543,1,RF,0,0
5554,1,RF,0,0
5559,1,RF,0,0
5567,1,RF,0,0
5574,1,RF,0,0
5577,1,RF,1,1
5591,1,RF,0,0
5612,1,RF,0,0
5622,1,RF,0,0
5623,1,RF,0,0
5624,1,RF,0,0
5632,1,RF,0,0
5633,1,RF,0,0
5637,1,RF,0,0
5647,1,RF,0,0
5648,1,RF,0,0
5654,1,RF,0,0
5656,1,RF,1,1
5657,1,RF,1,1
5660,1,RF,0,0
5668,1,RF,0,0
5669,1,RF,0,0
5671,1,RF,0,0
5677,1,RF,0,0
5685,1,RF,0,0
5691,1,RF,0,0
5698,1,RF,0,0
5699,1,RF,0,0
5701,1,RF,0,0
5712,1,RF,0,0
5714,1,RF,0,0
5717,1,RF,0,0
5721,1,RF,1,1
5725,1,RF,0,0
5727,1,RF,0,0
5733,1,RF,0,0
5734,1,RF,0,0
5740,1,RF,0,0
5751,1,RF,0,0
5752,1,RF,0,0
5758,1,RF,0,0
5762,1,RF,0,0
5763,1,RF,0,0
5766,1,RF,0,0
5768,1,RF,0,0
5778,1,RF,0,0
5785,1,RF,0,0
5787,1,RF,0,0
5790,1,RF,0,0
5796,1,RF,0,0
5799,1,RF,0,0
5813,1,RF,0,0
5820,1,RF,1,0
5837,1,RF,0,0
5838,1,RF,0,0
5846,1,RF,0,0
5851,1,RF,1,1
5853,1,RF,0,0
5856,1,RF,1,1
5864,1,RF,0,0
5867,1,RF,1,1
5872,1,RF,0,0
5876,1,RF,0,0
5881,1,RF,0,0
5886,1,RF,0,0
5890,1,RF,0,0
5895,1,RF,0,0
5898,1,RF,0,0
5901,1,RF,0,0
5904,1,RF,0,0
5909,1,RF,0,0
5916,1,RF,0,0
5929,1,RF,0,0
5931,1,RF,0,0
5932,1,RF,0,0
5933,1,RF,0,0
5936,1,RF,0,0
5960,1,RF,0,0
5966,1,RF,0,0
5971,1,RF,0,0
5982,1,RF,0,0
5983,1,RF,0,0
5986,1,RF,0,0
5988,1,RF,0,0
5991,1,RF,0,0
5994,1,RF,0,0
5995,1,RF,0,0
5998,1,RF,0,1
6001,1,RF,0,0
6002,1,RF,1,1
6007,1,RF,0,0
6033,1,RF,1,0
6045,1,RF,0,0
6048,1,RF,0,0
6058,1,RF,0,0
6061,1,RF,0,0
6062,1,RF,0,0
6066,1,RF,0,0
6078,1,RF,0,0
6084,1,RF,1,1
6086,1,RF,0,0
6088,1,RF,0,0
6090,1,RF,0,0
6091,1,RF,1,1
6092,1,RF,0,0
6096,1,RF,0,0
6099,1,RF,0,0
6100,1,RF,0,0
6115,1,RF,0,0
6118,1,RF,0,0
6119,1,RF,1,1
6120,1,RF,0,0
6124,1,RF,0,0
6125,1,RF,0,0
6126,1,RF,0,0
6127,1,RF,0,0
6128,1,RF,0,0
6130,1,RF,1,1
6131,1,RF,0,0
6132,1,RF,0,0
6155,1,RF,0,0
6160,1,RF,1,1
6162,1,RF,0,0
6163,1,RF,0,0
6164,1,RF,1,1
6178,1,RF,0,0
6179,1,RF,0,0
6182,1,RF,0,0
6187,1,RF,0,0
6196,1,RF,0,0
6198,1,RF,0,0
6205,1,RF,0,0
6208,1,RF,0,0
6210,1,RF,0,0
6223,1,RF,0,0
6226,1,RF,0,0
6231,1,RF,0,1
6235,1,RF,0,0
6237,1,RF,0,0
6238,1,RF,0,1
6246,1,RF,0,0
6254,1,RF,0,0
6257,1,RF,1,1
6259,1,RF,1,1
6267,1,RF,0,0
6269,1,RF,1,1
6278,1,RF,0,0
6307,1,RF,0,0
6308,1,RF,0,0
6314,1,RF,0,0
6319,1,RF,0,0
6320,1,RF,0,0
6323,1,RF,0,0
6327,1,RF,1,1
6328,1,RF,0,0
6335,1,RF,0,0
6339,1,RF,1,1
6358,1,RF,0,0
6369,1,RF,0,0
6391,1,RF,0,0
6394,1,RF,0,0
6395,1,RF,1,1
6396,1,RF,0,0
6398,1,RF,1,1
6404,1,RF,0,0
6411,1,RF,0,0
6412,1,RF,0,0
6414,1,RF,0,0
6415,1,RF,0,0
6423,1,RF,0,0
6425,1,RF,0,1
6432,1,RF,0,0
6437,1,RF,0,0
6438,1,RF,0,0
6447,1,RF,1,1
6450,1,RF,0,0
6452,1,RF,0,0
6456,1,RF,0,0
6460,1,RF,0,0
6475,1,RF,0,0
6477,1,RF,0,0
6480,1,RF,0,0
6486,1,RF,0,0
6487,1,RF,1,1
6488,1,RF,0,0
6491,1,RF,1,1
6496,1,RF,1,0
6501,1,RF,0,0
6503,1,RF,0,0
6510,1,RF,0,0
6517,1,RF,0,0
6518,1,RF,0,0
6522,1,RF,0,0
6529,1,RF,0,0
6544,1,RF,0,0
6545,1,RF,0,0
6547,1,RF,0,0
6551,1,RF,0,0
6555,1,RF,0,0
6556,1,RF,0,0
6565,1,RF,0,0
6573,1,RF,0,1
6581,1,RF,1,0
6583,1,RF,0,0
6591,1,RF,0,0
6598,1,RF,0,0
6601,1,RF,0,0
6605,1,RF,0,0
6607,1,RF,0,0
6624,1,RF,0,0
6630,1,RF,0,0
6632,1,RF,0,0
6638,1,RF,1,1
6640,1,RF,0,0
6641,1,RF,0,0
6643,1,RF,0,0
6647,1,RF,0,0
6655,1,RF,0,0
6656,1,RF,0,0
6657,1,RF,0,0
6667,1,RF,0,0
6675,1,RF,0,1
6676,1,RF,0,0
6687,1,RF,0,0
6688,1,RF,0,0
6693,1,RF,0,0
6702,1,RF,0,0
6708,1,RF,1,0
6709,1,RF,0,0
6715,1,RF,0,0
6717,1,RF,0,0
6722,1,RF,0,0
6730,1,RF,0,0
6731,1,RF,0,0
6732,1,RF,0,0
6737,1,RF,0,0
6739,1,RF,0,0
6741,1,RF,1,1
6743,1,RF,0,0
6744,1,RF,0,0
6745,1,RF,1,1
6750,1,RF,0,0
6753,1,RF,0,0
6766,1,RF,1,0
6772,1,RF,0,0
6773,1,RF,0,0
6787,1,RF,0,0
6799,1,RF,0,0
6806,1,RF,0,0
6811,1,RF,0,0
6819,1,RF,0,0
6821,1,RF,0,0
6828,1,RF,0,0
6833,1,RF,0,0
6835,1,RF,0,0
6852,1,RF,0,0
6857,1,RF,1,1
6860,1,RF,0,0
6867,1,RF,0,0
6870,1,RF,0,0
6872,1,RF,0,0
6879,1,RF,0,0
6885,1,RF,0,0
6896,1,RF,0,0
6899,1,RF,1,1
6905,1,RF,1,1
6910,1,RF,1,0
6912,1,RF,0,0
6915,1,RF,0,0
6919,1,RF,0,0
6924,1,RF,0,0
6928,1,RF,0,0
6933,1,RF,0,0
6936,1,RF,1,1
6937,1,RF,0,0
6939,1,RF,1,0
6940,1,RF,0,0
6941,1,RF,0,0
6958,1,RF,0,0
6966,1,RF,0,0
6973,1,RF,0,0
6974,1,RF,0,0
6979,1,RF,0,0
6980,1,RF,1,1
6983,1,RF,0,0
6992,1,RF,0,0
6996,1,RF,0,0
7008,1,RF,0,0
7010,1,RF,0,0
7035,1,RF,0,0
7037,1,RF,0,0
7038,1,RF,0,0
7039,1,RF,0,0
7041,1,RF,0,0
7046,1,RF,0,0
7068,1,RF,1,1
7073,1,RF,0,0
7084,1,RF,0,0
7090,1,RF,0,0
7095,1,RF,0,0
7103,1,RF,0,0
7106,1,RF,0,0
7108,1,RF,0,0
7112,1,RF,0,0
7114,1,RF,0,0
7121,1,RF,0,0
7126,1,RF,0,0
7128,1,RF,0,0
7129,1,RF,0,0
7133,1,RF,0,0
7141,1,RF,1,0
7149,1,RF,0,0
7154,1,RF,1,0
7156,1,RF,1,1
7162,1,RF,0,0
7171,1,RF,0,0
7179,1,RF,0,0
7180,1,RF,0,0
7185,1,RF,0,0
7189,1,RF,1,1
7191,1,RF,0,0
7199,1,RF,0,0
7200,1,RF,1,1
7205,1,RF,0,0
7206,1,RF,0,0
7209,1,RF,0,0
7217,1,RF,0,0
7222,1,RF,0,0
7225,1,RF,0,0
7230,1,RF,0,0
7233,1,RF,0,0
7243,1,RF,0,0
7253,1,RF,0,0
7258,1,RF,0,0
7263,1,RF,0,0
7264,1,RF,0,0
7265,1,RF,0,0
7271,1,RF,0,0
7272,1,RF,0,0
7280,1,RF,1,1
7289,1,RF,0,0
7294,1,RF,0,0
7310,1,RF,1,0
7319,1,RF,0,0
7324,1,RF,0,0
7326,1,RF,0,0
7333,1,RF,0,0
7335,1,RF,0,0
7340,1,RF,1,1
7341,1,RF,0,0
7344,1,RF,0,0
7345,1,RF,0,0
7347,1,RF,0,0
7358,1,RF,1,1
7371,1,RF,0,0
7376,1,RF,1,1
7380,1,RF,0,0
7381,1,RF,1,1
7387,1,RF,0,0
7388,1,RF,1,1
7392,1,RF,0,0
7398,1,RF,1,0
7406,1,RF,1,1
7420,1,RF,1,1
7424,1,RF,0,0
7425,1,RF,1,1
7428,1,RF,0,0
7430,1,RF,0,0
7431,1,RF,0,0
7433,1,RF,0,0
7435,1,RF,1,1
7437,1,RF,0,0
7446,1,RF,0,0
7453,1,RF,0,0
7456,1,RF,0,0
7460,1,RF,0,1
7464,1,RF,1,1
7466,1,RF,0,0
7473,1,RF,0,0
7474,1,RF,0,0
7478,1,RF,0,0
7479,1,RF,0,0
7481,1,RF,0,0
7485,1,RF,0,0
7492,1,RF,0,0
7495,1,RF,0,0
7507,1,RF,0,0
7508,1,RF,0,0
7511,1,RF,0,0
7515,1,RF,0,0
7516,1,RF,0,0
7518,1,RF,1,1
7521,1,RF,0,0
7525,1,RF,0,0
7526,1,RF,0,0
7532,1,RF,0,0
7546,1,RF,0,0
7554,1,RF,0,0
7562,1,RF,1,1
7568,1,RF,0,1
7570,1,RF,0,0
7579,1,RF,1,1
7583,1,RF,0,0
7592,1,RF,0,0
7603,1,RF,0,0
7605,1,RF,0,0
7606,1,RF,0,0
7609,1,RF,0,0
7614,1,RF,0,0
7617,1,RF,0,0
7623,1,RF,0,0
7631,1,RF,0,0
7632,1,RF,0,0
7633,1,RF,0,0
7651,1,RF,0,0
7657,1,RF,0,0
7663,1,RF,0,0
7667,1,RF,0,0
7669,1,RF,0,0
7675,1,RF,0,0
7676,1,RF,0,0
7677,1,RF,1,1
7683,1,RF,1,1
7691,1,RF,0,0
7692,1,RF,0,0
7697,1,RF,0,0
7698,1,RF,0,0
7701,1,RF,0,0
7704,1,RF,0,0
7712,1,RF,0,0
7715,1,RF,0,0
7716,1,RF,0,0
7721,1,RF,0,0
7722,1,RF,0,0
7724,1,RF,0,0
7728,1,RF,0,0
7730,1,RF,0,0
7736,1,RF,0,0
7748,1,RF,0,0
7749,1,RF,0,0
7751,1,RF,0,0
7753,1,RF,0,0
7757,1,RF,0,0
7760,1,RF,0,0
7765,1,RF,1,1
7779,1,RF,0,0
7786,1,RF,0,0
7791,1,RF,0,0
7796,1,RF,0,0
7808,1,RF,0,0
7809,1,RF,1,0
7815,1,RF,0,0
7816,1,RF,1,1
7820,1,RF,0,0
7836,1,RF,0,0
7844,1,RF,0,0
7846,1,RF,0,0
7848,1,RF,0,0
7855,1,RF,0,0
7858,1,RF,0,0
7863,1,RF,1,0
7864,1,RF,0,0
7865,1,RF,0,0
7866,1,RF,0,0
7867,1,RF,0,0
7871,1,RF,0,0
7875,1,RF,0,0
7878,1,RF,1,1
7884,1,RF,0,0
7888,1,RF,0,0
7894,1,RF,0,0
7895,1,RF,0,0
7896,1,RF,0,0
7898,1,RF,0,0
7908,1,RF,0,1
7909,1,RF,0,0
7917,1,RF,0,0
7928,1,RF,0,0
7929,1,RF,0,0
7931,1,RF,0,0
7935,1,RF,1,1
7937,1,RF,0,0
7938,1,RF,0,0
7946,1,RF,0,0
7955,1,RF,0,0
7960,1,RF,0,0
7962,1,RF,0,0
7969,1,RF,0,0
7976,1,RF,0,0
7980,1,RF,1,1
7981,1,RF,0,0
7983,1,RF,0,0
7993,1,RF,0,0
7996,1,RF,0,0
8002,1,RF,0,1
8003,1,RF,0,0
8006,1,RF,0,0
8007,1,RF,0,0
8008,1,RF,0,0
8027,1,RF,0,0
8031,1,RF,0,0
8032,1,RF,0,0
8035,1,RF,0,0
8041,1,RF,0,0
8042,1,RF,0,0
8053,1,RF,1,1
8055,1,RF,0,0
8061,1,RF,0,0
8082,1,RF,0,0
8086,1,RF,0,0
8099,1,RF,0,0
8103,1,RF,0,0
8105,1,RF,0,0
8114,1,RF,0,0
8116,1,RF,0,0
8121,1,RF,0,0
8123,1,RF,0,0
8127,1,RF,0,0
8128,1,RF,0,0
8131,1,RF,0,0
8146,1,RF,0,0
8155,1,RF,0,0
8159,1,RF,0,0
8163,1,RF,0,0
8172,1,RF,1,1
8181,1,RF,0,0
8188,1,RF,0,0
8190,1,RF,1,1
8191,1,RF,0,0
8194,1,RF,0,0
8199,1,RF,0,0
8200,1,RF,0,0
8201,1,RF,0,0
8202,1,RF,0,0
8207,1,RF,0,0
8214,1,RF,0,0
8222,1,RF,0,0
8224,1,RF,0,0
8229,1,RF,0,0
8230,1,RF,0,0
8233,1,RF,0,0
8239,1,RF,0,1
8243,1,RF,0,0
8249,1,RF,0,0
8254,1,RF,0,0
8257,1,RF,0,0
8264,1,RF,0,1
8268,1,RF,0,0
8272,1,RF,0,0
8276,1,RF,0,0
8288,1,RF,0,0
8289,1,RF,0,0
8290,1,RF,0,0
8292,1,RF,0,0
8297,1,RF,1,1
8299,1,RF,0,0
8301,1,RF,0,0
8303,1,RF,0,0
8311,1,RF,0,0
8316,1,RF,0,0
8318,1,RF,1,1
8319,1,RF,0,0
8320,1,RF,0,0
8321,1,RF,0,0
8323,1,RF,0,0
8324,1,RF,0,0
8331,1,RF,0,0
8343,1,RF,0,0
8352,1,RF,0,0
8358,1,RF,0,0
8382,1,RF,0,0
8383,1,RF,1,1
8386,1,RF,0,0
8394,1,RF,0,0
8395,1,RF,0,0
8397,1,RF,0,0
8405,1,RF,0,0
8408,1,RF,0,0
8416,1,RF,0,0
8429,1,RF,0,0
8435,1,RF,1,1
8440,1,RF,0,0
8446,1,RF,0,0
8452,1,RF,0,0
8455,1,RF,0,0
8457,1,RF,0,0
8465,1,RF,0,0
8466,1,RF,0,0
8471,1,RF,0,0
8472,1,RF,1,1
8481,1,RF,0,0
8486,1,RF,0,0
8489,1,RF,0,0
8500,1,RF,1,1
8501,1,RF,0,0
8507,1,RF,0,0
8513,1,RF,0,0
8519,1,RF,0,0
8527,1,RF,0,0
8530,1,RF,0,0
8534,1,RF,1,0
8536,1,RF,0,0
8547,1,RF,0,0
8568,1,RF,0,0
8572,1,RF,0,0
8575,1,RF,0,0
8576,1,RF,0,0
8578,1,RF,1,1
8581,1,RF,0,0
8586,1,RF,1,1
8593,1,RF,0,0
8596,1,RF,1,1
8601,1,RF,0,0
8611,1,RF,0,0
8613,1,RF,0,1
8626,1,RF,1,1
8627,1,RF,0,1
8643,1,RF,0,0
8644,1,RF,0,0
8650,1,RF,0,0
8653,1,RF,0,1
8656,1,RF,0,0
8657,1,RF,0,0
8693,1,RF,0,0
8700,1,RF,0,0
8708,1,RF,0,0
8711,1,RF,0,1
8712,1,RF,1,0
8718,1,RF,0,0
8722,1,RF,0,0
8734,1,RF,1,1
8750,1,RF,0,0
8755,1,RF,0,0
8777,1,RF,0,0
8780,1,RF,0,0
8783,1,RF,0,0
8790,1,RF,0,0
8797,1,RF,0,0
8799,1,RF,0,0
8829,1,RF,0,0
8834,1,RF,0,0
8836,1,RF,0,0
8840,1,RF,0,0
8850,1,RF,1,1
8860,1,RF,0,0
8871,1,RF,0,0
8872,1,RF,0,0
8875,1,RF,0,0
8876,1,RF,1,1
8877,1,RF,0,0
8880,1,RF,0,0
8882,1,RF,0,0
8889,1,RF,0,0
8893,1,RF,0,0
8894,1,RF,0,0
8898,1,RF,0,0
8899,1,RF,0,0
8902,1,RF,0,0
8904,1,RF,0,1
8909,1,RF,0,0
8910,1,RF,0,0
8918,1,RF,0,0
8921,1,RF,0,0
8922,1,RF,0,0
8925,1,RF,0,0
8928,1,RF,1,0
8930,1,RF,0,0
8934,1,RF,0,0
8940,1,RF,0,0
8959,1,RF,0,0
8960,1,RF,0,0
8964,1,RF,0,0
8966,1,RF,0,0
8976,1,RF,1,1
8978,1,RF,0,0
8987,1,RF,0,0
8989,1,RF,1,1
8993,1,RF,0,0
8994,1,RF,0,0
8996,1,RF,0,0
9011,1,RF,0,0
9014,1,RF,0,0
9015,1,RF,0,0
9018,1,RF,0,0
9029,1,RF,0,0
9042,1,RF,1,1
9047,1,RF,0,0
9049,1,RF,0,1
9058,1,RF,0,0
9062,1,RF,0,0
9069,1,RF,0,0
9072,1,RF,0,0
9075,1,RF,1,1
9079,1,RF,0,0
9083,1,RF,0,0
9089,1,RF,0,0
9092,1,RF,1,1
9093,1,RF,0,0
9095,1,RF,0,0
9102,1,RF,0,0
9107,1,RF,0,0
9116,1,RF,0,0
9117,1,RF,0,0
9125,1,RF,0,0
9128,1,RF,0,0
9130,1,RF,0,0
9134,1,RF,0,0
9137,1,RF,0,0
9143,1,RF,0,0
9144,1,RF,0,0
9147,1,RF,0,0
9150,1,RF,0,0
9151,1,RF,0,0
9164,1,RF,0,0
9168,1,RF,0,0
9170,1,RF,0,0
9172,1,RF,0,0
9183,1,RF,1,1
9184,1,RF,0,0
9185,1,RF,0,0
9187,1,RF,0,0
9199,1,RF,0,0
9200,1,RF,0,0
9202,1,RF,0,0
9212,1,RF,0,0
9217,1,RF,0,0
9227,1,RF,0,0
9239,1,RF,0,0
9240,1,RF,0,0
9242,1,RF,0,0
9246,1,RF,0,0
9250,1,RF,0,0
9258,1,RF,0,0
9260,1,RF,0,0
9261,1,RF,0,0
9267,1,RF,0,0
9271,1,RF,1,1
9274,1,RF,1,1
9281,1,RF,0,0
9284,1,RF,0,0
9286,1,RF,0,0
9289,1,RF,0,0
9290,1,RF,0,0
9291,1,RF,0,0
9297,1,RF,1,1
9298,1,RF,0,0
9302,1,RF,0,0
9313,1,RF,1,0
9314,1,RF,0,0
9316,1,RF,0,0
9324,1,RF,0,0
9330,1,RF,0,0
9332,1,RF,0,0
9333,1,RF,0,0
9335,1,RF,1,1
9336,1,RF,0,0
9338,1,RF,0,0
9339,1,RF,0,0
9344,1,RF,0,0
9350,1,RF,1,1
9354,1,RF,0,0
9357,1,RF,0,0
9358,1,RF,0,0
9359,1,RF,0,0
9364,1,RF,0,0
9367,1,RF,0,0
9368,1,RF,0,0
9391,1,RF,0,0
9397,1,RF,0,0
9398,1,RF,0,0
9405,1,RF,0,0
9408,1,RF,0,0
9410,1,RF,0,0
9418,1,RF,0,0
9420,1,RF,0,0
9422,1,RF,0,0
9423,1,RF,0,0
9432,1,RF,0,0
9434,1,RF,0,0
9437,1,RF,0,0
9438,1,RF,0,0
9447,1,RF,0,0
9451,1,RF,0,0
9453,1,RF,0,0
9461,1,RF,1,1
9465,1,RF,0,0
9474,1,RF,0,0
9486,1,RF,1,0
9491,1,RF,0,0
9494,1,RF,1,1
9495,1,RF,0,0
9503,1,RF,0,0
9505,1,RF,0,0
9511,1,RF,0,0
9513,1,RF,0,0
9517,1,RF,0,0
9521,1,RF,0,0
9524,1,RF,0,0
9526,1,RF,0,1
9527,1,RF,0,0
9533,1,RF,0,0
9542,1,RF,0,0
9544,1,RF,0,0
9547,1,RF,0,0
9552,1,RF,0,0
9554,1,RF,0,0
9556,1,RF,0,0
9557,1,RF,0,0
9561,1,RF,0,0
9566,1,RF,0,0
9567,1,RF,0,0
9576,1,RF,0,0
9582,1,RF,1,1
9588,1,RF,1,1
9597,1,RF,0,0
9606,1,RF,0,0
9611,1,RF,0,0
9612,1,RF,0,0
9613,1,RF,0,0
9618,1,RF,0,0
9620,1,RF,0,0
9637,1,RF,0,0
9644,1,RF,0,0
9653,1,RF,0,0
9655,1,RF,0,0
9660,1,RF,0,0
9662,1,RF,0,0
9675,1,RF,0,0
9687,1,RF,0,0
9688,1,RF,0,0
9689,1,RF,0,0
9690,1,RF,0,0
9691,1,RF,0,0
9708,1,RF,0,0
9709,1,RF,0,0
9714,1,RF,0,0
9720,1,RF,0,0
9723,1,RF,0,0
9726,1,RF,0,0
9727,1,RF,0,0
9745,1,RF,0,0
9746,1,RF,0,0
9752,1,RF,1,1
9757,1,RF,0,0
9759,1,RF,1,0
9769,1,RF,1,0
9771,1,RF,0,0
9787,1,RF,0,0
9793,1,RF,0,1
9800,1,RF,0,0
9801,1,RF,0,0
9807,1,RF,0,0
9812,1,RF,0,0
9813,1,RF,0,0
9816,1,RF,0,0
9817,1,RF,0,0
9828,1,RF,0,0
9831,1,RF,0,0
9836,1,RF,0,0
9840,1,RF,0,0
9855,1,RF,0,0
9856,1,RF,0,0
9857,1,RF,0,0
9859,1,RF,0,0
9865,1,RF,0,0
9872,1,RF,0,0
9876,1,RF,0,0
9880,1,RF,0,0
9893,1,RF,0,0
9909,1,RF,1,0
9911,1,RF,0,0
9912,1,RF,0,0
9917,1,RF,0,0
9920,1,RF,0,0
9937,1,RF,0,0
9939,1,RF,0,0
9943,1,RF,0,0
9953,1,RF,0,0
9964,1,RF,0,0
9965,1,RF,0,0
9966,1,RF,0,1
9967,1,RF,0,0
9995,1,RF,0,0
9997,1,RF,1,1
10001,1,RF,0,0
10006,1,RF,0,0
10012,1,RF,0,0
10019,1,RF,0,0
10022,1,RF,0,0
10026,1,RF,0,0
10033,1,RF,0,0
10037,1,RF,0,0
10039,1,RF,0,0
10040,1,RF,1,0
10042,1,RF,0,0
10043,1,RF,0,0
10045,1,RF,0,0
10062,1,RF,0,0
10063,1,RF,0,0
10073,1,RF,0,0
10076,1,RF,0,0
10078,1,RF,0,0
10080,1,RF,0,0
10086,1,RF,0,0
10087,1,RF,0,0
10096,1,RF,0,0
10101,1,RF,0,0
10102,1,RF,0,0
10110,1,RF,0,0
10111,1,RF,0,0
10113,1,RF,0,0
10114,1,RF,0,0
10117,1,RF,0,0
10122,1,RF,0,0
10125,1,RF,0,0
10126,1,RF,1,1
10130,1,RF,0,0
10132,1,RF,1,0
10134,1,RF,1,0
10135,1,RF,0,0
10136,1,RF,0,0
10139,1,RF,0,0
10143,1,RF,0,0
10158,1,RF,0,0
10163,1,RF,1,0
10171,1,RF,0,0
10179,1,RF,0,0
10180,1,RF,0,1
10183,1,RF,0,0
10195,1,RF,0,0
10207,1,RF,0,1
10226,1,RF,0,0
10236,1,RF,0,0
10240,1,RF,0,0
10242,1,RF,0,0
10246,1,RF,0,0
10254,1,RF,0,0
10256,1,RF,0,0
10257,1,RF,0,0
10258,1,RF,0,0
10263,1,RF,0,0
10277,1,RF,0,0
10279,1,RF,1,0
10282,1,RF,0,0
10290,1,RF,0,0
10295,1,RF,0,0
10296,1,RF,0,0
10304,1,RF,0,0
10307,1,RF,1,1
10323,1,RF,0,0
10327,1,RF,0,0
10330,1,RF,0,0
10332,1,RF,1,1
10337,1,RF,0,0
10344,1,RF,0,0
10347,1,RF,0,0
10354,1,RF,1,1
10359,1,RF,0,0
10362,1,RF,0,0
10364,1,RF,0,0
10368,1,RF,0,0
10374,1,RF,1,0
10382,1,RF,0,0
10386,1,RF,0,0
10388,1,RF,0,0
10390,1,RF,0,0
10391,1,RF,0,0
10402,1,RF,0,0
10404,1,RF,0,1
10405,1,RF,1,1
10409,1,RF,0,0
10411,1,RF,0,0
10416,1,RF,0,0
10417,1,RF,1,1
10418,1,RF,0,0
10426,1,RF,0,0
10441,1,RF,0,0
10442,1,RF,1,1
10444,1,RF,0,0
10454,1,RF,0,0
10455,1,RF,0,0
10457,1,RF,0,0
10459,1,RF,0,0
10461,1,RF,0,0
10464,1,RF,1,1
10468,1,RF,0,0
10485,1,RF,0,0
10486,1,RF,0,0
10498,1,RF,1,0
10499,1,RF,0,0
10501,1,RF,0,0
10502,1,RF,1,1
10506,1,RF,0,0
10508,1,RF,0,0
10509,1,RF,0,0
10511,1,RF,0,0
10514,1,RF,0,0
10517,1,RF,1,0
10518,1,RF,0,0
10522,1,RF,0,0
10529,1,RF,0,0
10534,1,RF,0,0
10540,1,RF,0,0
10546,1,RF,0,0
10549,1,RF,0,0
10555,1,RF,0,0
10557,1,RF,0,0
10558,1,RF,0,0
10560,1,RF,0,0
10562,1,RF,0,0
10564,1,RF,0,0
10570,1,RF,0,0
10587,1,RF,1,1
10590,1,RF,0,0
10604,1,RF,0,0
10612,1,RF,0,0
10619,1,RF,0,0
10621,1,RF,0,0
10626,1,RF,0,0
10629,1,RF,0,0
10630,1,RF,0,0
10634,1,RF,0,0
10635,1,RF,0,0
10638,1,RF,0,0
10653,1,RF,0,0
10654,1,RF,0,0
10655,1,RF,0,0
10662,1,RF,0,0
10679,1,RF,0,0
10687,1,RF,0,0
10690,1,RF,0,0
10702,1,RF,0,0
10706,1,RF,1,1
10710,1,RF,0,0
10718,1,RF,0,0
10724,1,RF,0,0
10726,1,RF,0,0
10734,1,RF,1,1
10736,1,RF,0,0
10742,1,RF,0,0
10745,1,RF,1,1
10755,1,RF,0,0
10756,1,RF,0,0
10759,1,RF,0,0
10760,1,RF,0,0
10765,1,RF,0,0
10770,1,RF,1,1
10771,1,RF,0,0
10774,1,RF,0,0
10777,1,RF,0,0
10779,1,RF,0,0
10780,1,RF,1,0
10781,1,RF,0,0
10784,1,RF,0,0
10795,1,RF,1,1
10798,1,RF,0,0
10800,1,RF,0,0
10808,1,RF,0,1
10810,1,RF,0,0
10811,1,RF,0,0
10813,1,RF,1,1
10815,1,RF,0,0
10817,1,RF,0,0
10819,1,RF,0,0
10820,1,RF,0,0
10822,1,RF,0,0
10839,1,RF,0,0
10842,1,RF,0,0
10852,1,RF,0,0
10855,1,RF,0,0
10866,1,RF,0,0
10867,1,RF,0,0
10871,1,RF,0,0
10879,1,RF,0,0
10881,1,RF,0,0
10888,1,RF,0,0
10890,1,RF,0,0
10892,1,RF,0,0
10896,1,RF,0,0
10907,1,RF,1,0
10909,1,RF,0,0
10919,1,RF,0,0
10922,1,RF,0,0
10931,1,RF,0,0
10933,1,RF,0,0
10934,1,RF,1,1
10935,1,RF,0,0
10936,1,RF,0,0
10938,1,RF,0,0
10939,1,RF,1,0
10941,1,RF,0,0
10946,1,RF,0,0
10948,1,RF,0,0
10955,1,RF,0,0
10970,1,RF,0,0
10975,1,RF,0,1
10979,1,RF,0,0
10981,1,RF,0,0
10983,1,RF,0,0
10990,1,RF,0,0
10993,1,RF,0,0
10997,1,RF,0,0
11000,1,RF,0,0
11002,1,RF,0,0
11003,1,RF,0,0
11011,1,RF,0,0
11020,1,RF,1,1
11024,1,RF,0,0
11034,1,RF,0,0
11035,1,RF,0,0
11057,1,RF,0,1
11058,1,RF,0,0
11065,1,RF,1,1
11066,1,RF,0,0
11067,1,RF,0,0
11084,1,RF,0,0
11092,1,RF,0,0
11093,1,RF,0,0
11094,1,RF,0,0
11097,1,RF,0,0
11100,1,RF,1,1
11101,1,RF,0,0
11103,1,RF,0,1
11113,1,RF,0,0
11120,1,RF,0,0
11125,1,RF,0,0
11135,1,RF,0,0
11139,1,RF,0,0
11141,1,RF,0,0
11142,1,RF,0,0
11144,1,RF,0,0
11148,1,RF,0,0
11150,1,RF,1,0
11163,1,RF,0,0
11167,1,RF,0,0
11168,1,RF,0,0
11173,1,RF,0,0
11180,1,RF,0,0
11185,1,RF,1,1
11191,1,RF,0,0
11195,1,RF,0,0
11197,1,RF,0,0
11204,1,RF,0,0
11206,1,RF,0,0
11210,1,RF,0,0
11211,1,RF,0,0
11214,1,RF,0,0
11218,1,RF,1,0
11228,1,RF,0,0
11230,1,RF,0,0
11232,1,RF,0,0
11236,1,RF,0,0
11242,1,RF,0,0
11255,1,RF,1,1
11267,1,RF,0,0
11268,1,RF,0,0
11272,1,RF,1,1
11280,1,RF,0,0
11283,1,RF,0,0
11287,1,RF,1,1
11288,1,RF,0,0
11292,1,RF,0,0
11296,1,RF,0,0
11298,1,RF,0,0
11307,1,RF,0,0
11312,1,RF,1,1
11315,1,RF,0,0
11321,1,RF,0,0
11323,1,RF,0,0
11327,1,RF,0,0
11331,1,RF,0,0
11332,1,RF,0,0
11337,1,RF,0,0
11341,1,RF,0,0
11343,1,RF,1,1
11344,1,RF,0,0
11349,1,RF,1,1
11351,1,RF,1,1
11352,1,RF,0,0
11365,1,RF,0,0
11367,1,RF,0,0
11369,1,RF,0,0
11371,1,RF,0,0
11375,1,RF,0,0
11377,1,RF,0,0
11385,1,RF,0,0
11386,1,RF,0,0
11395,1,RF,0,0
11405,1,RF,0,0
11406,1,RF,0,0
11410,1,RF,0,0
11411,1,RF,0,0
11414,1,RF,0,0
11417,1,RF,1,1
11427,1,RF,0,0
11432,1,RF,0,0
11436,1,RF,0,0
11441,1,RF,0,0
11455,1,RF,1,1
11457,1,RF,0,0
11466,1,RF,0,0
11474,1,RF,0,0
11480,1,RF,0,0
11481,1,RF,0,0
11482,1,RF,0,0
11483,1,RF,0,0
11489,1,RF,0,0
11496,1,RF,0,0
11498,1,RF,0,0
11515,1,RF,0,0
11517,1,RF,0,0
11531,1,RF,0,0
11538,1,RF,0,0
11540,1,RF,0,0
11543,1,RF,0,0
11546,1,RF,0,0
11558,1,RF,0,0
11562,1,RF,0,0
11568,1,RF,0,0
11575,1,RF,0,0
11577,1,RF,0,0
11585,1,RF,0,0
11586,1,RF,0,0
11587,1,RF,0,0
11593,1,RF,0,0
11594,1,RF,0,0
11596,1,RF,0,0
11605,1,RF,0,0
11612,1,RF,0,0
11616,1,RF,0,0
11619,1,RF,0,0
11620,1,RF,0,0
11632,1,RF,0,0
11640,1,RF,0,0
11646,1,RF,0,0
11651,1,RF,0,0
11659,1,RF,0,0
11673,1,RF,0,0
11674,1,RF,1,1
11677,1,RF,0,0
11685,1,RF,0,0
11686,1,RF,0,0
11690,1,RF,0,0
11693,1,RF,0,0
11708,1,RF,0,0
11709,1,RF,0,0
11716,1,RF,0,0
11717,1,RF,0,0
11718,1,RF,0,0
11722,1,RF,0,0
11728,1,RF,0,0
11731,1,RF,0,0
11736,1,RF,0,0
11739,1,RF,0,0
11740,1,RF,0,0
11746,1,RF,0,0
11751,1,RF,0,0
11752,1,RF,0,0
11758,1,RF,0,0
11760,1,RF,0,0
11769,1,RF,1,0
11770,1,RF,0,0
11771,1,RF,1,1
11779,1,RF,0,1
11780,1,RF,0,0
11794,1,RF,0,0
11798,1,RF,0,0
11801,1,RF,0,0
11803,1,RF,0,0
11804,1,RF,0,0
11810,1,RF,0,0
11820,1,RF,0,0
11825,1,RF,0,0
11845,1,RF,0,0
11853,1,RF,0,0
11855,1,RF,0,0
11858,1,RF,0,0
11868,1,RF,0,1
11871,1,RF,0,0
11873,1,RF,0,0
11876,1,RF,0,0
11877,1,RF,0,0
11878,1,RF,0,0
11881,1,RF,0,0
11886,1,RF,0,0
11887,1,RF,0,0
11892,1,RF,0,0
11897,1,RF,0,0
11899,1,RF,0,0
11904,1,RF,0,0
11908,1,RF,0,0
11910,1,RF,0,0
11912,1,RF,0,0
11924,1,RF,0,0
11928,1,RF,0,0
11946,1,RF,0,0
11947,1,RF,0,0
11954,1,RF,0,0
11958,1,RF,0,1
11960,1,RF,0,0
11965,1,RF,0,0
11966,1,RF,1,1
11972,1,RF,0,0
11975,1,RF,1,1
11980,1,RF,0,0
11982,1,RF,0,0
11985,1,RF,1,1
11987,1,RF,0,0
11991,1,RF,0,0
11992,1,RF,0,0
12006,1,RF,0,0
12011,1,RF,0,0
12018,1,RF,0,0
12029,1,RF,0,0
12030,1,RF,0,0
12033,1,RF,0,0
12050,1,RF,0,0
12056,1,RF,0,0
12061,1,RF,0,0
12064,1,RF,0,0
12072,1,RF,0,0
12075,1,RF,0,0
12089,1,RF,0,0
12094,1,RF,0,0
12099,1,RF,1,1
12100,1,RF,0,0
12102,1,RF,0,0
12103,1,RF,0,0
12115,1,RF,0,0
12121,1,RF,0,0
12122,1,RF,0,0
12123,1,RF,0,0
12129,1,RF,0,0
12132,1,RF,0,0
12142,1,RF,0,0
12149,1,RF,0,0
12151,1,RF,0,0
12155,1,RF,0,0
12164,1,RF,0,0
12186,1,RF,0,0
12192,1,RF,0,0
12196,1,RF,0,0
12197,1,RF,0,0
12200,1,RF,0,0
12223,1,RF,1,1
12226,1,RF,0,0
12242,1,RF,0,0
12248,1,RF,0,0
12249,1,RF,0,0
12250,1,RF,0,0
12263,1,RF,0,0
12264,1,RF,0,0
12268,1,RF,0,0
12278,1,RF,0,0
12281,1,RF,0,0
12282,1,RF,0,0
12287,1,RF,0,0
12290,1,RF,0,0
12292,1,RF,0,0
12303,1,RF,0,0
12308,1,RF,1,1
12314,1,RF,1,1
12328,1,RF,0,0
12330,1,RF,0,0
12346,1,RF,0,0
12350,1,RF,0,0
12352,1,RF,0,0
12354,1,RF,0,0
12359,1,RF,0,0
12360,1,RF,0,0
12366,1,RF,1,1
12367,1,RF,0,0
12369,1,RF,0,0
12370,1,RF,0,0
12371,1,RF,0,0
12374,1,RF,1,0
12377,1,RF,1,1
12378,1,RF,0,0
12381,1,RF,0,0
12384,1,RF,0,0
12386,1,RF,0,0
12387,1,RF,0,0
12388,1,RF,0,0
12392,1,RF,0,0
12395,1,RF,0,1
12398,1,RF,0,0
12399,1,RF,0,0
12410,1,RF,0,0
12416,1,RF,0,0
12419,1,RF,0,0
12422,1,RF,0,0
12423,1,RF,0,0
12434,1,RF,0,0
12437,1,RF,0,0
12445,1,RF,0,0
12448,1,RF,0,0
12449,1,RF,0,0
12450,1,RF,1,1
12453,1,RF,1,1
12462,1,RF,0,0
12464,1,RF,0,0
12473,1,RF,1,1
12475,1,RF,0,0
12479,1,RF,0,0
12495,1,RF,0,0
12496,1,RF,0,0
12499,1,RF,0,0
12501,1,RF,1,1
12503,1,RF,0,0
12515,1,RF,0,0
12517,1,RF,0,0
12525,1,RF,0,0
12528,1,RF,0,0
12530,1,RF,0,0
12532,1,RF,0,0
12536,1,RF,0,0
12537,1,RF,0,0
12542,1,RF,0,0
12544,1,RF,0,0
12546,1,RF,0,0
12548,1,RF,0,0
12561,1,RF,0,0
12568,1,RF,0,0
12569,1,RF,0,0
12570,1,RF,0,0
12579,1,RF,0,0
12604,1,RF,1,0
12605,1,RF,0,0
12606,1,RF,0,0
12608,1,RF,0,0
12612,1,RF,0,0
12616,1,RF,0,0
12623,1,RF,0,0
12629,1,RF,0,0
12631,1,RF,0,0
12637,1,RF,0,0
12638,1,RF,0,0
12649,1,RF,0,0
12653,1,RF,0,0
12660,1,RF,0,0
12667,1,RF,0,0
12670,1,RF,0,0
12672,1,RF,0,0
12680,1,RF,0,0
12690,1,RF,0,0
12702,1,RF,0,0
12703,1,RF,1,0
12704,1,RF,0,0
12705,1,RF,1,1
12706,1,RF,0,0
12711,1,RF,0,0
12714,1,RF,0,0
12715,1,RF,0,0
12725,1,RF,0,0
12746,1,RF,0,0
12748,1,RF,0,0
12756,1,RF,0,0
12758,1,RF,1,0
12761,1,RF,0,0
12764,1,RF,0,0
12769,1,RF,0,0
12777,1,RF,0,0
12778,1,RF,0,0
12786,1,RF,0,0
12800,1,RF,0,0
12810,1,RF,0,0
12813,1,RF,0,0
12828,1,RF,0,0
12829,1,RF,0,0
12836,1,RF,0,0
12837,1,RF,1,1
12846,1,RF,0,0
12848,1,RF,0,0
12851,1,RF,0,0
12853,1,RF,0,0
12858,1,RF,0,0
12860,1,RF,0,0
12862,1,RF,0,0
12870,1,RF,0,0
12877,1,RF,0,0
12879,1,RF,0,0
12883,1,RF,0,0
12887,1,RF,0,0
12888,1,RF,1,0
12891,1,RF,0,0
12911,1,RF,0,0
12913,1,RF,0,0
12916,1,RF,0,0
12918,1,RF,0,0
12923,1,RF,0,0
12924,1,RF,0,0
12925,1,RF,0,0
12928,1,RF,0,0
12930,1,RF,0,0
12934,1,RF,0,0
12937,1,RF,0,0
12938,1,RF,0,0
12947,1,RF,0,0
12954,1,RF,0,0
12963,1,RF,0,0
12970,1,RF,0,0
12971,1,RF,0,0
12981,1,RF,0,0
12983,1,RF,0,0
12987,1,RF,1,1
12992,1,RF,0,0
13006,1,RF,1,1
13017,1,RF,0,0
13021,1,RF,0,0
13025,1,RF,0,0
13034,1,RF,0,0
13040,1,RF,0,0
13042,1,RF,0,0
13045,1,RF,0,0
13051,1,RF,0,0
13056,1,RF,0,0
13063,1,RF,0,0
13082,1,RF,0,0
13087,1,RF,0,0
13106,1,RF,0,0
13110,1,RF,0,0
13143,1,RF,0,0
13146,1,RF,0,0
13149,1,RF,0,0
13154,1,RF,1,1
13155,1,RF,0,0
13160,1,RF,0,0
13164,1,RF,0,0
13165,1,RF,0,0
13166,1,RF,0,0
13167,1,RF,0,0
13170,1,RF,1,1
13173,1,RF,1,1
13186,1,RF,0,0
13188,1,RF,0,1
13190,1,RF,0,0
13193,1,RF,0,0
13200,1,RF,0,0
13202,1,RF,0,0
13206,1,RF,0,0
13209,1,RF,0,0
13211,1,RF,0,0
13213,1,RF,0,0
13217,1,RF,0,0
13227,1,RF,0,0
13235,1,RF,0,0
13244,1,RF,0,0
13245,1,RF,1,1
13247,1,RF,0,0
13248,1,RF,0,0
13253,1,RF,0,0
13254,1,RF,0,0
13257,1,RF,0,0
13262,1,RF,0,0
13271,1,RF,0,0
13281,1,RF,0,0
13290,1,RF,0,0
13291,1,RF,0,0
13296,1,RF,0,0
13301,1,RF,0,0
13302,1,RF,0,0
13303,1,RF,1,1
13316,1,RF,0,0
13320,1,RF,0,0
13323,1,RF,0,0
13331,1,RF,0,0
13332,1,RF,0,0
13342,1,RF,0,0
13346,1,RF,1,1
13355,1,RF,0,0
13361,1,RF,0,0
13371,1,RF,1,1
13380,1,RF,0,0
13381,1,RF,0,0
13382,1,RF,0,0
13386,1,RF,0,0
13387,1,RF,0,0
13388,1,RF,0,0
13389,1,RF,0,0
13390,1,RF,0,0
13392,1,RF,0,0
13393,1,RF,0,0
13396,1,RF,0,0
13399,1,RF,0,0
13405,1,RF,0,0
13408,1,RF,0,0
13410,1,RF,0,0
13414,1,RF,0,0
13417,1,RF,0,0
13424,1,RF,0,0
13428,1,RF,0,0
13432,1,RF,0,0
13434,1,RF,0,0
13437,1,RF,0,0
13440,1,RF,0,0
13442,1,RF,0,0
13445,1,RF,0,0
13446,1,RF,0,0
13452,1,RF,0,1
13457,1,RF,0,0
13460,1,RF,1,1
13464,1,RF,1,1
13465,1,RF,0,0
13470,1,RF,0,0
13472,1,RF,0,0
13478,1,RF,0,0
13481,1,RF,1,1
13487,1,RF,0,0
13489,1,RF,0,0
13494,1,RF,0,0
13497,1,RF,0,0
13503,1,RF,0,0
13505,1,RF,0,0
13519,1,RF,1,1
13522,1,RF,0,0
13541,1,RF,0,0
13553,1,RF,0,0
13555,1,RF,0,0
13559,1,RF,0,1
13563,1,RF,0,0
13566,1,RF,0,1
13580,1,RF,0,0
13593,1,RF,0,0
13601,1,RF,0,0
13604,1,RF,0,0
13606,1,RF,0,0
13610,1,RF,1,1
13616,1,RF,0,0
13629,1,RF,0,0
13632,1,RF,0,0
13634,1,RF,0,0
13635,1,RF,0,0
13638,1,RF,0,0
13645,1,RF,0,0
13656,1,RF,1,1
13658,1,RF,0,0
13659,1,RF,0,0
13673,1,RF,0,0
13678,1,RF,0,0
13682,1,RF,0,0
13691,1,RF,0,0
13694,1,RF,1,1
13695,1,RF,1,1
13697,1,RF,1,0
13701,1,RF,0,0
13704,1,RF,0,0
13707,1,RF,1,1
13709,1,RF,0,1
13719,1,RF,0,0
13721,1,RF,1,1
13725,1,RF,0,0
13734,1,RF,0,0
13736,1,RF,0,0
13738,1,RF,1,0
13747,1,RF,1,1
13750,1,RF,0,0
13759,1,RF,1,0
13763,1,RF,0,0
13765,1,RF,0,0
13767,1,RF,0,0
13779,1,RF,0,0
13786,1,RF,0,0
13820,1,RF,0,0
13821,1,RF,0,0
13823,1,RF,0,0
13829,1,RF,0,0
13830,1,RF,0,0
13831,1,RF,0,0
13835,1,RF,0,0
13839,1,RF,0,0
13840,1,RF,0,0
13841,1,RF,0,0
13846,1,RF,0,0
13848,1,RF,0,0
13856,1,RF,0,0
13857,1,RF,0,1
13858,1,RF,0,0
13860,1,RF,0,0
13861,1,RF,0,0
13864,1,RF,0,0
13869,1,RF,0,0
13883,1,RF,0,1
13892,1,RF,0,0
13893,1,RF,0,0
13900,1,RF,0,0
13909,1,RF,0,0
13919,1,RF,0,0
13920,1,RF,0,0
13925,1,RF,0,0
13944,1,RF,0,0
13948,1,RF,0,0
13953,1,RF,0,0
13957,1,RF,0,0
13959,1,RF,0,0
13963,1,RF,0,0
13965,1,RF,0,0
13975,1,RF,0,0
13983,1,RF,1,0
13989,1,RF,0,0
13992,1,RF,0,0
13993,1,RF,0,0
13996,1,RF,1,1
13999,1,RF,0,0
14000,1,RF,0,0
14008,1,RF,0,0
14012,1,RF,1,0
14020,1,RF,0,0
14028,1,RF,0,0
14030,1,RF,0,0
14033,1,RF,0,0
14039,1,RF,0,0
14041,1,RF,0,0
14047,1,RF,1,1
14051,1,RF,0,0
14061,1,RF,0,0
14063,1,RF,0,0
14068,1,RF,1,1
14071,1,RF,0,0
14075,1,RF,0,0
14077,1,RF,0,0
14080,1,RF,0,0
14091,1,RF,0,0
14095,1,RF,0,0
14097,1,RF,0,0
14098,1,RF,0,0
14101,1,RF,0,0
14106,1,RF,0,0
14117,1,RF,0,0
14118,1,RF,0,0
14120,1,RF,0,0
14122,1,RF,0,0
14129,1,RF,0,0
14134,1,RF,0,0
14139,1,RF,0,0
14153,1,RF,0,0
14159,1,RF,0,0
14165,1,RF,0,0
14167,1,RF,0,0
14172,1,RF,0,0
14180,1,RF,0,0
14183,1,RF,0,0
14200,1,RF,0,0
14201,1,RF,0,0
14202,1,RF,0,0
14203,1,RF,0,0
14204,1,RF,0,0
14211,1,RF,0,0
14220,1,RF,0,0
14224,1,RF,0,0
14225,1,RF,0,0
14231,1,RF,0,0
14236,1,RF,1,1
14237,1,RF,0,0
14251,1,RF,1,1
14252,1,RF,0,1
14260,1,RF,0,0
14263,1,RF,0,0
14264,1,RF,0,0
14266,1,RF,0,0
14269,1,RF,0,0
14273,1,RF,1,0
14274,1,RF,1,0
14280,1,RF,0,0
14296,1,RF,0,0
14301,1,RF,0,0
14302,1,RF,0,0
14309,1,RF,1,1
14310,1,RF,0,0
14314,1,RF,0,0
14321,1,RF,0,0
14326,1,RF,0,0
14327,1,RF,0,0
14336,1,RF,0,0
14338,1,RF,0,0
14341,1,RF,0,0
14342,1,RF,1,1
14351,1,RF,0,0
14352,1,RF,1,1
14360,1,RF,0,0
14364,1,RF,0,0
14366,1,RF,0,0
14369,1,RF,0,0
14380,1,RF,0,0
14383,1,RF,0,0
14385,1,RF,0,0
14386,1,RF,0,0
14388,1,RF,0,0
14405,1,RF,0,0
14407,1,RF,0,0
14415,1,RF,0,0
14419,1,RF,0,0
14421,1,RF,0,0
14434,1,RF,1,0
14436,1,RF,0,0
14437,1,RF,1,1
14438,1,RF,0,0
14440,1,RF,0,0
14449,1,RF,0,1
14451,1,RF,0,0
14454,1,RF,0,0
14455,1,RF,0,0
14462,1,RF,0,0
14471,1,RF,0,0
14479,1,RF,0,0
14483,1,RF,0,0
14490,1,RF,0,0
14497,1,RF,0,0
14499,1,RF,0,0
14503,1,RF,0,0
14507,1,RF,1,1
14509,1,RF,0,0
14517,1,RF,0,0
14521,1,RF,0,0
14535,1,RF,0,0
14546,1,RF,0,0
14550,1,RF,0,0
14551,1,RF,0,0
14558,1,RF,1,1
14564,1,RF,0,0
14569,1,RF,1,1
14575,1,RF,0,0
14592,1,RF,0,0
14601,1,RF,1,1
14602,1,RF,0,0
14604,1,RF,0,0
14626,1,RF,0,0
14632,1,RF,0,0
14635,1,RF,0,0
14637,1,RF,0,0
14641,1,RF,0,0
14647,1,RF,0,0
14654,1,RF,0,0
14656,1,RF,0,1
14658,1,RF,0,0
14659,1,RF,1,1
14665,1,RF,0,0
14667,1,RF,0,0
14682,1,RF,0,0
14684,1,RF,0,0
14685,1,RF,0,0
14688,1,RF,0,0
14689,1,RF,0,1
14690,1,RF,0,0
14691,1,RF,0,0
14692,1,RF,1,1
14694,1,RF,0,0
14695,1,RF,0,0
14698,1,RF,0,0
14702,1,RF,0,0
14706,1,RF,0,0
14719,1,RF,0,0
14727,1,RF,0,0
14728,1,RF,0,0
14735,1,RF,0,0
14736,1,RF,0,0
14743,1,RF,0,0
14753,1,RF,1,0
14758,1,RF,0,0
14760,1,RF,0,0
14762,1,RF,0,0
14764,1,RF,0,0
14765,1,RF,0,0
14766,1,RF,0,0
14775,1,RF,0,0
14777,1,RF,0,0
14779,1,RF,0,0
14782,1,RF,0,0
14784,1,RF,0,1
14785,1,RF,0,0
14796,1,RF,0,0
14804,1,RF,0,0
14811,1,RF,1,1
14818,1,RF,0,0
14822,1,RF,0,0
14823,1,RF,0,0
14832,1,RF,0,0
14836,1,RF,0,0
14838,1,RF,0,0
14839,1,RF,0,0
14840,1,RF,0,0
14848,1,RF,0,0
14852,1,RF,1,1
14854,1,RF,0,0
14856,1,RF,0,0
14857,1,RF,1,1
14861,1,RF,0,0
14870,1,RF,1,1
14873,1,RF,0,0
14874,1,RF,0,0
14878,1,RF,0,0
14882,1,RF,0,0
14886,1,RF,0,0
14902,1,RF,0,0
14903,1,RF,0,0
14905,1,RF,0,0
14908,1,RF,1,1
14928,1,RF,0,0
14932,1,RF,0,0
14937,1,RF,1,1
14943,1,RF,0,0
14947,1,RF,1,1
14959,1,RF,0,0
14967,1,RF,1,0
14971,1,RF,0,0
14974,1,RF,1,1
14976,1,RF,0,0
14977,1,RF,0,0
14978,1,RF,0,0
14986,1,RF,0,0
14987,1,RF,0,0
14988,1,RF,0,0
14989,1,RF,0,0
14992,1,RF,0,0
14994,1,RF,0,0
15008,1,RF,1,1
15009,1,RF,0,0
15020,1,RF,0,0
15029,1,RF,0,0
15032,1,RF,0,0
15034,1,RF,0,0
15035,1,RF,0,0
15038,1,RF,0,0
15039,1,RF,0,0
15042,1,RF,1,1
15044,1,RF,0,0
15050,1,RF,0,0
15052,1,RF,1,1
15057,1,RF,0,0
15062,1,RF,0,0
15064,1,RF,0,0
15071,1,RF,0,0
15072,1,RF,0,0
15075,1,RF,0,0
15083,1,RF,0,0
15085,1,RF,0,0
15088,1,RF,0,0
15092,1,RF,0,0
15093,1,RF,0,0
15094,1,RF,0,0
15096,1,RF,0,0
15102,1,RF,0,0
15106,1,RF,0,0
15107,1,RF,0,0
15108,1,RF,0,0
15113,1,RF,0,0
15120,1,RF,1,1
15124,1,RF,0,0
15133,1,RF,0,0
15137,1,RF,0,0
15153,1,RF,0,0
15164,1,RF,0,0
15168,1,RF,0,0
15172,1,RF,0,0
15176,1,RF,0,0
15180,1,RF,0,0
15184,1,RF,0,0
15195,1,RF,0,0
15201,1,RF,1,0
15202,1,RF,0,0
15206,1,RF,0,0
15211,1,RF,1,1
15216,1,RF,0,0
15218,1,RF,0,0
15223,1,RF,0,0
15228,1,RF,0,0
15230,1,RF,0,0
15239,1,RF,1,1
15241,1,RF,0,0
15246,1,RF,1,1
15253,1,RF,1,1
15256,1,RF,0,0
15258,1,RF,0,0
15272,1,RF,0,0
15280,1,RF,0,0
15291,1,RF,0,0
15300,1,RF,0,0
15301,1,RF,0,0
15302,1,RF,0,0
15304,1,RF,0,0
15311,1,RF,0,0
15318,1,RF,0,0
15319,1,RF,0,0
15327,1,RF,0,0
15330,1,RF,0,0
15336,1,RF,0,0
15338,1,RF,0,0
15339,1,RF,0,0
15351,1,RF,0,0
15353,1,RF,0,0
15356,1,RF,0,0
15364,1,RF,0,0
15365,1,RF,1,1
15374,1,RF,1,1
15383,1,RF,0,0
15386,1,RF,0,0
15387,1,RF,0,0
15392,1,RF,0,0
15395,1,RF,0,0
15415,1,RF,0,0
15432,1,RF,0,0
15435,1,RF,0,0
15438,1,RF,0,0
15446,1,RF,0,0
15453,1,RF,0,0
15458,1,RF,0,0
15460,1,RF,0,0
15466,1,RF,0,0
15477,1,RF,0,0
15482,1,RF,0,0
15483,1,RF,0,0
15493,1,RF,0,0
15499,1,RF,1,1
15507,1,RF,0,0
15518,1,RF,1,1
15527,1,RF,0,0
15528,1,RF,0,0
15531,1,RF,0,0
15546,1,RF,0,0
15551,1,RF,0,0
15554,1,RF,0,0
15558,1,RF,0,0
15559,1,RF,0,0
15569,1,RF,0,0
15570,1,RF,0,0
15575,1,RF,0,0
15581,1,RF,0,0
15587,1,RF,0,0
15594,1,RF,0,0
15595,1,RF,1,1
15598,1,RF,0,0
15599,1,RF,0,0
15602,1,RF,0,0
15608,1,RF,0,0
15614,1,RF,0,0
15618,1,RF,0,0
15625,1,RF,0,0
15631,1,RF,0,0
15634,1,RF,0,0
15641,1,RF,0,0
15644,1,RF,0,0
15649,1,RF,0,0
15650,1,RF,0,0
15652,1,RF,1,0
15654,1,RF,0,0
15661,1,RF,0,0
15675,1,RF,0,0
15677,1,RF,0,0
15680,1,RF,0,0
15699,1,RF,0,0
15705,1,RF,0,0
15706,1,RF,1,1
15718,1,RF,0,0
15727,1,RF,0,0
15736,1,RF,0,0
15741,1,RF,1,1
15747,1,RF,0,0
15750,1,RF,1,0
15757,1,RF,0,0
15759,1,RF,0,0
15781,1,RF,0,0
15792,1,RF,0,0
15795,1,RF,0,0
15804,1,RF,1,0
15813,1,RF,1,1
15814,1,RF,0,0
15815,1,RF,0,0
15816,1,RF,0,0
15818,1,RF,1,1
15822,1,RF,0,0
15825,1,RF,0,0
15832,1,RF,0,0
15833,1,RF,0,0
15840,1,RF,0,0
15856,1,RF,0,0
15858,1,RF,0,0
15863,1,RF,0,0
15868,1,RF,0,0
15871,1,RF,1,1
15872,1,RF,1,1
15873,1,RF,0,0
15883,1,RF,0,0
15891,1,RF,0,0
15901,1,RF,0,0
15902,1,RF,0,0
15904,1,RF,0,0
15916,1,RF,0,0
15925,1,RF,0,0
15929,1,RF,0,0
15931,1,RF,0,0
15933,1,RF,0,0
15935,1,RF,1,1
15938,1,RF,0,0
15946,1,RF,0,0
15947,1,RF,1,1
15948,1,RF,0,0
15957,1,RF,0,0
15962,1,RF,1,1
15965,1,RF,0,0
15968,1,RF,0,0
15969,1,RF,1,0
15970,1,RF,0,0
15973,1,RF,0,0
15975,1,RF,0,0
15977,1,RF,0,0
15983,1,RF,1,1
15993,1,RF,1,0
15995,1,RF,0,0
16017,1,RF,0,0
16020,1,RF,0,0
16023,1,RF,0,0
16032,1,RF,0,0
16034,1,RF,0,0
16037,1,RF,0,1
16038,1,RF,0,0
16044,1,RF,1,0
16045,1,RF,0,0
16048,1,RF,0,0
16049,1,RF,0,0
16052,1,RF,0,0
16057,1,RF,0,0
16060,1,RF,0,0
16070,1,RF,0,0
16075,1,RF,0,0
16077,1,RF,0,0
16081,1,RF,0,0
16086,1,RF,1,1
16089,1,RF,0,0
16092,1,RF,0,0
16098,1,RF,0,0
16099,1,RF,0,0
16100,1,RF,0,0
16107,1,RF,0,0
16112,1,RF,0,0
16115,1,RF,0,0
16124,1,RF,0,0
16125,1,RF,0,1
16130,1,RF,0,0
16132,1,RF,0,0
16141,1,RF,1,1
16146,1,RF,0,0
16147,1,RF,0,0
16154,1,RF,0,0
16160,1,RF,0,0
16164,1,RF,0,0
16175,1,RF,0,0
16176,1,RF,0,0
16184,1,RF,0,0
16192,1,RF,0,0
16196,1,RF,0,0
16201,1,RF,0,0
16202,1,RF,0,0
16205,1,RF,1,1
16206,1,RF,0,0
16207,1,RF,0,0
16208,1,RF,0,0
16211,1,RF,0,0
16213,1,RF,0,0
16214,1,RF,0,0
16218,1,RF,0,0
16229,1,RF,0,0
16230,1,RF,0,0
16234,1,RF,0,0
16237,1,RF,0,0
16246,1,RF,1,1
16252,1,RF,0,0
16254,1,RF,0,0
16255,1,RF,0,0
16260,1,RF,1,1
16265,1,RF,0,0
16267,1,RF,0,0
16273,1,RF,0,0
16277,1,RF,1,0
16286,1,RF,0,0
16287,1,RF,0,0
16288,1,RF,0,0
16295,1,RF,0,0
16298,1,RF,0,0
16303,1,RF,0,0
16305,1,RF,1,1
16306,1,RF,0,0
16312,1,RF,0,0
16324,1,RF,0,0
16330,1,RF,0,0
16335,1,RF,0,0
16355,1,RF,0,0
16361,1,RF,0,0
16362,1,RF,0,0
16364,1,RF,0,0
16366,1,RF,0,0
16371,1,RF,0,0
16378,1,RF,0,0
16386,1,RF,0,0
16388,1,RF,1,1
16391,1,RF,0,0
16400,1,RF,0,0
16405,1,RF,0,0
16411,1,RF,0,0
16423,1,RF,0,0
16430,1,RF,0,0
16431,1,RF,0,0
16432,1,RF,0,0
16433,1,RF,0,0
16440,1,RF,0,0
16441,1,RF,1,1
16443,1,RF,0,0
16444,1,RF,0,0
16454,1,RF,0,0
16467,1,RF,0,0
16468,1,RF,0,0
16473,1,RF,0,0
16480,1,RF,0,0
16490,1,RF,0,0
16492,1,RF,0,0
16494,1,RF,0,0
16503,1,RF,0,0
16507,1,RF,0,0
16517,1,RF,0,0
16532,1,RF,0,0
16534,1,RF,0,0
16550,1,RF,1,0
16560,1,RF,1,1
16565,1,RF,0,0
16571,1,RF,0,0
16585,1,RF,0,0
16586,1,RF,0,0
16587,1,RF,0,0
16589,1,RF,0,0
16597,1,RF,0,0
16601,1,RF,0,0
16607,1,RF,0,0
16611,1,RF,0,0
16624,1,RF,0,0
16637,1,RF,0,0
16639,1,RF,0,0
16645,1,RF,0,0
16655,1,RF,0,0
16661,1,RF,0,0
16672,1,RF,0,0
16681,1,RF,0,0
16687,1,RF,0,0
16692,1,RF,0,0
16696,1,RF,0,0
16701,1,RF,0,0
16705,1,RF,0,0
16726,1,RF,1,1
16730,1,RF,0,0
16732,1,RF,0,0
16736,1,RF,0,0
16748,1,RF,0,0
16754,1,RF,0,0
16757,1,RF,0,0
16760,1,RF,0,0
16763,1,RF,0,0
16766,1,RF,1,1
16769,1,RF,0,0
16771,1,RF,0,0
16772,1,RF,0,0
16776,1,RF,0,0
16783,1,RF,0,0
16795,1,RF,0,1
16796,1,RF,0,0
16798,1,RF,0,0
16801,1,RF,0,0
16807,1,RF,0,0
16808,1,RF,1,1
16812,1,RF,0,0
16814,1,RF,0,0
16823,1,RF,1,1
16834,1,RF,0,0
16836,1,RF,0,0
16837,1,RF,1,1
16839,1,RF,1,0
16852,1,RF,0,0
16858,1,RF,0,0
16859,1,RF,0,0
16867,1,RF,1,1
16874,1,RF,1,1
16877,1,RF,0,0
16879,1,RF,0,0
16882,1,RF,0,0
16888,1,RF,0,0
16890,1,RF,0,0
16891,1,RF,1,1
16897,1,RF,0,0
16905,1,RF,0,0
16906,1,RF,1,0
16910,1,RF,0,0
16911,1,RF,0,0
16926,1,RF,0,0
16929,1,RF,0,0
16931,1,RF,1,1
16936,1,RF,1,1
16937,1,RF,0,0
16952,1,RF,0,0
16954,1,RF,1,1
16966,1,RF,0,0
16968,1,RF,0,0
16970,1,RF,0,0
16977,1,RF,0,0
16978,1,RF,0,0
16981,1,RF,0,0
16984,1,RF,0,0
16985,1,RF,0,0
16992,1,RF,0,0
16993,1,RF,0,0
17001,1,RF,0,0
17012,1,RF,1,1
17020,1,RF,0,0
17021,1,RF,0,0
17027,1,RF,0,0
17035,1,RF,0,0
17043,1,RF,0,0
17046,1,RF,0,0
17047,1,RF,0,0
17050,1,RF,0,0
17058,1,RF,0,0
17066,1,RF,0,0
17072,1,RF,0,0
17075,1,RF,0,0
17077,1,RF,0,0
17080,1,RF,0,0
17081,1,RF,0,0
17087,1,RF,0,0
17093,1,RF,0,0
17095,1,RF,0,0
17096,1,RF,0,0
17097,1,RF,0,0
17100,1,RF,1,0
17107,1,RF,0,0
17112,1,RF,0,0
17119,1,RF,0,0
17140,1,RF,1,1
17142,1,RF,0,0
17147,1,RF,0,0
17155,1,RF,0,0
17161,1,RF,0,0
17162,1,RF,0,0
17164,1,RF,0,0
17168,1,RF,0,0
17169,1,RF,0,0
17170,1,RF,0,0
17178,1,RF,0,0
17181,1,RF,0,0
17184,1,RF,0,0
17186,1,RF,0,0
17192,1,RF,0,0
17196,1,RF,0,0
17197,1,RF,0,0
17200,1,RF,0,0
17207,1,RF,0,0
17209,1,RF,0,0
17217,1,RF,0,0
17235,1,RF,0,0
17236,1,RF,1,0
17237,1,RF,0,0
17238,1,RF,0,0
17239,1,RF,0,0
17243,1,RF,0,0
17244,1,RF,0,0
17245,1,RF,1,0
17276,1,RF,1,1
17278,1,RF,0,0
17290,1,RF,0,0
17301,1,RF,0,0
17302,1,RF,0,0
17308,1,RF,0,0
17329,1,RF,0,0
17333,1,RF,1,0
17339,1,RF,0,0
17347,1,RF,0,0
17360,1,RF,0,0
17367,1,RF,0,0
17372,1,RF,1,1
17373,1,RF,0,0
17388,1,RF,1,0
17404,1,RF,0,0
17407,1,RF,1,1
17410,1,RF,0,0
17411,1,RF,0,0
17419,1,RF,0,0
17423,1,RF,0,0
17440,1,RF,0,0
17442,1,RF,0,0
17446,1,RF,0,0
17452,1,RF,0,0
17454,1,RF,1,1
17466,1,RF,0,0
17467,1,RF,0,0
17468,1,RF,0,0
17471,1,RF,0,0
17477,1,RF,0,0
17488,1,RF,0,0
17490,1,RF,1,1
17491,1,RF,1,0
17502,1,RF,0,0
17511,1,RF,0,0
17513,1,RF,0,0
17527,1,RF,1,1
17537,1,RF,0,0
17550,1,RF,0,0
17559,1,RF,0,0
17560,1,RF,0,0
17567,1,RF,0,0
17573,1,RF,0,0
17575,1,RF,0,0
17576,1,RF,0,0
17580,1,RF,0,0
17590,1,RF,0,0
17602,1,RF,0,0
17615,1,RF,1,0
17621,1,RF,0,0
17624,1,RF,0,0
17626,1,RF,0,0
17629,1,RF,0,0
17641,1,RF,0,0
17644,1,RF,0,0
17645,1,RF,0,0
17647,1,RF,1,1
17648,1,RF,0,0
17651,1,RF,0,0
17652,1,RF,0,0
17675,1,RF,0,0
17686,1,RF,1,1
17689,1,RF,0,0
17696,1,RF,0,0
17702,1,RF,0,0
17710,1,RF,0,0
17714,1,RF,0,0
17721,1,RF,0,0
17727,1,RF,0,0
17728,1,RF,0,0
17738,1,RF,0,0
17739,1,RF,1,1
17743,1,RF,0,0
17746,1,RF,1,1
17754,1,RF,0,0
17755,1,RF,0,0
17768,1,RF,0,0
17769,1,RF,1,1
17771,1,RF,1,0
17779,1,RF,0,0
17783,1,RF,0,0
17785,1,RF,0,0
17786,1,RF,0,0
17807,1,RF,1,1
17810,1,RF,0,0
17822,1,RF,0,0
17830,1,RF,0,0
17836,1,RF,0,0
17837,1,RF,0,0
17841,1,RF,1,0
17846,1,RF,0,1
17860,1,RF,0,0
17861,1,RF,0,0
17864,1,RF,0,0
17877,1,RF,1,1
17881,1,RF,0,0
17890,1,RF,1,1
17891,1,RF,0,0
17898,1,RF,0,0
17900,1,RF,0,0
17904,1,RF,0,0
17906,1,RF,0,0
17907,1,RF,0,0
17908,1,RF,0,0
17915,1,RF,0,0
17921,1,RF,0,0
17929,1,RF,0,0
17931,1,RF,0,0
17932,1,RF,0,0
17944,1,RF,0,0
17948,1,RF,0,0
17960,1,RF,0,0
17965,1,RF,1,1
17973,1,RF,0,0
17977,1,RF,1,1
17981,1,RF,0,0
17985,1,RF,0,0
18007,1,RF,0,0
18015,1,RF,0,0
18031,1,RF,0,0
18051,1,RF,0,0
18053,1,RF,0,0
18059,1,RF,0,0
18066,1,RF,0,0
18082,1,RF,0,0
18085,1,RF,0,0
18088,1,RF,0,0
18094,1,RF,0,0
18096,1,RF,0,0
18099,1,RF,0,0
18103,1,RF,0,0
18106,1,RF,0,0
18112,1,RF,0,0
18114,1,RF,0,0
18119,1,RF,0,0
18120,1,RF,0,0
18133,1,RF,0,0
18136,1,RF,0,0
18140,1,RF,0,0
18148,1,RF,0,0
18161,1,RF,0,0
18177,1,RF,1,1
18181,1,RF,0,0
18195,1,RF,0,0
18197,1,RF,0,0
18207,1,RF,0,0
18213,1,RF,1,1
18222,1,RF,0,1
18224,1,RF,0,0
18225,1,RF,0,0
18226,1,RF,0,0
18230,1,RF,0,0
18241,1,RF,0,0
18245,1,RF,0,0
18249,1,RF,0,0
18252,1,RF,0,0
18254,1,RF,0,0
18255,1,RF,0,0
18257,1,RF,0,0
18258,1,RF,0,0
18259,1,RF,0,0
18271,1,RF,0,0
18274,1,RF,0,0
18275,1,RF,1,1
18276,1,RF,0,0
18280,1,RF,0,0
18288,1,RF,1,1
18293,1,RF,0,0
18299,1,RF,1,1
18301,1,RF,0,0
18302,1,RF,0,0
18305,1,RF,0,0
18306,1,RF,0,0
18308,1,RF,0,0
18319,1,RF,0,0
18324,1,RF,0,0
18331,1,RF,0,0
18334,1,RF,0,0
18335,1,RF,0,0
18338,1,RF,0,0
18339,1,RF,0,0
18345,1,RF,0,0
18348,1,RF,0,0
18359,1,RF,0,0
18362,1,RF,0,0
18370,1,RF,0,0
18391,1,RF,0,0
18394,1,RF,0,0
18395,1,RF,1,1
18398,1,RF,0,0
18404,1,RF,0,0
18405,1,RF,0,0
18407,1,RF,0,0
18413,1,RF,0,0
18427,1,RF,0,0
18432,1,RF,0,0
18439,1,RF,0,0
18442,1,RF,0,0
18445,1,RF,0,0
18447,1,RF,0,0
18452,1,RF,0,0
18454,1,RF,1,0
18455,1,RF,0,0
18468,1,RF,0,0
18469,1,RF,0,1
18471,1,RF,0,0
18475,1,RF,0,0
18476,1,RF,0,0
18477,1,RF,1,1
18479,1,RF,0,0
18481,1,RF,0,0
18486,1,RF,0,0
18494,1,RF,0,0
18498,1,RF,0,0
18500,1,RF,0,0
18501,1,RF,0,0
18502,1,RF,0,0
18510,1,RF,0,0
18511,1,RF,0,0
18514,1,RF,0,0
18515,1,RF,0,0
18518,1,RF,1,1
18520,1,RF,0,0
18521,1,RF,0,1
18525,1,RF,0,0
18530,1,RF,0,1
18537,1,RF,0,0
18547,1,RF,0,0
18554,1,RF,0,0
18556,1,RF,1,1
18557,1,RF,0,0
18559,1,RF,0,0
18561,1,RF,0,0
18582,1,RF,0,0
18585,1,RF,0,0
18594,1,RF,0,0
18595,1,RF,0,0
18602,1,RF,0,0
18603,1,RF,0,0
18607,1,RF,0,0
18614,1,RF,1,0
18615,1,RF,0,0
18616,1,RF,1,1
18617,1,RF,1,1
18625,1,RF,0,0
18628,1,RF,0,0
18631,1,RF,0,0
18635,1,RF,1,1
18636,1,RF,0,0
18638,1,RF,0,0
18643,1,RF,0,0
18646,1,RF,0,0
18649,1,RF,0,0
18652,1,RF,0,0
18661,1,RF,0,0
18670,1,RF,0,0
18675,1,RF,0,0
18679,1,RF,0,0
18680,1,RF,0,0
18684,1,RF,0,0
18686,1,RF,0,0
18689,1,RF,0,0
18691,1,RF,0,0
18692,1,RF,0,0
18698,1,RF,0,0
18700,1,RF,1,0
18718,1,RF,0,1
18720,1,RF,1,0
18726,1,RF,0,0
18729,1,RF,0,0
18734,1,RF,0,0
18740,1,RF,0,0
18745,1,RF,0,0
18747,1,RF,0,0
18750,1,RF,0,0
18754,1,RF,0,0
18755,1,RF,0,0
18756,1,RF,0,0
18767,1,RF,0,0
18771,1,RF,0,0
18772,1,RF,0,1
18776,1,RF,0,0
18784,1,RF,0,0
18790,1,RF,0,0
18793,1,RF,0,0
18798,1,RF,0,0
18801,1,RF,0,0
18803,1,RF,0,0
18806,1,RF,0,0
18807,1,RF,0,0
18815,1,RF,0,0
18825,1,RF,0,0
18837,1,RF,0,0
18841,1,RF,0,0
18849,1,RF,0,0
18858,1,RF,0,1
18868,1,RF,0,0
18871,1,RF,0,0
18882,1,RF,0,0
18886,1,RF,0,0
18887,1,RF,0,0
18888,1,RF,0,0
18890,1,RF,0,0
18891,1,RF,1,0
18894,1,RF,0,0
18898,1,RF,0,0
18911,1,RF,0,0
18925,1,RF,0,1
18928,1,RF,0,0
18930,1,RF,0,0
18932,1,RF,0,0
18934,1,RF,0,0
18956,1,RF,0,0
18958,1,RF,1,1
18959,1,RF,0,0
18965,1,RF,0,0
18968,1,RF,0,0
18970,1,RF,0,0
18981,1,RF,0,0
18982,1,RF,0,0
18984,1,RF,0,0
18986,1,RF,0,0
18987,1,RF,0,0
18990,1,RF,0,0
18992,1,RF,0,0
18997,1,RF,0,0
19004,1,RF,0,0
19011,1,RF,0,0
19013,1,RF,0,0
19014,1,RF,0,0
19025,1,RF,0,0
19033,1,RF,0,0
19036,1,RF,0,0
19040,1,RF,0,0
19041,1,RF,0,0
19045,1,RF,0,0
19053,1,RF,0,0
19054,1,RF,1,1
19056,1,RF,0,0
19069,1,RF,0,0
19070,1,RF,0,0
19075,1,RF,0,0
19085,1,RF,0,0
19089,1,RF,0,0
19102,1,RF,0,0
19117,1,RF,0,0
19121,1,RF,0,0
19122,1,RF,0,0
19123,1,RF,0,1
19124,1,RF,0,0
19127,1,RF,0,0
19141,1,RF,0,0
19142,1,RF,1,1
19153,1,RF,1,1
19158,1,RF,0,0
19165,1,RF,0,0
19168,1,RF,1,1
19170,1,RF,0,0
19171,1,RF,0,0
19173,1,RF,0,0
19174,1,RF,0,0
19175,1,RF,0,0
19177,1,RF,0,0
19182,1,RF,0,0
19186,1,RF,1,1
19189,1,RF,0,0
19196,1,RF,0,0
19202,1,RF,0,0
19205,1,RF,0,0
19214,1,RF,0,0
19215,1,RF,0,0
19218,1,RF,0,0
19223,1,RF,0,0
19226,1,RF,0,0
19235,1,RF,0,0
19238,1,RF,0,0
19240,1,RF,0,0
19243,1,RF,0,0
19244,1,RF,0,0
19250,1,RF,0,0
19257,1,RF,0,0
19258,1,RF,0,0
19270,1,RF,0,0
19275,1,RF,1,0
19278,1,RF,0,0
19284,1,RF,0,0
19286,1,RF,0,0
19290,1,RF,0,0
19293,1,RF,0,0
19296,1,RF,0,0
19300,1,RF,0,0
19303,1,RF,1,1
19310,1,RF,0,0
19311,1,RF,0,0
19320,1,RF,1,1
19330,1,RF,0,0
19337,1,RF,0,0
19347,1,RF,0,0
19354,1,RF,0,0
19359,1,RF,0,0
19361,1,RF,0,0
19394,1,RF,0,0
19395,1,RF,0,0
19411,1,RF,0,0
19416,1,RF,0,0
19417,1,RF,0,0
19443,1,RF,0,0
19444,1,RF,0,0
19482,1,RF,0,1
19498,1,RF,0,0
19499,1,RF,1,1
19506,1,RF,0,0
19511,1,RF,1,1
19516,1,RF,1,1
19522,1,RF,0,0
19523,1,RF,0,0
19534,1,RF,0,0
19535,1,RF,0,0
19537,1,RF,0,0
19543,1,RF,0,0
19544,1,RF,0,0
19552,1,RF,0,0
19558,1,RF,0,0
19561,1,RF,0,0
19565,1,RF,0,0
19577,1,RF,0,0
19580,1,RF,0,0
19585,1,RF,0,0
19586,1,RF,0,0
19587,1,RF,0,0
19588,1,RF,0,0
19601,1,RF,1,1
19603,1,RF,0,0
19605,1,RF,0,0
19606,1,RF,0,0
19616,1,RF,0,0
19620,1,RF,0,0
19633,1,RF,0,0
19634,1,RF,0,0
19641,1,RF,1,1
19642,1,RF,0,0
19650,1,RF,0,0
19659,1,RF,0,0
19663,1,RF,0,0
19666,1,RF,0,0
19671,1,RF,0,0
19674,1,RF,0,0
19677,1,RF,0,0
19681,1,RF,0,0
19683,1,RF,0,0
19684,1,RF,1,0
19689,1,RF,0,0
19691,1,RF,0,0
19699,1,RF,0,0
19702,1,RF,0,0
19706,1,RF,0,0
19716,1,RF,0,0
19719,1,RF,0,0
19723,1,RF,0,0
19734,1,RF,0,0
19735,1,RF,0,0
19741,1,RF,0,1
19750,1,RF,0,0
19753,1,RF,0,0
19754,1,RF,0,0
19772,1,RF,0,0
19775,1,RF,0,0
19780,1,RF,0,0
19785,1,RF,0,0
19794,1,RF,0,0
19809,1,RF,0,0
19811,1,RF,0,0
19814,1,RF,0,0
19816,1,RF,1,0
19824,1,RF,0,0
19826,1,RF,1,1
19827,1,RF,0,0
19828,1,RF,0,0
19830,1,RF,0,0
19832,1,RF,0,0
19833,1,RF,0,0
19837,1,RF,0,0
19838,1,RF,0,0
19839,1,RF,0,0
19841,1,RF,1,1
19843,1,RF,0,0
19860,1,RF,0,0
19870,1,RF,1,1
19871,1,RF,0,0
19877,1,RF,0,0
19881,1,RF,0,0
19883,1,RF,0,0
19888,1,RF,0,0
19896,1,RF,0,0
19905,1,RF,0,0
19918,1,RF,0,0
19921,1,RF,0,0
19925,1,RF,0,0
19926,1,RF,1,1
19927,1,RF,0,0
19930,1,RF,0,0
19933,1,RF,0,0
19940,1,RF,0,0
19941,1,RF,0,0
19944,1,RF,0,0
19945,1,RF,1,1
19950,1,RF,0,0
19957,1,RF,0,0
19962,1,RF,0,0
19966,1,RF,0,0
19968,1,RF,0,0
19969,1,RF,0,0
19975,1,RF,1,1
19977,1,RF,0,0
19988,1,RF,0,0
19996,1,RF,0,0
19997,1,RF,0,0
20005,1,RF,0,0
20008,1,RF,0,0
20022,1,RF,0,0
20031,1,RF,0,0
20036,1,RF,0,0
20037,1,RF,0,0
20038,1,RF,1,0
20039,1,RF,0,0
20052,1,RF,0,0
20055,1,RF,0,0
20058,1,RF,0,0
20067,1,RF,0,0
20069,1,RF,0,0
20070,1,RF,0,0
20076,1,RF,0,0
20089,1,RF,0,0
20090,1,RF,0,0
20091,1,RF,0,0
20092,1,RF,0,0
20093,1,RF,0,0
20099,1,RF,0,0
20100,1,RF,0,0
20101,1,RF,0,0
20112,1,RF,0,0
2,1,LR,0,0
8,1,LR,0,0
14,1,LR,0,0
16,1,LR,0,0
17,1,LR,0,0
19,1,LR,0,0
31,1,LR,0,0
32,1,LR,0,0
37,1,LR,0,0
44,1,LR,0,0
45,1,LR,0,0
62,1,LR,1,1
63,1,LR,0,0
69,1,LR,0,0
73,1,LR,0,0
81,1,LR,0,0
83,1,LR,0,1
88,1,LR,0,0
89,1,LR,0,0
92,1,LR,1,0
102,1,LR,0,0
104,1,LR,0,0
105,1,LR,0,0
106,1,LR,1,0
112,1,LR,0,0
118,1,LR,0,0
119,1,LR,0,0
126,1,LR,1,1
132,1,LR,0,0
143,1,LR,0,0
145,1,LR,0,0
148,1,LR,1,1
150,1,LR,0,0
151,1,LR,0,0
155,1,LR,0,0
156,1,LR,1,1
162,1,LR,0,0
165,1,LR,0,1
167,1,LR,0,0
169,1,LR,0,0
171,1,LR,0,0
173,1,LR,0,0
174,1,LR,0,0
178,1,LR,0,0
183,1,LR,1,1
190,1,LR,0,0
192,1,LR,0,0
198,1,LR,0,0
209,1,LR,0,0
213,1,LR,0,0
214,1,LR,0,0
221,1,LR,0,0
222,1,LR,0,0
223,1,LR,0,0
228,1,LR,0,0
229,1,LR,0,0
234,1,LR,0,0
239,1,LR,0,0
240,1,LR,0,0
249,1,LR,0,0
252,1,LR,1,1
253,1,LR,0,0
254,1,LR,0,0
255,1,LR,0,0
258,1,LR,0,0
265,1,LR,0,0
267,1,LR,0,0
268,1,LR,0,0
269,1,LR,0,0
277,1,LR,1,1
284,1,LR,0,0
303,1,LR,0,0
304,1,LR,0,0
309,1,LR,0,0
311,1,LR,0,0
316,1,LR,0,0
317,1,LR,0,0
323,1,LR,0,0
324,1,LR,0,0
330,1,LR,1,0
332,1,LR,0,0
337,1,LR,0,1
343,1,LR,0,0
353,1,LR,0,0
370,1,LR,0,0
376,1,LR,0,0
379,1,LR,0,0
381,1,LR,1,0
391,1,LR,0,0
397,1,LR,0,0
401,1,LR,0,0
408,1,LR,0,0
423,1,LR,0,0
424,1,LR,0,0
427,1,LR,0,0
431,1,LR,0,0
438,1,LR,0,0
443,1,LR,0,0
446,1,LR,0,0
448,1,LR,0,0
449,1,LR,0,0
452,1,LR,0,0
457,1,LR,0,0
464,1,LR,0,0
488,1,LR,0,0
511,1,LR,0,0
516,1,LR,0,0
528,1,LR,0,1
536,1,LR,0,0
552,1,LR,1,1
553,1,LR,0,0
566,1,LR,0,1
567,1,LR,1,1
568,1,LR,1,1
570,1,LR,0,0
574,1,LR,0,0
584,1,LR,0,0
585,1,LR,0,1
586,1,LR,0,0
600,1,LR,0,0
603,1,LR,0,0
617,1,LR,0,1
622,1,LR,0,0
636,1,LR,0,0
642,1,LR,0,0
645,1,LR,0,0
649,1,LR,0,0
655,1,LR,0,0
659,1,LR,1,1
662,1,LR,1,1
666,1,LR,0,0
685,1,LR,0,0
694,1,LR,0,0
695,1,LR,0,0
699,1,LR,0,0
704,1,LR,0,0
708,1,LR,0,0
711,1,LR,0,0
717,1,LR,0,0
721,1,LR,1,1
729,1,LR,0,1
730,1,LR,0,1
734,1,LR,0,0
737,1,LR,0,0
739,1,LR,0,0
744,1,LR,0,0
745,1,LR,0,0
751,1,LR,0,0
753,1,LR,0,0
758,1,LR,0,0
762,1,LR,0,1
772,1,LR,0,0
773,1,LR,0,0
774,1,LR,0,0
779,1,LR,0,0
780,1,LR,0,0
791,1,LR,1,1
798,1,LR,0,0
799,1,LR,1,1
805,1,LR,0,0
808,1,LR,0,0
819,1,LR,0,0
823,1,LR,0,0
827,1,LR,0,0
829,1,LR,0,0
833,1,LR,0,0
842,1,LR,0,0
843,1,LR,0,0
848,1,LR,0,0
854,1,LR,1,1
858,1,LR,0,0
859,1,LR,0,0
867,1,LR,0,0
870,1,LR,0,0
871,1,LR,0,0
872,1,LR,0,0
881,1,LR,0,0
900,1,LR,0,0
904,1,LR,0,0
905,1,LR,0,0
906,1,LR,0,0
912,1,LR,0,0
918,1,LR,0,0
936,1,LR,1,1
944,1,LR,0,0
946,1,LR,0,0
950,1,LR,0,0
961,1,LR,1,0
967,1,LR,0,0
978,1,LR,0,0
984,1,LR,0,0
986,1,LR,0,0
992,1,LR,0,0
995,1,LR,0,0
1000,1,LR,1,1
1009,1,LR,0,0
1041,1,LR,0,0
1042,1,LR,0,0
1049,1,LR,0,0
1053,1,LR,0,0
1068,1,LR,0,0
1071,1,LR,0,0
1079,1,LR,1,1
1083,1,LR,1,1
1084,1,LR,0,0
1086,1,LR,1,1
1087,1,LR,0,0
1090,1,LR,0,1
1091,1,LR,0,0
1092,1,LR,0,0
1095,1,LR,0,0
1096,1,LR,0,0
1102,1,LR,0,0
1106,1,LR,0,0
1112,1,LR,0,0
1123,1,LR,0,0
1143,1,LR,0,1
1146,1,LR,0,0
1150,1,LR,0,0
1157,1,LR,0,0
1165,1,LR,0,0
1166,1,LR,0,0
1172,1,LR,0,0
1174,1,LR,1,1
1182,1,LR,0,0
1183,1,LR,0,0
1189,1,LR,0,0
1196,1,LR,0,0
1200,1,LR,0,0
1212,1,LR,1,1
1213,1,LR,0,0
1217,1,LR,1,1
1220,1,LR,1,1
1221,1,LR,1,1
1222,1,LR,1,0
1228,1,LR,0,0
1234,1,LR,0,0
1236,1,LR,0,0
1238,1,LR,0,0
1246,1,LR,0,0
1249,1,LR,0,0
1253,1,LR,0,0
1254,1,LR,0,0
1259,1,LR,0,0
1262,1,LR,0,0
1272,1,LR,0,0
1282,1,LR,1,1
1284,1,LR,0,0
1290,1,LR,0,0
1293,1,LR,0,0
1296,1,LR,0,0
1297,1,LR,0,0
1302,1,LR,0,0
1304,1,LR,0,0
1307,1,LR,0,0
1311,1,LR,0,0
1313,1,LR,0,0
1319,1,LR,0,0
1320,1,LR,0,0
1325,1,LR,0,0
1330,1,LR,0,0
1344,1,LR,1,1
1345,1,LR,0,0
1347,1,LR,0,0
1349,1,LR,1,1
1350,1,LR,1,1
1356,1,LR,0,0
1359,1,LR,0,0
1371,1,LR,0,0
1375,1,LR,0,0
1376,1,LR,0,0
1381,1,LR,1,1
1383,1,LR,0,0
1385,1,LR,0,0
1389,1,LR,0,1
1399,1,LR,0,0
1405,1,LR,1,1
1406,1,LR,0,0
1414,1,LR,0,0
1417,1,LR,0,0
1418,1,LR,0,0
1419,1,LR,0,0
1422,1,LR,0,0
1437,1,LR,0,0
1444,1,LR,0,0
1459,1,LR,0,0
1473,1,LR,0,0
1482,1,LR,0,0
1487,1,LR,1,1
1492,1,LR,0,0
1493,1,LR,0,0
1494,1,LR,1,0
1495,1,LR,0,0
1498,1,LR,0,0
1506,1,LR,0,0
1510,1,LR,1,1
1511,1,LR,0,0
1520,1,LR,0,0
1530,1,LR,0,0
1536,1,LR,0,0
1537,1,LR,0,0
1541,1,LR,0,0
1543,1,LR,0,0
1548,1,LR,0,0
1550,1,LR,0,0
1555,1,LR,0,0
1557,1,LR,1,1
1562,1,LR,0,0
1571,1,LR,0,0
1580,1,LR,0,0
1587,1,LR,0,0
1588,1,LR,0,0
1590,1,LR,0,0
1591,1,LR,0,0
1593,1,LR,0,0
1596,1,LR,0,0
1602,1,LR,1,0
1606,1,LR,0,0
1608,1,LR,0,0
1609,1,LR,0,0
1611,1,LR,0,0
1632,1,LR,0,1
1647,1,LR,0,0
1651,1,LR,1,1
1654,1,LR,0,0
1658,1,LR,0,0
1669,1,LR,0,0
1671,1,LR,0,0
1674,1,LR,0,0
1682,1,LR,0,0
1686,1,LR,0,1
1688,1,LR,0,0
1689,1,LR,0,0
1691,1,LR,0,0
1700,1,LR,0,0
1716,1,LR,1,0
1718,1,LR,0,0
1724,1,LR,0,0
1726,1,LR,0,0
1727,1,LR,1,1
1746,1,LR,0,0
1747,1,LR,0,0
1751,1,LR,1,1
1752,1,LR,0,0
1757,1,LR,0,0
1760,1,LR,0,0
1761,1,LR,1,1
1771,1,LR,0,0
1775,1,LR,0,0
1776,1,LR,0,0
1777,1,LR,0,0
1783,1,LR,1,1
1785,1,LR,0,0
1789,1,LR,1,1
1793,1,LR,1,0
1794,1,LR,0,0
1804,1,LR,0,0
1806,1,LR,0,0
1814,1,LR,0,0
1817,1,LR,1,0
1821,1,LR,0,0
1822,1,LR,0,0
1824,1,LR,0,0
1825,1,LR,0,0
1828,1,LR,0,0
1832,1,LR,0,0
1841,1,LR,0,0
1848,1,LR,0,0
1849,1,LR,0,0
1855,1,LR,0,0
1864,1,LR,1,1
1868,1,LR,0,0
1873,1,LR,1,0
1881,1,LR,0,0
1891,1,LR,0,0
1893,1,LR,0,0
1900,1,LR,0,0
1901,1,LR,0,0
1903,1,LR,0,0
1909,1,LR,0,0
1910,1,LR,0,0
1912,1,LR,1,1
1924,1,LR,0,0
1937,1,LR,0,0
1938,1,LR,1,0
1939,1,LR,0,0
1940,1,LR,0,0
1944,1,LR,0,0
1956,1,LR,0,0
1957,1,LR,0,0
1961,1,LR,1,0
1962,1,LR,0,0
1966,1,LR,0,0
1969,1,LR,1,0
1980,1,LR,0,0
1985,1,LR,0,0
2014,1,LR,0,0
2018,1,LR,0,0
2027,1,LR,0,0
2030,1,LR,0,0
2032,1,LR,0,0
2040,1,LR,0,0
2042,1,LR,0,0
2053,1,LR,0,0
2057,1,LR,0,0
2070,1,LR,0,0
2072,1,LR,0,0
2073,1,LR,0,0
2075,1,LR,0,0
2078,1,LR,0,0
2083,1,LR,0,0
2090,1,LR,0,0
2092,1,LR,1,1
2094,1,LR,1,1
2097,1,LR,1,0
2098,1,LR,0,0
2100,1,LR,0,0
2102,1,LR,0,0
2109,1,LR,1,1
2115,1,LR,0,0
2118,1,LR,1,1
2119,1,LR,0,0
2123,1,LR,0,0
2124,1,LR,0,0
2129,1,LR,0,0
2130,1,LR,1,0
2132,1,LR,0,0
2141,1,LR,0,0
2151,1,LR,1,0
2161,1,LR,0,0
2164,1,LR,0,0
2167,1,LR,1,1
2170,1,LR,0,0
2177,1,LR,0,0
2188,1,LR,0,0
2192,1,LR,0,0
2194,1,LR,0,0
2198,1,LR,0,0
2202,1,LR,0,0
2206,1,LR,0,0
2207,1,LR,0,0
2215,1,LR,0,0
2217,1,LR,0,0
2221,1,LR,0,0
2230,1,LR,0,0
2232,1,LR,0,0
2233,1,LR,0,0
2236,1,LR,0,0
2237,1,LR,1,1
2250,1,LR,0,0
2253,1,LR,0,0
2257,1,LR,0,0
2272,1,LR,0,0
2273,1,LR,0,0
2275,1,LR,0,0
2284,1,LR,0,0
2285,1,LR,0,0
2286,1,LR,0,0
2288,1,LR,0,0
2289,1,LR,1,1
2293,1,LR,0,0
2295,1,LR,0,0
2297,1,LR,0,0
2302,1,LR,1,0
2306,1,LR,0,0
2313,1,LR,0,0
2314,1,LR,0,0
2317,1,LR,0,0
2319,1,LR,1,0
2322,1,LR,0,0
2324,1,LR,0,0
2328,1,LR,0,0
2331,1,LR,0,0
2332,1,LR,0,0
2334,1,LR,0,0
2337,1,LR,0,0
2346,1,LR,0,0
2351,1,LR,0,0
2356,1,LR,0,1
2359,1,LR,0,0
2366,1,LR,0,0
2370,1,LR,0,0
2377,1,LR,0,0
2387,1,LR,0,0
2390,1,LR,1,1
2394,1,LR,1,1
2402,1,LR,0,0
2405,1,LR,0,0
2415,1,LR,0,0
2418,1,LR,0,0
2419,1,LR,0,0
2424,1,LR,0,0
2429,1,LR,0,0
2442,1,LR,0,0
2443,1,LR,0,0
2448,1,LR,0,0
2456,1,LR,0,0
2463,1,LR,1,1
2464,1,LR,0,0
2478,1,LR,0,0
2484,1,LR,0,0
2485,1,LR,0,0
2487,1,LR,0,0
2489,1,LR,0,0
2492,1,LR,0,0
2497,1,LR,0,0
2502,1,LR,0,0
2510,1,LR,0,0
2511,1,LR,0,0
2522,1,LR,0,0
2532,1,LR,0,0
2540,1,LR,0,0
2541,1,LR,0,0
2543,1,LR,0,0
2553,1,LR,0,0
2560,1,LR,0,0
2562,1,LR,0,0
2566,1,LR,0,0
2567,1,LR,0,0
2569,1,LR,0,0
2575,1,LR,0,0
2577,1,LR,1,1
2579,1,LR,0,0
2580,1,LR,0,0
2593,1,LR,0,0
2598,1,LR,1,1
2602,1,LR,0,0
2611,1,LR,0,0
2630,1,LR,0,0
2633,1,LR,0,0
2646,1,LR,0,0
2662,1,LR,0,0
2676,1,LR,0,0
2677,1,LR,0,0
2679,1,LR,0,0
2683,1,LR,0,0
2686,1,LR,1,1
2688,1,LR,1,1
2702,1,LR,0,0
2715,1,LR,0,0
2716,1,LR,0,0
2719,1,LR,0,0
2723,1,LR,0,0
2729,1,LR,0,0
2733,1,LR,0,0
2738,1,LR,0,0
2747,1,LR,0,0
2748,1,LR,1,1
2750,1,LR,0,0
2753,1,LR,0,0
2758,1,LR,1,1
2775,1,LR,0,0
2779,1,LR,0,0
2780,1,LR,0,0
2798,1,LR,0,0
2799,1,LR,0,0
2809,1,LR,0,0
2814,1,LR,0,0
2827,1,LR,0,0
2831,1,LR,0,0
2832,1,LR,1,1
2835,1,LR,0,0
2839,1,LR,1,1
2843,1,LR,0,0
2844,1,LR,1,1
2850,1,LR,0,0
2853,1,LR,1,0
2861,1,LR,0,0
2865,1,LR,1,1
2867,1,LR,0,0
2869,1,LR,0,0
2872,1,LR,0,1
2883,1,LR,0,0
2884,1,LR,0,0
2889,1,LR,0,0
2890,1,LR,0,1
2891,1,LR,1,1
2896,1,LR,1,1
2897,1,LR,1,1
2900,1,LR,0,0
2903,1,LR,0,0
2906,1,LR,0,0
2910,1,LR,0,0
2911,1,LR,0,0
2913,1,LR,0,0
2915,1,LR,0,0
2922,1,LR,0,0
2923,1,LR,0,0
2925,1,LR,1,1
2929,1,LR,1,1
2932,1,LR,0,0
2937,1,LR,1,0
2938,1,LR,0,0
2945,1,LR,0,0
2949,1,LR,0,0
2950,1,LR,0,0
2959,1,LR,0,0
2961,1,LR,0,0
2962,1,LR,0,0
2985,1,LR,0,0
2997,1,LR,0,1
3003,1,LR,0,0
3004,1,LR,0,0
3009,1,LR,0,0
3014,1,LR,0,0
3015,1,LR,0,0
3017,1,LR,1,1
3018,1,LR,0,0
3024,1,LR,0,0
3027,1,LR,0,0
3033,1,LR,0,0
3040,1,LR,0,1
3046,1,LR,0,0
3053,1,LR,0,1
3060,1,LR,0,0
3064,1,LR,1,1
3068,1,LR,0,0
3071,1,LR,0,0
3079,1,LR,0,0
3082,1,LR,0,0
3086,1,LR,0,0
3091,1,LR,0,0
3092,1,LR,0,0
3101,1,LR,0,0
3103,1,LR,0,0
3104,1,LR,0,0
3105,1,LR,1,1
3118,1,LR,0,0
3122,1,LR,0,0
3123,1,LR,0,0
3124,1,LR,0,0
3139,1,LR,1,1
3147,1,LR,1,1
3154,1,LR,0,0
3158,1,LR,0,1
3161,1,LR,0,0
3162,1,LR,0,0
3164,1,LR,0,0
3165,1,LR,0,0
3167,1,LR,0,0
3174,1,LR,1,1
3182,1,LR,0,0
3186,1,LR,0,0
3187,1,LR,0,0
3188,1,LR,0,0
3190,1,LR,0,0
3196,1,LR,0,0
3197,1,LR,0,0
3198,1,LR,0,0
3210,1,LR,0,0
3211,1,LR,0,0
3213,1,LR,0,0
3215,1,LR,0,0
3219,1,LR,0,0
3228,1,LR,0,0
3229,1,LR,0,0
3238,1,LR,0,0
3239,1,LR,1,1
3240,1,LR,0,0
3245,1,LR,0,0
3258,1,LR,0,0
3262,1,LR,0,0
3264,1,LR,0,0
3268,1,LR,0,0
3271,1,LR,0,0
3273,1,LR,0,0
3281,1,LR,0,0
3287,1,LR,0,0
3288,1,LR,1,1
3289,1,LR,0,0
3305,1,LR,0,0
3309,1,LR,0,0
3310,1,LR,0,0
3324,1,LR,0,0
3337,1,LR,0,0
3342,1,LR,0,0
3345,1,LR,0,0
3348,1,LR,0,0
3349,1,LR,0,0
3350,1,LR,1,0
3353,1,LR,0,0
3355,1,LR,0,0
3363,1,LR,0,0
3364,1,LR,1,0
3365,1,LR,0,0
3368,1,LR,0,0
3370,1,LR,0,0
3372,1,LR,0,0
3378,1,LR,1,1
3388,1,LR,0,0
3393,1,LR,0,0
3398,1,LR,0,0
3401,1,LR,0,0
3405,1,LR,0,0
3407,1,LR,0,0
3420,1,LR,0,0
3421,1,LR,1,0
3426,1,LR,0,0
3433,1,LR,0,0
3441,1,LR,0,0
3448,1,LR,0,0
3450,1,LR,1,1
3457,1,LR,0,0
3460,1,LR,0,0
3464,1,LR,0,0
3465,1,LR,0,0
3466,1,LR,0,0
3480,1,LR,0,0
3488,1,LR,0,0
3494,1,LR,0,0
3496,1,LR,0,0
3498,1,LR,0,0
3504,1,LR,0,0
3505,1,LR,0,0
3512,1,LR,1,1
3521,1,LR,1,1
3523,1,LR,0,0
3527,1,LR,0,0
3528,1,LR,0,0
3533,1,LR,0,0
3537,1,LR,1,0
3539,1,LR,1,0
3541,1,LR,0,0
3544,1,LR,0,0
3546,1,LR,0,0
3549,1,LR,0,0
3551,1,LR,0,0
3554,1,LR,0,0
3556,1,LR,0,0
3565,1,LR,0,0
3576,1,LR,0,0
3577,1,LR,0,0
3585,1,LR,0,0
3594,1,LR,0,0
3599,1,LR,0,0
3602,1,LR,0,0
3603,1,LR,0,0
3607,1,LR,1,1
3609,1,LR,0,0
3610,1,LR,1,1
3614,1,LR,1,1
3618,1,LR,0,0
3620,1,LR,0,0
3630,1,LR,1,1
3631,1,LR,0,0
3642,1,LR,1,1
3648,1,LR,0,0
3658,1,LR,0,0
3659,1,LR,0,0
3662,1,LR,0,0
3665,1,LR,0,0
3675,1,LR,1,0
3677,1,LR,0,0
3704,1,LR,0,0
3710,1,LR,0,1
3711,1,LR,0,0
3712,1,LR,1,1
3713,1,LR,0,0
3725,1,LR,0,0
3736,1,LR,0,0
3746,1,LR,0,0
3751,1,LR,0,1
3757,1,LR,0,0
3760,1,LR,0,0
3761,1,LR,0,0
3767,1,LR,0,0
3776,1,LR,0,0
3778,1,LR,0,0
3787,1,LR,0,0
3788,1,LR,0,0
3794,1,LR,0,0
3797,1,LR,0,0
3803,1,LR,0,0
3804,1,LR,0,0
3807,1,LR,0,0
3810,1,LR,0,0
3818,1,LR,0,0
3847,1,LR,0,0
3858,1,LR,0,0
3861,1,LR,1,0
3865,1,LR,0,0
3867,1,LR,1,1
3873,1,LR,0,0
3878,1,LR,0,0
3886,1,LR,0,0
3888,1,LR,0,0
3890,1,LR,0,0
3895,1,LR,0,0
3900,1,LR,1,1
3902,1,LR,0,0
3907,1,LR,0,0
3911,1,LR,0,0
3918,1,LR,0,0
3920,1,LR,0,0
3925,1,LR,0,0
3932,1,LR,0,1
3937,1,LR,0,0
3942,1,LR,1,1
3944,1,LR,1,0
3948,1,LR,0,0
3963,1,LR,1,0
3964,1,LR,0,0
3966,1,LR,0,0
3970,1,LR,0,0
3972,1,LR,0,0
3976,1,LR,0,0
3979,1,LR,1,1
3981,1,LR,0,0
3982,1,LR,0,0
3984,1,LR,0,0
3999,1,LR,0,0
4000,1,LR,0,0
4003,1,LR,0,0
4027,1,LR,1,1
4030,1,LR,0,0
4031,1,LR,0,0
4034,1,LR,0,0
4040,1,LR,0,0
4046,1,LR,0,0
4049,1,LR,0,0
4054,1,LR,0,1
4063,1,LR,0,0
4071,1,LR,0,0
4072,1,LR,0,0
4078,1,LR,1,1
4087,1,LR,0,0
4088,1,LR,0,0
4098,1,LR,0,0
4106,1,LR,0,0
4108,1,LR,0,0
4110,1,LR,0,0
4115,1,LR,0,0
4116,1,LR,0,0
4121,1,LR,0,0
4133,1,LR,0,0
4140,1,LR,1,1
4147,1,LR,0,0
4148,1,LR,0,0
4151,1,LR,0,0
4153,1,LR,0,0
4157,1,LR,0,1
4158,1,LR,0,0
4162,1,LR,0,0
4163,1,LR,0,0
4174,1,LR,0,0
4185,1,LR,0,0
4187,1,LR,0,0
4189,1,LR,0,0
4190,1,LR,0,0
4195,1,LR,0,0
4202,1,LR,0,0
4205,1,LR,0,0
4214,1,LR,0,0
4215,1,LR,1,1
4221,1,LR,1,1
4234,1,LR,0,1
4235,1,LR,0,0
4237,1,LR,0,0
4241,1,LR,0,0
4243,1,LR,0,0
4245,1,LR,0,0
4246,1,LR,1,1
4253,1,LR,0,0
4259,1,LR,0,0
4263,1,LR,0,0
4266,1,LR,0,0
4271,1,LR,0,0
4274,1,LR,1,1
4280,1,LR,0,0
4284,1,LR,1,1
4288,1,LR,0,1
4292,1,LR,0,0
4302,1,LR,0,0
4304,1,LR,0,0
4307,1,LR,0,0
4312,1,LR,0,0
4317,1,LR,0,0
4324,1,LR,0,0
4333,1,LR,0,0
4335,1,LR,0,0
4340,1,LR,0,0
4341,1,LR,0,0
4353,1,LR,0,1
4357,1,LR,0,0
4378,1,LR,0,0
4382,1,LR,0,0
4385,1,LR,0,0
4390,1,LR,0,0
4393,1,LR,0,0
4394,1,LR,0,0
4409,1,LR,0,0
4415,1,LR,0,0
4429,1,LR,0,0
4435,1,LR,1,1
4438,1,LR,0,0
4442,1,LR,0,0
4447,1,LR,0,0
4448,1,LR,0,0
4456,1,LR,0,0
4459,1,LR,0,0
4470,1,LR,0,0
4479,1,LR,0,0
4481,1,LR,0,0
4486,1,LR,1,1
4490,1,LR,0,0
4498,1,LR,0,0
4500,1,LR,0,0
4520,1,LR,0,0
4526,1,LR,0,0
4531,1,LR,0,0
4535,1,LR,0,0
4539,1,LR,1,1
4540,1,LR,0,0
4554,1,LR,0,0
4559,1,LR,0,0
4567,1,LR,0,1
4573,1,LR,0,0
4588,1,LR,0,0
4589,1,LR,0,0
4591,1,LR,0,0
4592,1,LR,0,1
4595,1,LR,0,0
4610,1,LR,0,0
4613,1,LR,0,0
4622,1,LR,0,0
4625,1,LR,0,0
4630,1,LR,1,0
4638,1,LR,0,0
4639,1,LR,0,0
4642,1,LR,0,0
4650,1,LR,0,0
4654,1,LR,0,0
4659,1,LR,0,0
4670,1,LR,0,1
4673,1,LR,0,0
4686,1,LR,0,0
4693,1,LR,0,0
4694,1,LR,0,0
4699,1,LR,1,1
4707,1,LR,0,0
4712,1,LR,0,0
4716,1,LR,0,0
4727,1,LR,0,0
4732,1,LR,0,0
4733,1,LR,0,0
4735,1,LR,0,0
4741,1,LR,0,0
4755,1,LR,0,0
4762,1,LR,1,0
4763,1,LR,0,0
4766,1,LR,0,0
4768,1,LR,0,0
4774,1,LR,0,0
4784,1,LR,0,0
4792,1,LR,0,0
4794,1,LR,0,0
4795,1,LR,0,0
4799,1,LR,0,0
4800,1,LR,0,0
4806,1,LR,1,1
4811,1,LR,0,0
4822,1,LR,0,0
4824,1,LR,1,1
4827,1,LR,0,0
4828,1,LR,0,0
4831,1,LR,0,0
4832,1,LR,0,0
4834,1,LR,0,0
4847,1,LR,0,0
4849,1,LR,0,0
4860,1,LR,0,0
4861,1,LR,0,0
4866,1,LR,0,0
4870,1,LR,0,0
4873,1,LR,0,0
4880,1,LR,0,0
4888,1,LR,0,0
4904,1,LR,1,1
4910,1,LR,0,0
4935,1,LR,0,0
4937,1,LR,0,0
4938,1,LR,0,0
4939,1,LR,0,0
4943,1,LR,0,0
4944,1,LR,1,1
4959,1,LR,0,0
4960,1,LR,0,0
4963,1,LR,1,0
4967,1,LR,1,0
4974,1,LR,0,0
4979,1,LR,0,0
4991,1,LR,0,0
4994,1,LR,0,0
4996,1,LR,0,0
5009,1,LR,0,0
5013,1,LR,1,1
5019,1,LR,0,0
5021,1,LR,0,0
5033,1,LR,0,0
5035,1,LR,0,0
5036,1,LR,0,0
5040,1,LR,0,1
5041,1,LR,0,0
5044,1,LR,0,1
5047,1,LR,0,0
5049,1,LR,0,0
5050,1,LR,0,0
5053,1,LR,0,0
5055,1,LR,0,0
5056,1,LR,0,0
5057,1,LR,0,0
5063,1,LR,0,0
5067,1,LR,0,0
5068,1,LR,0,0
5069,1,LR,0,0
5075,1,LR,0,0
5077,1,LR,1,1
5078,1,LR,0,0
5080,1,LR,0,0
5081,1,LR,0,0
5082,1,LR,0,0
5084,1,LR,0,0
5087,1,LR,1,1
5091,1,LR,0,0
5095,1,LR,0,0
5097,1,LR,1,0
5098,1,LR,0,0
5102,1,LR,0,1
5112,1,LR,0,0
5117,1,LR,0,0
5123,1,LR,0,0
5125,1,LR,0,0
5130,1,LR,0,0
5137,1,LR,0,0
5142,1,LR,0,0
5147,1,LR,0,0
5154,1,LR,0,0
5155,1,LR,0,0
5162,1,LR,0,0
5176,1,LR,0,0
5180,1,LR,0,0
5186,1,LR,0,0
5195,1,LR,0,0
5200,1,LR,0,0
5209,1,LR,0,0
5214,1,LR,0,0
5216,1,LR,0,0
5220,1,LR,1,1
5225,1,LR,0,0
5233,1,LR,0,0
5242,1,LR,0,0
5246,1,LR,0,0
5257,1,LR,0,0
5266,1,LR,0,0
5267,1,LR,0,0
5269,1,LR,0,0
5271,1,LR,0,0
5275,1,LR,0,0
5279,1,LR,0,0
5282,1,LR,1,1
5284,1,LR,0,0
5289,1,LR,0,0
5293,1,LR,0,0
5294,1,LR,0,0
5296,1,LR,0,0
5299,1,LR,0,0
5307,1,LR,0,0
5311,1,LR,1,1
5314,1,LR,0,0
5319,1,LR,0,0
5325,1,LR,0,0
5334,1,LR,0,0
5339,1,LR,0,0
5346,1,LR,0,0
5353,1,LR,0,0
5358,1,LR,0,0
5361,1,LR,0,0
5362,1,LR,1,1
5363,1,LR,0,0
5367,1,LR,0,0
5371,1,LR,0,0
5374,1,LR,1,1
5380,1,LR,0,0
5381,1,LR,0,0
5387,1,LR,0,0
5390,1,LR,0,0
5393,1,LR,0,0
5395,1,LR,0,0
5403,1,LR,0,0
5405,1,LR,1,0
5406,1,LR,0,0
5407,1,LR,0,0
5409,1,LR,1,1
5428,1,LR,0,0
5439,1,LR,0,0
5440,1,LR,0,0
5446,1,LR,0,0
5452,1,LR,0,0
5453,1,LR,0,0
5456,1,LR,1,1
5459,1,LR,0,0
5470,1,LR,0,0
5471,1,LR,0,0
5473,1,LR,0,0
5474,1,LR,0,0
5476,1,LR,0,0
5482,1,LR,0,0
5484,1,LR,0,0
5485,1,LR,0,0
5487,1,LR,0,0
5495,1,LR,0,0
5499,1,LR,0,1
5503,1,LR,0,0
5505,1,LR,0,0
5512,1,LR,0,0
5522,1,LR,0,0
5527,1,LR,0,0
5531,1,LR,1,1
5534,1,LR,0,0
5536,1,LR,0,1
5538,1,LR,0,0
5543,1,LR,0,0
5554,1,LR,0,0
5559,1,LR,0,0
5567,1,LR,0,0
5574,1,LR,0,0
5577,1,LR,1,1
5591,1,LR,0,0
5612,1,LR,0,0
5622,1,LR,0,0
5623,1,LR,0,0
5624,1,LR,0,0
5632,1,LR,0,0
5633,1,LR,0,0
5637,1,LR,0,0
5647,1,LR,0,0
5648,1,LR,0,0
5654,1,LR,0,0
5656,1,LR,1,1
5657,1,LR,1,1
5660,1,LR,0,0
5668,1,LR,0,0
5669,1,LR,0,0
5671,1,LR,0,0
5677,1,LR,0,0
5685,1,LR,0,0
5691,1,LR,0,0
5698,1,LR,0,0
5699,1,LR,0,0
5701,1,LR,0,0
5712,1,LR,0,0
5714,1,LR,0,0
5717,1,LR,0,0
5721,1,LR,1,1
5725,1,LR,0,0
5727,1,LR,0,0
5733,1,LR,0,0
5734,1,LR,0,0
5740,1,LR,0,0
5751,1,LR,0,0
5752,1,LR,0,0
5758,1,LR,0,0
5762,1,LR,0,0
5763,1,LR,0,0
5766,1,LR,0,0
5768,1,LR,0,0
5778,1,LR,0,0
5785,1,LR,0,0
5787,1,LR,0,0
5790,1,LR,0,0
5796,1,LR,0,0
5799,1,LR,0,0
5813,1,LR,0,0
5820,1,LR,1,1
5837,1,LR,0,0
5838,1,LR,0,0
5846,1,LR,0,0
5851,1,LR,1,1
5853,1,LR,0,0
5856,1,LR,1,1
5864,1,LR,0,0
5867,1,LR,1,1
5872,1,LR,0,0
5876,1,LR,0,0
5881,1,LR,0,0
5886,1,LR,0,0
5890,1,LR,0,0
5895,1,LR,0,0
5898,1,LR,0,0
5901,1,LR,0,0
5904,1,LR,0,0
5909,1,LR,0,0
5916,1,LR,0,0
5929,1,LR,0,0
5931,1,LR,0,0
5932,1,LR,0,0
5933,1,LR,0,0
5936,1,LR,0,0
5960,1,LR,0,0
5966,1,LR,0,0
5971,1,LR,0,0
5982,1,LR,0,0
5983,1,LR,0,1
5986,1,LR,0,0
5988,1,LR,0,0
5991,1,LR,0,0
5994,1,LR,0,0
5995,1,LR,0,0
5998,1,LR,0,1
6001,1,LR,0,0
6002,1,LR,1,1
6007,1,LR,0,0
6033,1,LR,1,1
6045,1,LR,0,0
6048,1,LR,0,0
6058,1,LR,0,0
6061,1,LR,0,0
6062,1,LR,0,0
6066,1,LR,0,0
6078,1,LR,0,0
6084,1,LR,1,1
6086,1,LR,0,0
6088,1,LR,0,0
6090,1,LR,0,0
6091,1,LR,1,1
6092,1,LR,0,0
6096,1,LR,0,0
6099,1,LR,0,0
6100,1,LR,0,0
6115,1,LR,0,0
6118,1,LR,0,0
6119,1,LR,1,1
6120,1,LR,0,0
6124,1,LR,0,0
6125,1,LR,0,0
6126,1,LR,0,0
6127,1,LR,0,0
6128,1,LR,0,0
6130,1,LR,1,1
6131,1,LR,0,0
6132,1,LR,0,0
6155,1,LR,0,0
6160,1,LR,1,1
6162,1,LR,0,0
6163,1,LR,0,0
6164,1,LR,1,1
6178,1,LR,0,0
6179,1,LR,0,0
6182,1,LR,0,0
6187,1,LR,0,0
6196,1,LR,0,0
6198,1,LR,0,0
6205,1,LR,0,0
6208,1,LR,0,0
6210,1,LR,0,0
6223,1,LR,0,0
6226,1,LR,0,0
6231,1,LR,0,1
6235,1,LR,0,0
6237,1,LR,0,0
6238,1,LR,0,0
6246,1,LR,0,0
6254,1,LR,0,0
6257,1,LR,1,1
6259,1,LR,1,1
6267,1,LR,0,0
6269,1,LR,1,1
6278,1,LR,0,0
6307,1,LR,0,0
6308,1,LR,0,0
6314,1,LR,0,0
6319,1,LR,0,0
6320,1,LR,0,0
6323,1,LR,0,0
6327,1,LR,1,1
6328,1,LR,0,0
6335,1,LR,0,0
6339,1,LR,1,1
6358,1,LR,0,0
6369,1,LR,0,1
6391,1,LR,0,0
6394,1,LR,0,0
6395,1,LR,1,1
6396,1,LR,0,0
6398,1,LR,1,1
6404,1,LR,0,0
6411,1,LR,0,0
6412,1,LR,0,0
6414,1,LR,0,0
6415,1,LR,0,0
6423,1,LR,0,0
6425,1,LR,0,1
6432,1,LR,0,0
6437,1,LR,0,0
6438,1,LR,0,0
6447,1,LR,1,1
6450,1,LR,0,0
6452,1,LR,0,0
6456,1,LR,0,0
6460,1,LR,0,0
6475,1,LR,0,0
6477,1,LR,0,0
6480,1,LR,0,0
6486,1,LR,0,0
6487,1,LR,1,1
6488,1,LR,0,0
6491,1,LR,1,1
6496,1,LR,1,0
6501,1,LR,0,0
6503,1,LR,0,0
6510,1,LR,0,0
6517,1,LR,0,0
6518,1,LR,0,0
6522,1,LR,0,0
6529,1,LR,0,0
6544,1,LR,0,0
6545,1,LR,0,0
6547,1,LR,0,0
6551,1,LR,0,0
6555,1,LR,0,0
6556,1,LR,0,0
6565,1,LR,0,0
6573,1,LR,0,1
6581,1,LR,1,0
6583,1,LR,0,0
6591,1,LR,0,0
6598,1,LR,0,0
6601,1,LR,0,0
6605,1,LR,0,0
6607,1,LR,0,0
6624,1,LR,0,0
6630,1,LR,0,0
6632,1,LR,0,0
6638,1,LR,1,1
6640,1,LR,0,0
6641,1,LR,0,0
6643,1,LR,0,0
6647,1,LR,0,0
6655,1,LR,0,0
6656,1,LR,0,0
6657,1,LR,0,0
6667,1,LR,0,0
6675,1,LR,0,1
6676,1,LR,0,0
6687,1,LR,0,0
6688,1,LR,0,0
6693,1,LR,0,0
6702,1,LR,0,0
6708,1,LR,1,0
6709,1,LR,0,0
6715,1,LR,0,0
6717,1,LR,0,0
6722,1,LR,0,0
6730,1,LR,0,0
6731,1,LR,0,0
6732,1,LR,0,0
6737,1,LR,0,0
6739,1,LR,0,0
6741,1,LR,1,1
6743,1,LR,0,0
6744,1,LR,0,0
6745,1,LR,1,1
6750,1,LR,0,0
6753,1,LR,0,0
6766,1,LR,1,0
6772,1,LR,0,0
6773,1,LR,0,0
6787,1,LR,0,0
6799,1,LR,0,0
6806,1,LR,0,0
6811,1,LR,0,0
6819,1,LR,0,0
6821,1,LR,0,0
6828,1,LR,0,0
6833,1,LR,0,0
6835,1,LR,0,0
6852,1,LR,0,0
6857,1,LR,1,1
6860,1,LR,0,0
6867,1,LR,0,0
6870,1,LR,0,0
6872,1,LR,0,0
6879,1,LR,0,0
6885,1,LR,0,0
6896,1,LR,0,0
6899,1,LR,1,1
6905,1,LR,1,1
6910,1,LR,1,1
6912,1,LR,0,0
6915,1,LR,0,0
6919,1,LR,0,0
6924,1,LR,0,0
6928,1,LR,0,0
6933,1,LR,0,0
6936,1,LR,1,1
6937,1,LR,0,0
6939,1,LR,1,0
6940,1,LR,0,0
6941,1,LR,0,0
6958,1,LR,0,0
6966,1,LR,0,0
6973,1,LR,0,0
6974,1,LR,0,0
6979,1,LR,0,0
6980,1,LR,1,1
6983,1,LR,0,0
6992,1,LR,0,0
6996,1,LR,0,0
7008,1,LR,0,0
7010,1,LR,0,1
7035,1,LR,0,0
7037,1,LR,0,0
7038,1,LR,0,0
7039,1,LR,0,0
7041,1,LR,0,0
7046,1,LR,0,0
7068,1,LR,1,1
7073,1,LR,0,0
7084,1,LR,0,0
7090,1,LR,0,0
7095,1,LR,0,0
7103,1,LR,0,0
7106,1,LR,0,0
7108,1,LR,0,0
7112,1,LR,0,0
7114,1,LR,0,0
7121,1,LR,0,0
7126,1,LR,0,0
7128,1,LR,0,0
7129,1,LR,0,0
7133,1,LR,0,0
7141,1,LR,1,1
7149,1,LR,0,0
7154,1,LR,1,0
7156,1,LR,1,0
7162,1,LR,0,0
7171,1,LR,0,0
7179,1,LR,0,0
7180,1,LR,0,0
7185,1,LR,0,0
7189,1,LR,1,1
7191,1,LR,0,0
7199,1,LR,0,0
7200,1,LR,1,1
7205,1,LR,0,0
7206,1,LR,0,0
7209,1,LR,0,0
7217,1,LR,0,0
7222,1,LR,0,0
7225,1,LR,0,0
7230,1,LR,0,0
7233,1,LR,0,0
7243,1,LR,0,0
7253,1,LR,0,0
7258,1,LR,0,0
7263,1,LR,0,0
7264,1,LR,0,0
7265,1,LR,0,0
7271,1,LR,0,0
7272,1,LR,0,0
7280,1,LR,1,1
7289,1,LR,0,0
7294,1,LR,0,0
7310,1,LR,1,0
7319,1,LR,0,0
7324,1,LR,0,0
7326,1,LR,0,0
7333,1,LR,0,0
7335,1,LR,0,0
7340,1,LR,1,1
7341,1,LR,0,0
7344,1,LR,0,0
7345,1,LR,0,0
7347,1,LR,0,0
7358,1,LR,1,1
7371,1,LR,0,0
7376,1,LR,1,1
7380,1,LR,0,0
7381,1,LR,1,1
7387,1,LR,0,0
7388,1,LR,1,1
7392,1,LR,0,0
7398,1,LR,1,0
7406,1,LR,1,1
7420,1,LR,1,1
7424,1,LR,0,0
7425,1,LR,1,1
7428,1,LR,0,0
7430,1,LR,0,0
7431,1,LR,0,0
7433,1,LR,0,0
7435,1,LR,1,1
7437,1,LR,0,0
7446,1,LR,0,0
7453,1,LR,0,0
7456,1,LR,0,0
7460,1,LR,0,1
7464,1,LR,1,1
7466,1,LR,0,0
7473,1,LR,0,0
7474,1,LR,0,0
7478,1,LR,0,0
7479,1,LR,0,0
7481,1,LR,0,0
7485,1,LR,0,0
7492,1,LR,0,0
7495,1,LR,0,0
7507,1,LR,0,0
7508,1,LR,0,0
7511,1,LR,0,0
7515,1,LR,0,0
7516,1,LR,0,0
7518,1,LR,1,1
7521,1,LR,0,0
7525,1,LR,0,0
7526,1,LR,0,0
7532,1,LR,0,0
7546,1,LR,0,0
7554,1,LR,0,0
7562,1,LR,1,1
7568,1,LR,0,1
7570,1,LR,0,0
7579,1,LR,1,1
7583,1,LR,0,0
7592,1,LR,0,0
7603,1,LR,0,0
7605,1,LR,0,0
7606,1,LR,0,0
7609,1,LR,0,0
7614,1,LR,0,0
7617,1,LR,0,0
7623,1,LR,0,0
7631,1,LR,0,0
7632,1,LR,0,0
7633,1,LR,0,0
7651,1,LR,0,0
7657,1,LR,0,0
7663,1,LR,0,0
7667,1,LR,0,0
7669,1,LR,0,0
7675,1,LR,0,0
7676,1,LR,0,0
7677,1,LR,1,1
7683,1,LR,1,1
7691,1,LR,0,0
7692,1,LR,0,0
7697,1,LR,0,0
7698,1,LR,0,0
7701,1,LR,0,0
7704,1,LR,0,0
7712,1,LR,0,0
7715,1,LR,0,0
7716,1,LR,0,0
7721,1,LR,0,0
7722,1,LR,0,0
7724,1,LR,0,0
7728,1,LR,0,0
7730,1,LR,0,0
7736,1,LR,0,0
7748,1,LR,0,0
7749,1,LR,0,0
7751,1,LR,0,0
7753,1,LR,0,0
7757,1,LR,0,0
7760,1,LR,0,0
7765,1,LR,1,1
7779,1,LR,0,0
7786,1,LR,0,0
7791,1,LR,0,0
7796,1,LR,0,0
7808,1,LR,0,0
7809,1,LR,1,0
7815,1,LR,0,0
7816,1,LR,1,1
7820,1,LR,0,0
7836,1,LR,0,0
7844,1,LR,0,0
7846,1,LR,0,0
7848,1,LR,0,0
7855,1,LR,0,0
7858,1,LR,0,0
7863,1,LR,1,1
7864,1,LR,0,0
7865,1,LR,0,0
7866,1,LR,0,0
7867,1,LR,0,0
7871,1,LR,0,0
7875,1,LR,0,0
7878,1,LR,1,1
7884,1,LR,0,0
7888,1,LR,0,0
7894,1,LR,0,0
7895,1,LR,0,0
7896,1,LR,0,0
7898,1,LR,0,0
7908,1,LR,0,1
7909,1,LR,0,0
7917,1,LR,0,0
7928,1,LR,0,0
7929,1,LR,0,0
7931,1,LR,0,0
7935,1,LR,1,1
7937,1,LR,0,0
7938,1,LR,0,0
7946,1,LR,0,0
7955,1,LR,0,0
7960,1,LR,0,0
7962,1,LR,0,0
7969,1,LR,0,0
7976,1,LR,0,0
7980,1,LR,1,1
7981,1,LR,0,0
7983,1,LR,0,0
7993,1,LR,0,0
7996,1,LR,0,0
8002,1,LR,0,1
8003,1,LR,0,0
8006,1,LR,0,0
8007,1,LR,0,0
8008,1,LR,0,0
8027,1,LR,0,0
8031,1,LR,0,0
8032,1,LR,0,0
8035,1,LR,0,0
8041,1,LR,0,0
8042,1,LR,0,0
8053,1,LR,1,1
8055,1,LR,0,0
8061,1,LR,0,0
8082,1,LR,0,0
8086,1,LR,0,0
8099,1,LR,0,0
8103,1,LR,0,0
8105,1,LR,0,0
8114,1,LR,0,0
8116,1,LR,0,0
8121,1,LR,0,0
8123,1,LR,0,1
8127,1,LR,0,0
8128,1,LR,0,0
8131,1,LR,0,0
8146,1,LR,0,0
8155,1,LR,0,1
8159,1,LR,0,0
8163,1,LR,0,0
8172,1,LR,1,1
8181,1,LR,0,0
8188,1,LR,0,0
8190,1,LR,1,1
8191,1,LR,0,0
8194,1,LR,0,0
8199,1,LR,0,1
8200,1,LR,0,0
8201,1,LR,0,0
8202,1,LR,0,0
8207,1,LR,0,0
8214,1,LR,0,0
8222,1,LR,0,0
8224,1,LR,0,0
8229,1,LR,0,0
8230,1,LR,0,0
8233,1,LR,0,0
8239,1,LR,0,1
8243,1,LR,0,0
8249,1,LR,0,0
8254,1,LR,0,0
8257,1,LR,0,0
8264,1,LR,0,0
8268,1,LR,0,0
8272,1,LR,0,0
8276,1,LR,0,0
8288,1,LR,0,0
8289,1,LR,0,0
8290,1,LR,0,0
8292,1,LR,0,0
8297,1,LR,1,1
8299,1,LR,0,0
8301,1,LR,0,0
8303,1,LR,0,0
8311,1,LR,0,0
8316,1,LR,0,0
8318,1,LR,1,1
8319,1,LR,0,0
8320,1,LR,0,0
8321,1,LR,0,0
8323,1,LR,0,0
8324,1,LR,0,0
8331,1,LR,0,0
8343,1,LR,0,0
8352,1,LR,0,0
8358,1,LR,0,0
8382,1,LR,0,0
8383,1,LR,1,1
8386,1,LR,0,0
8394,1,LR,0,0
8395,1,LR,0,0
8397,1,LR,0,0
8405,1,LR,0,0
8408,1,LR,0,0
8416,1,LR,0,0
8429,1,LR,0,0
8435,1,LR,1,1
8440,1,LR,0,0
8446,1,LR,0,0
8452,1,LR,0,0
8455,1,LR,0,0
8457,1,LR,0,0
8465,1,LR,0,0
8466,1,LR,0,0
8471,1,LR,0,0
8472,1,LR,1,1
8481,1,LR,0,0
8486,1,LR,0,0
8489,1,LR,0,0
8500,1,LR,1,1
8501,1,LR,0,0
8507,1,LR,0,0
8513,1,LR,0,0
8519,1,LR,0,0
8527,1,LR,0,0
8530,1,LR,0,0
8534,1,LR,1,0
8536,1,LR,0,0
8547,1,LR,0,0
8568,1,LR,0,0
8572,1,LR,0,1
8575,1,LR,0,0
8576,1,LR,0,0
8578,1,LR,1,1
8581,1,LR,0,0
8586,1,LR,1,1
8593,1,LR,0,0
8596,1,LR,1,1
8601,1,LR,0,0
8611,1,LR,0,0
8613,1,LR,0,1
8626,1,LR,1,1
8627,1,LR,0,1
8643,1,LR,0,0
8644,1,LR,0,0
8650,1,LR,0,0
8653,1,LR,0,1
8656,1,LR,0,0
8657,1,LR,0,0
8693,1,LR,0,0
8700,1,LR,0,0
8708,1,LR,0,0
8711,1,LR,0,1
8712,1,LR,1,0
8718,1,LR,0,0
8722,1,LR,0,0
8734,1,LR,1,1
8750,1,LR,0,0
8755,1,LR,0,0
8777,1,LR,0,0
8780,1,LR,0,0
8783,1,LR,0,0
8790,1,LR,0,0
8797,1,LR,0,0
8799,1,LR,0,0
8829,1,LR,0,0
8834,1,LR,0,0
8836,1,LR,0,0
8840,1,LR,0,0
8850,1,LR,1,1
8860,1,LR,0,0
8871,1,LR,0,0
8872,1,LR,0,0
8875,1,LR,0,0
8876,1,LR,1,1
8877,1,LR,0,0
8880,1,LR,0,0
8882,1,LR,0,0
8889,1,LR,0,0
8893,1,LR,0,0
8894,1,LR,0,0
8898,1,LR,0,0
8899,1,LR,0,0
8902,1,LR,0,0
8904,1,LR,0,1
8909,1,LR,0,0
8910,1,LR,0,0
8918,1,LR,0,0
8921,1,LR,0,0
8922,1,LR,0,0
8925,1,LR,0,0
8928,1,LR,1,0
8930,1,LR,0,0
8934,1,LR,0,0
8940,1,LR,0,0
8959,1,LR,0,0
8960,1,LR,0,0
8964,1,LR,0,0
8966,1,LR,0,0
8976,1,LR,1,1
8978,1,LR,0,0
8987,1,LR,0,0
8989,1,LR,1,1
8993,1,LR,0,0
8994,1,LR,0,0
8996,1,LR,0,0
9011,1,LR,0,0
9014,1,LR,0,0
9015,1,LR,0,0
9018,1,LR,0,0
9029,1,LR,0,0
9042,1,LR,1,1
9047,1,LR,0,0
9049,1,LR,0,1
9058,1,LR,0,0
9062,1,LR,0,0
9069,1,LR,0,0
9072,1,LR,0,0
9075,1,LR,1,1
9079,1,LR,0,0
9083,1,LR,0,0
9089,1,LR,0,0
9092,1,LR,1,1
9093,1,LR,0,0
9095,1,LR,0,0
9102,1,LR,0,0
9107,1,LR,0,0
9116,1,LR,0,0
9117,1,LR,0,0
9125,1,LR,0,0
9128,1,LR,0,0
9130,1,LR,0,0
9134,1,LR,0,0
9137,1,LR,0,0
9143,1,LR,0,0
9144,1,LR,0,0
9147,1,LR,0,0
9150,1,LR,0,0
9151,1,LR,0,0
9164,1,LR,0,0
9168,1,LR,0,0
9170,1,LR,0,0
9172,1,LR,0,0
9183,1,LR,1,1
9184,1,LR,0,0
9185,1,LR,0,0
9187,1,LR,0,0
9199,1,LR,0,0
9200,1,LR,0,0
9202,1,LR,0,0
9212,1,LR,0,0
9217,1,LR,0,0
9227,1,LR,0,0
9239,1,LR,0,0
9240,1,LR,0,0
9242,1,LR,0,0
9246,1,LR,0,0
9250,1,LR,0,0
9258,1,LR,0,0
9260,1,LR,0,0
9261,1,LR,0,0
9267,1,LR,0,0
9271,1,LR,1,1
9274,1,LR,1,1
9281,1,LR,0,0
9284,1,LR,0,0
9286,1,LR,0,0
9289,1,LR,0,0
9290,1,LR,0,0
9291,1,LR,0,0
9297,1,LR,1,1
9298,1,LR,0,0
9302,1,LR,0,0
9313,1,LR,1,1
9314,1,LR,0,0
9316,1,LR,0,0
9324,1,LR,0,0
9330,1,LR,0,0
9332,1,LR,0,0
9333,1,LR,0,0
9335,1,LR,1,1
9336,1,LR,0,0
9338,1,LR,0,0
9339,1,LR,0,0
9344,1,LR,0,0
9350,1,LR,1,1
9354,1,LR,0,0
9357,1,LR,0,0
9358,1,LR,0,0
9359,1,LR,0,0
9364,1,LR,0,0
9367,1,LR,0,0
9368,1,LR,0,0
9391,1,LR,0,0
9397,1,LR,0,0
9398,1,LR,0,0
9405,1,LR,0,0
9408,1,LR,0,0
9410,1,LR,0,0
9418,1,LR,0,0
9420,1,LR,0,0
9422,1,LR,0,0
9423,1,LR,0,0
9432,1,LR,0,0
9434,1,LR,0,0
9437,1,LR,0,0
9438,1,LR,0,0
9447,1,LR,0,0
9451,1,LR,0,0
9453,1,LR,0,0
9461,1,LR,1,1
9465,1,LR,0,0
9474,1,LR,0,1
9486,1,LR,1,0
9491,1,LR,0,0
9494,1,LR,1,1
9495,1,LR,0,0
9503,1,LR,0,0
9505,1,LR,0,0
9511,1,LR,0,0
9513,1,LR,0,0
9517,1,LR,0,0
9521,1,LR,0,0
9524,1,LR,0,0
9526,1,LR,0,1
9527,1,LR,0,0
9533,1,LR,0,0
9542,1,LR,0,0
9544,1,LR,0,0
9547,1,LR,0,0
9552,1,LR,0,0
9554,1,LR,0,0
9556,1,LR,0,0
9557,1,LR,0,0
9561,1,LR,0,0
9566,1,LR,0,0
9567,1,LR,0,0
9576,1,LR,0,0
9582,1,LR,1,1
9588,1,LR,1,1
9597,1,LR,0,0
9606,1,LR,0,0
9611,1,LR,0,0
9612,1,LR,0,0
9613,1,LR,0,0
9618,1,LR,0,0
9620,1,LR,0,0
9637,1,LR,0,0
9644,1,LR,0,0
9653,1,LR,0,0
9655,1,LR,0,0
9660,1,LR,0,0
9662,1,LR,0,0
9675,1,LR,0,0
9687,1,LR,0,0
9688,1,LR,0,0
9689,1,LR,0,0
9690,1,LR,0,0
9691,1,LR,0,0
9708,1,LR,0,0
9709,1,LR,0,0
9714,1,LR,0,0
9720,1,LR,0,0
9723,1,LR,0,0
9726,1,LR,0,0
9727,1,LR,0,0
9745,1,LR,0,0
9746,1,LR,0,0
9752,1,LR,1,1
9757,1,LR,0,0
9759,1,LR,1,1
9769,1,LR,1,0
9771,1,LR,0,0
9787,1,LR,0,0
9793,1,LR,0,1
9800,1,LR,0,0
9801,1,LR,0,0
9807,1,LR,0,0
9812,1,LR,0,0
9813,1,LR,0,0
9816,1,LR,0,0
9817,1,LR,0,0
9828,1,LR,0,0
9831,1,LR,0,0
9836,1,LR,0,0
9840,1,LR,0,0
9855,1,LR,0,0
9856,1,LR,0,0
9857,1,LR,0,0
9859,1,LR,0,0
9865,1,LR,0,0
9872,1,LR,0,0
9876,1,LR,0,0
9880,1,LR,0,1
9893,1,LR,0,0
9909,1,LR,1,0
9911,1,LR,0,0
9912,1,LR,0,0
9917,1,LR,0,0
9920,1,LR,0,0
9937,1,LR,0,0
9939,1,LR,0,0
9943,1,LR,0,0
9953,1,LR,0,0
9964,1,LR,0,0
9965,1,LR,0,0
9966,1,LR,0,1
9967,1,LR,0,0
9995,1,LR,0,0
9997,1,LR,1,1
10001,1,LR,0,0
10006,1,LR,0,1
10012,1,LR,0,0
10019,1,LR,0,0
10022,1,LR,0,0
10026,1,LR,0,0
10033,1,LR,0,0
10037,1,LR,0,0
10039,1,LR,0,0
10040,1,LR,1,0
10042,1,LR,0,0
10043,1,LR,0,0
10045,1,LR,0,0
10062,1,LR,0,0
10063,1,LR,0,0
10073,1,LR,0,0
10076,1,LR,0,0
10078,1,LR,0,0
10080,1,LR,0,0
10086,1,LR,0,0
10087,1,LR,0,0
10096,1,LR,0,0
10101,1,LR,0,0
10102,1,LR,0,0
10110,1,LR,0,0
10111,1,LR,0,0
10113,1,LR,0,0
10114,1,LR,0,0
10117,1,LR,0,0
10122,1,LR,0,0
10125,1,LR,0,0
10126,1,LR,1,1
10130,1,LR,0,0
10132,1,LR,1,1
10134,1,LR,1,0
10135,1,LR,0,0
10136,1,LR,0,0
10139,1,LR,0,0
10143,1,LR,0,0
10158,1,LR,0,0
10163,1,LR,1,0
10171,1,LR,0,0
10179,1,LR,0,0
10180,1,LR,0,1
10183,1,LR,0,0
10195,1,LR,0,0
10207,1,LR,0,1
10226,1,LR,0,0
10236,1,LR,0,0
10240,1,LR,0,0
10242,1,LR,0,0
10246,1,LR,0,0
10254,1,LR,0,0
10256,1,LR,0,0
10257,1,LR,0,0
10258,1,LR,0,0
10263,1,LR,0,0
10277,1,LR,0,0
10279,1,LR,1,0
10282,1,LR,0,0
10290,1,LR,0,0
10295,1,LR,0,0
10296,1,LR,0,0
10304,1,LR,0,0
10307,1,LR,1,1
10323,1,LR,0,0
10327,1,LR,0,0
10330,1,LR,0,0
10332,1,LR,1,1
10337,1,LR,0,0
10344,1,LR,0,0
10347,1,LR,0,0
10354,1,LR,1,1
10359,1,LR,0,0
10362,1,LR,0,0
10364,1,LR,0,0
10368,1,LR,0,0
10374,1,LR,1,1
10382,1,LR,0,0
10386,1,LR,0,0
10388,1,LR,0,0
10390,1,LR,0,1
10391,1,LR,0,0
10402,1,LR,0,0
10404,1,LR,0,1
10405,1,LR,1,1
10409,1,LR,0,0
10411,1,LR,0,0
10416,1,LR,0,0
10417,1,LR,1,1
10418,1,LR,0,0
10426,1,LR,0,0
10441,1,LR,0,0
10442,1,LR,1,1
10444,1,LR,0,0
10454,1,LR,0,0
10455,1,LR,0,0
10457,1,LR,0,0
10459,1,LR,0,0
10461,1,LR,0,0
10464,1,LR,1,1
10468,1,LR,0,0
10485,1,LR,0,0
10486,1,LR,0,0
10498,1,LR,1,0
10499,1,LR,0,0
10501,1,LR,0,0
10502,1,LR,1,1
10506,1,LR,0,0
10508,1,LR,0,0
10509,1,LR,0,0
10511,1,LR,0,0
10514,1,LR,0,0
10517,1,LR,1,0
10518,1,LR,0,0
10522,1,LR,0,0
10529,1,LR,0,0
10534,1,LR,0,0
10540,1,LR,0,0
10546,1,LR,0,0
10549,1,LR,0,0
10555,1,LR,0,0
10557,1,LR,0,0
10558,1,LR,0,0
10560,1,LR,0,0
10562,1,LR,0,0
10564,1,LR,0,0
10570,1,LR,0,0
10587,1,LR,1,1
10590,1,LR,0,0
10604,1,LR,0,0
10612,1,LR,0,0
10619,1,LR,0,0
10621,1,LR,0,0
10626,1,LR,0,0
10629,1,LR,0,0
10630,1,LR,0,0
10634,1,LR,0,0
10635,1,LR,0,0
10638,1,LR,0,0
10653,1,LR,0,0
10654,1,LR,0,0
10655,1,LR,0,0
10662,1,LR,0,0
10679,1,LR,0,0
10687,1,LR,0,0
10690,1,LR,0,0
10702,1,LR,0,0
10706,1,LR,1,1
10710,1,LR,0,0
10718,1,LR,0,0
10724,1,LR,0,0
10726,1,LR,0,0
10734,1,LR,1,1
10736,1,LR,0,0
10742,1,LR,0,0
10745,1,LR,1,1
10755,1,LR,0,0
10756,1,LR,0,0
10759,1,LR,0,0
10760,1,LR,0,0
10765,1,LR,0,0
10770,1,LR,1,1
10771,1,LR,0,0
10774,1,LR,0,0
10777,1,LR,0,0
10779,1,LR,0,0
10780,1,LR,1,0
10781,1,LR,0,0
10784,1,LR,0,0
10795,1,LR,1,1
10798,1,LR,0,0
10800,1,LR,0,0
10808,1,LR,0,1
10810,1,LR,0,0
10811,1,LR,0,0
10813,1,LR,1,1
10815,1,LR,0,0
10817,1,LR,0,0
10819,1,LR,0,0
10820,1,LR,0,0
10822,1,LR,0,0
10839,1,LR,0,0
10842,1,LR,0,0
10852,1,LR,0,0
10855,1,LR,0,0
10866,1,LR,0,0
10867,1,LR,0,0
10871,1,LR,0,0
10879,1,LR,0,0
10881,1,LR,0,0
10888,1,LR,0,0
10890,1,LR,0,0
10892,1,LR,0,0
10896,1,LR,0,0
10907,1,LR,1,0
10909,1,LR,0,0
10919,1,LR,0,0
10922,1,LR,0,0
10931,1,LR,0,0
10933,1,LR,0,0
10934,1,LR,1,1
10935,1,LR,0,0
10936,1,LR,0,0
10938,1,LR,0,0
10939,1,LR,1,0
10941,1,LR,0,0
10946,1,LR,0,0
10948,1,LR,0,0
10955,1,LR,0,0
10970,1,LR,0,0
10975,1,LR,0,1
10979,1,LR,0,0
10981,1,LR,0,0
10983,1,LR,0,0
10990,1,LR,0,0
10993,1,LR,0,0
10997,1,LR,0,0
11000,1,LR,0,0
11002,1,LR,0,0
11003,1,LR,0,0
11011,1,LR,0,0
11020,1,LR,1,1
11024,1,LR,0,0
11034,1,LR,0,0
11035,1,LR,0,0
11057,1,LR,0,1
11058,1,LR,0,0
11065,1,LR,1,1
11066,1,LR,0,0
11067,1,LR,0,0
11084,1,LR,0,0
11092,1,LR,0,0
11093,1,LR,0,0
11094,1,LR,0,0
11097,1,LR,0,0
11100,1,LR,1,1
11101,1,LR,0,0
11103,1,LR,0,1
11113,1,LR,0,0
11120,1,LR,0,0
11125,1,LR,0,0
11135,1,LR,0,0
11139,1,LR,0,0
11141,1,LR,0,0
11142,1,LR,0,0
11144,1,LR,0,0
11148,1,LR,0,0
11150,1,LR,1,1
11163,1,LR,0,0
11167,1,LR,0,0
11168,1,LR,0,0
11173,1,LR,0,0
11180,1,LR,0,0
11185,1,LR,1,1
11191,1,LR,0,0
11195,1,LR,0,0
11197,1,LR,0,0
11204,1,LR,0,0
11206,1,LR,0,0
11210,1,LR,0,0
11211,1,LR,0,0
11214,1,LR,0,0
11218,1,LR,1,0
11228,1,LR,0,0
11230,1,LR,0,0
11232,1,LR,0,0
11236,1,LR,0,0
11242,1,LR,0,0
11255,1,LR,1,1
11267,1,LR,0,0
11268,1,LR,0,0
11272,1,LR,1,1
11280,1,LR,0,0
11283,1,LR,0,0
11287,1,LR,1,1
11288,1,LR,0,0
11292,1,LR,0,0
11296,1,LR,0,0
11298,1,LR,0,0
11307,1,LR,0,0
11312,1,LR,1,1
11315,1,LR,0,0
11321,1,LR,0,0
11323,1,LR,0,0
11327,1,LR,0,0
11331,1,LR,0,0
11332,1,LR,0,0
11337,1,LR,0,0
11341,1,LR,0,0
11343,1,LR,1,1
11344,1,LR,0,0
11349,1,LR,1,1
11351,1,LR,1,1
11352,1,LR,0,0
11365,1,LR,0,0
11367,1,LR,0,0
11369,1,LR,0,0
11371,1,LR,0,0
11375,1,LR,0,0
11377,1,LR,0,0
11385,1,LR,0,0
11386,1,LR,0,0
11395,1,LR,0,0
11405,1,LR,0,0
11406,1,LR,0,0
11410,1,LR,0,0
11411,1,LR,0,0
11414,1,LR,0,0
11417,1,LR,1,1
11427,1,LR,0,0
11432,1,LR,0,0
11436,1,LR,0,0
11441,1,LR,0,0
11455,1,LR,1,1
11457,1,LR,0,0
11466,1,LR,0,0
11474,1,LR,0,0
11480,1,LR,0,0
11481,1,LR,0,0
11482,1,LR,0,0
11483,1,LR,0,0
11489,1,LR,0,0
11496,1,LR,0,0
11498,1,LR,0,0
11515,1,LR,0,0
11517,1,LR,0,0
11531,1,LR,0,0
11538,1,LR,0,0
11540,1,LR,0,0
11543,1,LR,0,0
11546,1,LR,0,0
11558,1,LR,0,0
11562,1,LR,0,0
11568,1,LR,0,0
11575,1,LR,0,0
11577,1,LR,0,0
11585,1,LR,0,0
11586,1,LR,0,0
11587,1,LR,0,0
11593,1,LR,0,0
11594,1,LR,0,0
11596,1,LR,0,0
11605,1,LR,0,0
11612,1,LR,0,0
11616,1,LR,0,0
11619,1,LR,0,0
11620,1,LR,0,0
11632,1,LR,0,0
11640,1,LR,0,0
11646,1,LR,0,0
11651,1,LR,0,0
11659,1,LR,0,0
11673,1,LR,0,0
11674,1,LR,1,1
11677,1,LR,0,0
11685,1,LR,0,0
11686,1,LR,0,0
11690,1,LR,0,0
11693,1,LR,0,0
11708,1,LR,0,0
11709,1,LR,0,1
11716,1,LR,0,0
11717,1,LR,0,0
11718,1,LR,0,0
11722,1,LR,0,0
11728,1,LR,0,0
11731,1,LR,0,0
11736,1,LR,0,0
11739,1,LR,0,0
11740,1,LR,0,0
11746,1,LR,0,0
11751,1,LR,0,0
11752,1,LR,0,0
11758,1,LR,0,0
11760,1,LR,0,0
11769,1,LR,1,0
11770,1,LR,0,0
11771,1,LR,1,1
11779,1,LR,0,1
11780,1,LR,0,0
11794,1,LR,0,0
11798,1,LR,0,0
11801,1,LR,0,0
11803,1,LR,0,0
11804,1,LR,0,0
11810,1,LR,0,0
11820,1,LR,0,0
11825,1,LR,0,0
11845,1,LR,0,0
11853,1,LR,0,0
11855,1,LR,0,0
11858,1,LR,0,0
11868,1,LR,0,1
11871,1,LR,0,0
11873,1,LR,0,0
11876,1,LR,0,0
11877,1,LR,0,0
11878,1,LR,0,0
11881,1,LR,0,0
11886,1,LR,0,0
11887,1,LR,0,0
11892,1,LR,0,0
11897,1,LR,0,0
11899,1,LR,0,0
11904,1,LR,0,0
11908,1,LR,0,0
11910,1,LR,0,0
11912,1,LR,0,0
11924,1,LR,0,0
11928,1,LR,0,0
11946,1,LR,0,0
11947,1,LR,0,0
11954,1,LR,0,0
11958,1,LR,0,1
11960,1,LR,0,0
11965,1,LR,0,0
11966,1,LR,1,1
11972,1,LR,0,0
11975,1,LR,1,1
11980,1,LR,0,0
11982,1,LR,0,0
11985,1,LR,1,1
11987,1,LR,0,0
11991,1,LR,0,1
11992,1,LR,0,0
12006,1,LR,0,0
12011,1,LR,0,0
12018,1,LR,0,0
12029,1,LR,0,0
12030,1,LR,0,0
12033,1,LR,0,0
12050,1,LR,0,0
12056,1,LR,0,0
12061,1,LR,0,0
12064,1,LR,0,0
12072,1,LR,0,0
12075,1,LR,0,0
12089,1,LR,0,0
12094,1,LR,0,0
12099,1,LR,1,1
12100,1,LR,0,0
12102,1,LR,0,0
12103,1,LR,0,0
12115,1,LR,0,0
12121,1,LR,0,0
12122,1,LR,0,0
12123,1,LR,0,0
12129,1,LR,0,0
12132,1,LR,0,0
12142,1,LR,0,0
12149,1,LR,0,0
12151,1,LR,0,0
12155,1,LR,0,0
12164,1,LR,0,0
12186,1,LR,0,0
12192,1,LR,0,0
12196,1,LR,0,0
12197,1,LR,0,0
12200,1,LR,0,0
12223,1,LR,1,1
12226,1,LR,0,0
12242,1,LR,0,0
12248,1,LR,0,0
12249,1,LR,0,0
12250,1,LR,0,0
12263,1,LR,0,0
12264,1,LR,0,0
12268,1,LR,0,0
12278,1,LR,0,0
12281,1,LR,0,0
12282,1,LR,0,0
12287,1,LR,0,0
12290,1,LR,0,0
12292,1,LR,0,0
12303,1,LR,0,0
12308,1,LR,1,1
12314,1,LR,1,1
12328,1,LR,0,0
12330,1,LR,0,0
12346,1,LR,0,0
12350,1,LR,0,0
12352,1,LR,0,0
12354,1,LR,0,0
12359,1,LR,0,0
12360,1,LR,0,0
12366,1,LR,1,1
12367,1,LR,0,0
12369,1,LR,0,0
12370,1,LR,0,0
12371,1,LR,0,0
12374,1,LR,1,0
12377,1,LR,1,1
12378,1,LR,0,0
12381,1,LR,0,0
12384,1,LR,0,0
12386,1,LR,0,0
12387,1,LR,0,0
12388,1,LR,0,0
12392,1,LR,0,0
12395,1,LR,0,1
12398,1,LR,0,0
12399,1,LR,0,0
12410,1,LR,0,0
12416,1,LR,0,0
12419,1,LR,0,0
12422,1,LR,0,0
12423,1,LR,0,0
12434,1,LR,0,0
12437,1,LR,0,0
12445,1,LR,0,0
12448,1,LR,0,0
12449,1,LR,0,0
12450,1,LR,1,1
12453,1,LR,1,1
12462,1,LR,0,0
12464,1,LR,0,0
12473,1,LR,1,1
12475,1,LR,0,0
12479,1,LR,0,0
12495,1,LR,0,1
12496,1,LR,0,0
12499,1,LR,0,0
12501,1,LR,1,1
12503,1,LR,0,0
12515,1,LR,0,0
12517,1,LR,0,0
12525,1,LR,0,0
12528,1,LR,0,0
12530,1,LR,0,0
12532,1,LR,0,0
12536,1,LR,0,0
12537,1,LR,0,0
12542,1,LR,0,0
12544,1,LR,0,0
12546,1,LR,0,0
12548,1,LR,0,0
12561,1,LR,0,0
12568,1,LR,0,0
12569,1,LR,0,0
12570,1,LR,0,0
12579,1,LR,0,0
12604,1,LR,1,0
12605,1,LR,0,0
12606,1,LR,0,0
12608,1,LR,0,0
12612,1,LR,0,0
12616,1,LR,0,0
12623,1,LR,0,0
12629,1,LR,0,0
12631,1,LR,0,0
12637,1,LR,0,0
12638,1,LR,0,0
12649,1,LR,0,0
12653,1,LR,0,0
12660,1,LR,0,0
12667,1,LR,0,0
12670,1,LR,0,0
12672,1,LR,0,0
12680,1,LR,0,0
12690,1,LR,0,0
12702,1,LR,0,0
12703,1,LR,1,0
12704,1,LR,0,0
12705,1,LR,1,1
12706,1,LR,0,0
12711,1,LR,0,1
12714,1,LR,0,0
12715,1,LR,0,0
12725,1,LR,0,0
12746,1,LR,0,0
12748,1,LR,0,0
12756,1,LR,0,0
12758,1,LR,1,1
12761,1,LR,0,0
12764,1,LR,0,0
12769,1,LR,0,0
12777,1,LR,0,0
12778,1,LR,0,1
12786,1,LR,0,0
12800,1,LR,0,0
12810,1,LR,0,0
12813,1,LR,0,0
12828,1,LR,0,0
12829,1,LR,0,0
12836,1,LR,0,0
12837,1,LR,1,0
12846,1,LR,0,0
12848,1,LR,0,0
12851,1,LR,0,0
12853,1,LR,0,0
12858,1,LR,0,0
12860,1,LR,0,0
12862,1,LR,0,0
12870,1,LR,0,0
12877,1,LR,0,0
12879,1,LR,0,0
12883,1,LR,0,0
12887,1,LR,0,0
12888,1,LR,1,0
12891,1,LR,0,0
12911,1,LR,0,0
12913,1,LR,0,0
12916,1,LR,0,0
12918,1,LR,0,0
12923,1,LR,0,0
12924,1,LR,0,0
12925,1,LR,0,0
12928,1,LR,0,0
12930,1,LR,0,0
12934,1,LR,0,0
12937,1,LR,0,0
12938,1,LR,0,0
12947,1,LR,0,0
12954,1,LR,0,0
12963,1,LR,0,0
12970,1,LR,0,0
12971,1,LR,0,0
12981,1,LR,0,0
12983,1,LR,0,0
12987,1,LR,1,1
12992,1,LR,0,0
13006,1,LR,1,1
13017,1,LR,0,0
13021,1,LR,0,0
13025,1,LR,0,0
13034,1,LR,0,0
13040,1,LR,0,0
13042,1,LR,0,0
13045,1,LR,0,0
13051,1,LR,0,0
13056,1,LR,0,0
13063,1,LR,0,0
13082,1,LR,0,0
13087,1,LR,0,0
13106,1,LR,0,0
13110,1,LR,0,0
13143,1,LR,0,0
13146,1,LR,0,0
13149,1,LR,0,0
13154,1,LR,1,1
13155,1,LR,0,0
13160,1,LR,0,0
13164,1,LR,0,0
13165,1,LR,0,0
13166,1,LR,0,0
13167,1,LR,0,0
13170,1,LR,1,1
13173,1,LR,1,1
13186,1,LR,0,0
13188,1,LR,0,1
13190,1,LR,0,0
13193,1,LR,0,0
13200,1,LR,0,0
13202,1,LR,0,0
13206,1,LR,0,0
13209,1,LR,0,0
13211,1,LR,0,0
13213,1,LR,0,0
13217,1,LR,0,0
13227,1,LR,0,0
13235,1,LR,0,0
13244,1,LR,0,0
13245,1,LR,1,1
13247,1,LR,0,0
13248,1,LR,0,0
13253,1,LR,0,0
13254,1,LR,0,0
13257,1,LR,0,0
13262,1,LR,0,0
13271,1,LR,0,0
13281,1,LR,0,0
13290,1,LR,0,0
13291,1,LR,0,0
13296,1,LR,0,0
13301,1,LR,0,0
13302,1,LR,0,0
13303,1,LR,1,1
13316,1,LR,0,0
13320,1,LR,0,0
13323,1,LR,0,0
13331,1,LR,0,0
13332,1,LR,0,0
13342,1,LR,0,0
13346,1,LR,1,1
13355,1,LR,0,0
13361,1,LR,0,0
13371,1,LR,1,1
13380,1,LR,0,0
13381,1,LR,0,0
13382,1,LR,0,0
13386,1,LR,0,0
13387,1,LR,0,0
13388,1,LR,0,0
13389,1,LR,0,1
13390,1,LR,0,0
13392,1,LR,0,0
13393,1,LR,0,0
13396,1,LR,0,0
13399,1,LR,0,0
13405,1,LR,0,0
13408,1,LR,0,0
13410,1,LR,0,0
13414,1,LR,0,0
13417,1,LR,0,0
13424,1,LR,0,0
13428,1,LR,0,0
13432,1,LR,0,0
13434,1,LR,0,0
13437,1,LR,0,0
13440,1,LR,0,0
13442,1,LR,0,0
13445,1,LR,0,0
13446,1,LR,0,0
13452,1,LR,0,1
13457,1,LR,0,0
13460,1,LR,1,1
13464,1,LR,1,1
13465,1,LR,0,0
13470,1,LR,0,0
13472,1,LR,0,0
13478,1,LR,0,0
13481,1,LR,1,1
13487,1,LR,0,0
13489,1,LR,0,0
13494,1,LR,0,0
13497,1,LR,0,0
13503,1,LR,0,0
13505,1,LR,0,0
13519,1,LR,1,1
13522,1,LR,0,0
13541,1,LR,0,0
13553,1,LR,0,0
13555,1,LR,0,0
13559,1,LR,0,1
13563,1,LR,0,0
13566,1,LR,0,1
13580,1,LR,0,0
13593,1,LR,0,0
13601,1,LR,0,0
13604,1,LR,0,0
13606,1,LR,0,0
13610,1,LR,1,1
13616,1,LR,0,0
13629,1,LR,0,0
13632,1,LR,0,0
13634,1,LR,0,0
13635,1,LR,0,0
13638,1,LR,0,0
13645,1,LR,0,0
13656,1,LR,1,1
13658,1,LR,0,0
13659,1,LR,0,0
13673,1,LR,0,0
13678,1,LR,0,0
13682,1,LR,0,0
13691,1,LR,0,0
13694,1,LR,1,1
13695,1,LR,1,1
13697,1,LR,1,0
13701,1,LR,0,0
13704,1,LR,0,0
13707,1,LR,1,1
13709,1,LR,0,1
13719,1,LR,0,0
13721,1,LR,1,1
13725,1,LR,0,0
13734,1,LR,0,0
13736,1,LR,0,0
13738,1,LR,1,0
13747,1,LR,1,0
13750,1,LR,0,0
13759,1,LR,1,1
13763,1,LR,0,0
13765,1,LR,0,0
13767,1,LR,0,0
13779,1,LR,0,0
13786,1,LR,0,0
13820,1,LR,0,0
13821,1,LR,0,0
13823,1,LR,0,0
13829,1,LR,0,0
13830,1,LR,0,0
13831,1,LR,0,0
13835,1,LR,0,0
13839,1,LR,0,0
13840,1,LR,0,0
13841,1,LR,0,0
13846,1,LR,0,0
13848,1,LR,0,0
13856,1,LR,0,0
13857,1,LR,0,1
13858,1,LR,0,0
13860,1,LR,0,0
13861,1,LR,0,0
13864,1,LR,0,0
13869,1,LR,0,0
13883,1,LR,0,1
13892,1,LR,0,0
13893,1,LR,0,0
13900,1,LR,0,0
13909,1,LR,0,0
13919,1,LR,0,0
13920,1,LR,0,0
13925,1,LR,0,0
13944,1,LR,0,0
13948,1,LR,0,0
13953,1,LR,0,0
13957,1,LR,0,0
13959,1,LR,0,0
13963,1,LR,0,0
13965,1,LR,0,0
13975,1,LR,0,1
13983,1,LR,1,0
13989,1,LR,0,0
13992,1,LR,0,0
13993,1,LR,0,0
13996,1,LR,1,1
13999,1,LR,0,0
14000,1,LR,0,0
14008,1,LR,0,0
14012,1,LR,1,0
14020,1,LR,0,0
14028,1,LR,0,0
14030,1,LR,0,0
14033,1,LR,0,0
14039,1,LR,0,0
14041,1,LR,0,0
14047,1,LR,1,1
14051,1,LR,0,0
14061,1,LR,0,0
14063,1,LR,0,0
14068,1,LR,1,1
14071,1,LR,0,0
14075,1,LR,0,0
14077,1,LR,0,0
14080,1,LR,0,0
14091,1,LR,0,0
14095,1,LR,0,0
14097,1,LR,0,0
14098,1,LR,0,0
14101,1,LR,0,0
14106,1,LR,0,0
14117,1,LR,0,1
14118,1,LR,0,0
14120,1,LR,0,0
14122,1,LR,0,0
14129,1,LR,0,0
14134,1,LR,0,0
14139,1,LR,0,0
14153,1,LR,0,0
14159,1,LR,0,0
14165,1,LR,0,0
14167,1,LR,0,0
14172,1,LR,0,0
14180,1,LR,0,1
14183,1,LR,0,0
14200,1,LR,0,0
14201,1,LR,0,0
14202,1,LR,0,0
14203,1,LR,0,0
14204,1,LR,0,0
14211,1,LR,0,0
14220,1,LR,0,0
14224,1,LR,0,0
14225,1,LR,0,0
14231,1,LR,0,0
14236,1,LR,1,1
14237,1,LR,0,0
14251,1,LR,1,1
14252,1,LR,0,1
14260,1,LR,0,0
14263,1,LR,0,0
14264,1,LR,0,0
14266,1,LR,0,0
14269,1,LR,0,0
14273,1,LR,1,0
14274,1,LR,1,0
14280,1,LR,0,0
14296,1,LR,0,0
14301,1,LR,0,0
14302,1,LR,0,0
14309,1,LR,1,1
14310,1,LR,0,0
14314,1,LR,0,0
14321,1,LR,0,0
14326,1,LR,0,0
14327,1,LR,0,0
14336,1,LR,0,0
14338,1,LR,0,0
14341,1,LR,0,0
14342,1,LR,1,1
14351,1,LR,0,0
14352,1,LR,1,1
14360,1,LR,0,0
14364,1,LR,0,0
14366,1,LR,0,1
14369,1,LR,0,0
14380,1,LR,0,0
14383,1,LR,0,0
14385,1,LR,0,0
14386,1,LR,0,0
14388,1,LR,0,0
14405,1,LR,0,0
14407,1,LR,0,0
14415,1,LR,0,0
14419,1,LR,0,0
14421,1,LR,0,0
14434,1,LR,1,1
14436,1,LR,0,0
14437,1,LR,1,1
14438,1,LR,0,0
14440,1,LR,0,0
14449,1,LR,0,1
14451,1,LR,0,0
14454,1,LR,0,0
14455,1,LR,0,0
14462,1,LR,0,0
14471,1,LR,0,0
14479,1,LR,0,0
14483,1,LR,0,0
14490,1,LR,0,0
14497,1,LR,0,0
14499,1,LR,0,0
14503,1,LR,0,0
14507,1,LR,1,1
14509,1,LR,0,0
14517,1,LR,0,0
14521,1,LR,0,0
14535,1,LR,0,0
14546,1,LR,0,0
14550,1,LR,0,0
14551,1,LR,0,0
14558,1,LR,1,1
14564,1,LR,0,0
14569,1,LR,1,1
14575,1,LR,0,0
14592,1,LR,0,0
14601,1,LR,1,1
14602,1,LR,0,0
14604,1,LR,0,0
14626,1,LR,0,0
14632,1,LR,0,0
14635,1,LR,0,0
14637,1,LR,0,0
14641,1,LR,0,0
14647,1,LR,0,0
14654,1,LR,0,0
14656,1,LR,0,1
14658,1,LR,0,0
14659,1,LR,1,1
14665,1,LR,0,0
14667,1,LR,0,0
14682,1,LR,0,0
14684,1,LR,0,0
14685,1,LR,0,0
14688,1,LR,0,0
14689,1,LR,0,1
14690,1,LR,0,0
14691,1,LR,0,0
14692,1,LR,1,1
14694,1,LR,0,1
14695,1,LR,0,0
14698,1,LR,0,0
14702,1,LR,0,0
14706,1,LR,0,0
14719,1,LR,0,0
14727,1,LR,0,0
14728,1,LR,0,0
14735,1,LR,0,0
14736,1,LR,0,0
14743,1,LR,0,0
14753,1,LR,1,1
14758,1,LR,0,0
14760,1,LR,0,0
14762,1,LR,0,0
14764,1,LR,0,0
14765,1,LR,0,0
14766,1,LR,0,0
14775,1,LR,0,0
14777,1,LR,0,0
14779,1,LR,0,0
14782,1,LR,0,0
14784,1,LR,0,1
14785,1,LR,0,0
14796,1,LR,0,0
14804,1,LR,0,0
14811,1,LR,1,1
14818,1,LR,0,0
14822,1,LR,0,0
14823,1,LR,0,0
14832,1,LR,0,0
14836,1,LR,0,0
14838,1,LR,0,0
14839,1,LR,0,0
14840,1,LR,0,0
14848,1,LR,0,0
14852,1,LR,1,1
14854,1,LR,0,0
14856,1,LR,0,0
14857,1,LR,1,1
14861,1,LR,0,0
14870,1,LR,1,1
14873,1,LR,0,0
14874,1,LR,0,0
14878,1,LR,0,0
14882,1,LR,0,0
14886,1,LR,0,0
14902,1,LR,0,1
14903,1,LR,0,0
14905,1,LR,0,0
14908,1,LR,1,1
14928,1,LR,0,0
14932,1,LR,0,0
14937,1,LR,1,1
14943,1,LR,0,0
14947,1,LR,1,1
14959,1,LR,0,0
14967,1,LR,1,0
14971,1,LR,0,0
14974,1,LR,1,1
14976,1,LR,0,0
14977,1,LR,0,0
14978,1,LR,0,0
14986,1,LR,0,0
14987,1,LR,0,0
14988,1,LR,0,0
14989,1,LR,0,0
14992,1,LR,0,0
14994,1,LR,0,0
15008,1,LR,1,1
15009,1,LR,0,0
15020,1,LR,0,0
15029,1,LR,0,0
15032,1,LR,0,0
15034,1,LR,0,0
15035,1,LR,0,0
15038,1,LR,0,0
15039,1,LR,0,0
15042,1,LR,1,1
15044,1,LR,0,0
15050,1,LR,0,0
15052,1,LR,1,0
15057,1,LR,0,0
15062,1,LR,0,0
15064,1,LR,0,0
15071,1,LR,0,0
15072,1,LR,0,0
15075,1,LR,0,0
15083,1,LR,0,0
15085,1,LR,0,0
15088,1,LR,0,0
15092,1,LR,0,0
15093,1,LR,0,0
15094,1,LR,0,0
15096,1,LR,0,0
15102,1,LR,0,0
15106,1,LR,0,0
15107,1,LR,0,0
15108,1,LR,0,0
15113,1,LR,0,0
15120,1,LR,1,1
15124,1,LR,0,0
15133,1,LR,0,1
15137,1,LR,0,0
15153,1,LR,0,0
15164,1,LR,0,0
15168,1,LR,0,0
15172,1,LR,0,0
15176,1,LR,0,0
15180,1,LR,0,0
15184,1,LR,0,0
15195,1,LR,0,0
15201,1,LR,1,0
15202,1,LR,0,0
15206,1,LR,0,0
15211,1,LR,1,1
15216,1,LR,0,0
15218,1,LR,0,0
15223,1,LR,0,0
15228,1,LR,0,0
15230,1,LR,0,0
15239,1,LR,1,1
15241,1,LR,0,0
15246,1,LR,1,1
15253,1,LR,1,1
15256,1,LR,0,0
15258,1,LR,0,0
15272,1,LR,0,0
15280,1,LR,0,0
15291,1,LR,0,0
15300,1,LR,0,0
15301,1,LR,0,0
15302,1,LR,0,0
15304,1,LR,0,0
15311,1,LR,0,0
15318,1,LR,0,0
15319,1,LR,0,0
15327,1,LR,0,0
15330,1,LR,0,0
15336,1,LR,0,0
15338,1,LR,0,0
15339,1,LR,0,0
15351,1,LR,0,0
15353,1,LR,0,0
15356,1,LR,0,0
15364,1,LR,0,0
15365,1,LR,1,1
15374,1,LR,1,1
15383,1,LR,0,0
15386,1,LR,0,0
15387,1,LR,0,0
15392,1,LR,0,0
15395,1,LR,0,0
15415,1,LR,0,0
15432,1,LR,0,0
15435,1,LR,0,0
15438,1,LR,0,0
15446,1,LR,0,0
15453,1,LR,0,0
15458,1,LR,0,0
15460,1,LR,0,0
15466,1,LR,0,0
15477,1,LR,0,0
15482,1,LR,0,0
15483,1,LR,0,0
15493,1,LR,0,0
15499,1,LR,1,1
15507,1,LR,0,0
15518,1,LR,1,1
15527,1,LR,0,0
15528,1,LR,0,0
15531,1,LR,0,1
15546,1,LR,0,0
15551,1,LR,0,0
15554,1,LR,0,0
15558,1,LR,0,0
15559,1,LR,0,0
15569,1,LR,0,0
15570,1,LR,0,0
15575,1,LR,0,0
15581,1,LR,0,0
15587,1,LR,0,0
15594,1,LR,0,0
15595,1,LR,1,1
15598,1,LR,0,0
15599,1,LR,0,0
15602,1,LR,0,0
15608,1,LR,0,0
15614,1,LR,0,0
15618,1,LR,0,0
15625,1,LR,0,0
15631,1,LR,0,0
15634,1,LR,0,0
15641,1,LR,0,0
15644,1,LR,0,0
15649,1,LR,0,0
15650,1,LR,0,0
15652,1,LR,1,0
15654,1,LR,0,0
15661,1,LR,0,0
15675,1,LR,0,0
15677,1,LR,0,0
15680,1,LR,0,0
15699,1,LR,0,0
15705,1,LR,0,0
15706,1,LR,1,1
15718,1,LR,0,0
15727,1,LR,0,0
15736,1,LR,0,0
15741,1,LR,1,1
15747,1,LR,0,0
15750,1,LR,1,0
15757,1,LR,0,0
15759,1,LR,0,0
15781,1,LR,0,0
15792,1,LR,0,0
15795,1,LR,0,0
15804,1,LR,1,1
15813,1,LR,1,1
15814,1,LR,0,0
15815,1,LR,0,0
15816,1,LR,0,0
15818,1,LR,1,1
15822,1,LR,0,0
15825,1,LR,0,0
15832,1,LR,0,0
15833,1,LR,0,1
15840,1,LR,0,0
15856,1,LR,0,0
15858,1,LR,0,0
15863,1,LR,0,0
15868,1,LR,0,0
15871,1,LR,1,1
15872,1,LR,1,1
15873,1,LR,0,0
15883,1,LR,0,0
15891,1,LR,0,0
15901,1,LR,0,0
15902,1,LR,0,0
15904,1,LR,0,0
15916,1,LR,0,0
15925,1,LR,0,0
15929,1,LR,0,1
15931,1,LR,0,0
15933,1,LR,0,0
15935,1,LR,1,1
15938,1,LR,0,0
15946,1,LR,0,0
15947,1,LR,1,1
15948,1,LR,0,0
15957,1,LR,0,0
15962,1,LR,1,1
15965,1,LR,0,0
15968,1,LR,0,0
15969,1,LR,1,0
15970,1,LR,0,0
15973,1,LR,0,0
15975,1,LR,0,0
15977,1,LR,0,0
15983,1,LR,1,0
15993,1,LR,1,1
15995,1,LR,0,0
16017,1,LR,0,0
16020,1,LR,0,0
16023,1,LR,0,0
16032,1,LR,0,0
16034,1,LR,0,0
16037,1,LR,0,0
16038,1,LR,0,0
16044,1,LR,1,1
16045,1,LR,0,0
16048,1,LR,0,0
16049,1,LR,0,0
16052,1,LR,0,0
16057,1,LR,0,0
16060,1,LR,0,0
16070,1,LR,0,0
16075,1,LR,0,1
16077,1,LR,0,0
16081,1,LR,0,0
16086,1,LR,1,1
16089,1,LR,0,0
16092,1,LR,0,0
16098,1,LR,0,0
16099,1,LR,0,0
16100,1,LR,0,0
16107,1,LR,0,0
16112,1,LR,0,0
16115,1,LR,0,0
16124,1,LR,0,0
16125,1,LR,0,1
16130,1,LR,0,0
16132,1,LR,0,1
16141,1,LR,1,1
16146,1,LR,0,0
16147,1,LR,0,0
16154,1,LR,0,0
16160,1,LR,0,0
16164,1,LR,0,0
16175,1,LR,0,0
16176,1,LR,0,0
16184,1,LR,0,0
16192,1,LR,0,0
16196,1,LR,0,0
16201,1,LR,0,0
16202,1,LR,0,0
16205,1,LR,1,1
16206,1,LR,0,0
16207,1,LR,0,0
16208,1,LR,0,0
16211,1,LR,0,0
16213,1,LR,0,0
16214,1,LR,0,0
16218,1,LR,0,0
16229,1,LR,0,0
16230,1,LR,0,0
16234,1,LR,0,0
16237,1,LR,0,0
16246,1,LR,1,1
16252,1,LR,0,0
16254,1,LR,0,0
16255,1,LR,0,0
16260,1,LR,1,1
16265,1,LR,0,0
16267,1,LR,0,0
16273,1,LR,0,0
16277,1,LR,1,0
16286,1,LR,0,0
16287,1,LR,0,0
16288,1,LR,0,0
16295,1,LR,0,0
16298,1,LR,0,0
16303,1,LR,0,0
16305,1,LR,1,1
16306,1,LR,0,0
16312,1,LR,0,0
16324,1,LR,0,0
16330,1,LR,0,0
16335,1,LR,0,0
16355,1,LR,0,0
16361,1,LR,0,0
16362,1,LR,0,0
16364,1,LR,0,0
16366,1,LR,0,0
16371,1,LR,0,0
16378,1,LR,0,0
16386,1,LR,0,0
16388,1,LR,1,0
16391,1,LR,0,0
16400,1,LR,0,0
16405,1,LR,0,0
16411,1,LR,0,0
16423,1,LR,0,0
16430,1,LR,0,0
16431,1,LR,0,0
16432,1,LR,0,0
16433,1,LR,0,0
16440,1,LR,0,0
16441,1,LR,1,1
16443,1,LR,0,0
16444,1,LR,0,0
16454,1,LR,0,0
16467,1,LR,0,0
16468,1,LR,0,0
16473,1,LR,0,0
16480,1,LR,0,0
16490,1,LR,0,0
16492,1,LR,0,0
16494,1,LR,0,0
16503,1,LR,0,0
16507,1,LR,0,0
16517,1,LR,0,0
16532,1,LR,0,0
16534,1,LR,0,0
16550,1,LR,1,0
16560,1,LR,1,1
16565,1,LR,0,0
16571,1,LR,0,0
16585,1,LR,0,0
16586,1,LR,0,0
16587,1,LR,0,0
16589,1,LR,0,0
16597,1,LR,0,0
16601,1,LR,0,0
16607,1,LR,0,0
16611,1,LR,0,0
16624,1,LR,0,0
16637,1,LR,0,0
16639,1,LR,0,0
16645,1,LR,0,0
16655,1,LR,0,0
16661,1,LR,0,0
16672,1,LR,0,0
16681,1,LR,0,0
16687,1,LR,0,0
16692,1,LR,0,0
16696,1,LR,0,0
16701,1,LR,0,0
16705,1,LR,0,0
16726,1,LR,1,1
16730,1,LR,0,0
16732,1,LR,0,0
16736,1,LR,0,0
16748,1,LR,0,0
16754,1,LR,0,0
16757,1,LR,0,0
16760,1,LR,0,0
16763,1,LR,0,0
16766,1,LR,1,1
16769,1,LR,0,0
16771,1,LR,0,0
16772,1,LR,0,0
16776,1,LR,0,0
16783,1,LR,0,0
16795,1,LR,0,1
16796,1,LR,0,1
16798,1,LR,0,0
16801,1,LR,0,0
16807,1,LR,0,0
16808,1,LR,1,1
16812,1,LR,0,0
16814,1,LR,0,0
16823,1,LR,1,1
16834,1,LR,0,0
16836,1,LR,0,0
16837,1,LR,1,1
16839,1,LR,1,0
16852,1,LR,0,0
16858,1,LR,0,0
16859,1,LR,0,0
16867,1,LR,1,1
16874,1,LR,1,1
16877,1,LR,0,0
16879,1,LR,0,0
16882,1,LR,0,0
16888,1,LR,0,0
16890,1,LR,0,0
16891,1,LR,1,1
16897,1,LR,0,0
16905,1,LR,0,0
16906,1,LR,1,0
16910,1,LR,0,0
16911,1,LR,0,0
16926,1,LR,0,0
16929,1,LR,0,0
16931,1,LR,1,1
16936,1,LR,1,1
16937,1,LR,0,0
16952,1,LR,0,0
16954,1,LR,1,1
16966,1,LR,0,0
16968,1,LR,0,0
16970,1,LR,0,0
16977,1,LR,0,0
16978,1,LR,0,0
16981,1,LR,0,0
16984,1,LR,0,0
16985,1,LR,0,0
16992,1,LR,0,0
16993,1,LR,0,0
17001,1,LR,0,0
17012,1,LR,1,1
17020,1,LR,0,0
17021,1,LR,0,0
17027,1,LR,0,0
17035,1,LR,0,0
17043,1,LR,0,0
17046,1,LR,0,0
17047,1,LR,0,0
17050,1,LR,0,1
17058,1,LR,0,0
17066,1,LR,0,0
17072,1,LR,0,0
17075,1,LR,0,0
17077,1,LR,0,0
17080,1,LR,0,0
17081,1,LR,0,0
17087,1,LR,0,0
17093,1,LR,0,0
17095,1,LR,0,0
17096,1,LR,0,0
17097,1,LR,0,0
17100,1,LR,1,0
17107,1,LR,0,0
17112,1,LR,0,0
17119,1,LR,0,0
17140,1,LR,1,1
17142,1,LR,0,0
17147,1,LR,0,0
17155,1,LR,0,0
17161,1,LR,0,0
17162,1,LR,0,0
17164,1,LR,0,0
17168,1,LR,0,0
17169,1,LR,0,0
17170,1,LR,0,0
17178,1,LR,0,0
17181,1,LR,0,0
17184,1,LR,0,0
17186,1,LR,0,0
17192,1,LR,0,0
17196,1,LR,0,0
17197,1,LR,0,0
17200,1,LR,0,0
17207,1,LR,0,0
17209,1,LR,0,0
17217,1,LR,0,0
17235,1,LR,0,0
17236,1,LR,1,0
17237,1,LR,0,0
17238,1,LR,0,0
17239,1,LR,0,0
17243,1,LR,0,0
17244,1,LR,0,0
17245,1,LR,1,0
17276,1,LR,1,1
17278,1,LR,0,0
17290,1,LR,0,0
17301,1,LR,0,0
17302,1,LR,0,1
17308,1,LR,0,0
17329,1,LR,0,0
17333,1,LR,1,0
17339,1,LR,0,0
17347,1,LR,0,0
17360,1,LR,0,0
17367,1,LR,0,0
17372,1,LR,1,1
17373,1,LR,0,0
17388,1,LR,1,0
17404,1,LR,0,1
17407,1,LR,1,1
17410,1,LR,0,0
17411,1,LR,0,0
17419,1,LR,0,0
17423,1,LR,0,0
17440,1,LR,0,0
17442,1,LR,0,0
17446,1,LR,0,0
17452,1,LR,0,0
17454,1,LR,1,1
17466,1,LR,0,0
17467,1,LR,0,0
17468,1,LR,0,0
17471,1,LR,0,0
17477,1,LR,0,0
17488,1,LR,0,0
17490,1,LR,1,1
17491,1,LR,1,1
17502,1,LR,0,0
17511,1,LR,0,0
17513,1,LR,0,0
17527,1,LR,1,0
17537,1,LR,0,0
17550,1,LR,0,0
17559,1,LR,0,0
17560,1,LR,0,0
17567,1,LR,0,0
17573,1,LR,0,0
17575,1,LR,0,0
17576,1,LR,0,0
17580,1,LR,0,0
17590,1,LR,0,0
17602,1,LR,0,0
17615,1,LR,1,0
17621,1,LR,0,0
17624,1,LR,0,0
17626,1,LR,0,0
17629,1,LR,0,0
17641,1,LR,0,0
17644,1,LR,0,0
17645,1,LR,0,0
17647,1,LR,1,1
17648,1,LR,0,0
17651,1,LR,0,0
17652,1,LR,0,0
17675,1,LR,0,0
17686,1,LR,1,1
17689,1,LR,0,0
17696,1,LR,0,0
17702,1,LR,0,0
17710,1,LR,0,0
17714,1,LR,0,0
17721,1,LR,0,0
17727,1,LR,0,0
17728,1,LR,0,0
17738,1,LR,0,0
17739,1,LR,1,1
17743,1,LR,0,0
17746,1,LR,1,1
17754,1,LR,0,0
17755,1,LR,0,0
17768,1,LR,0,0
17769,1,LR,1,1
17771,1,LR,1,0
17779,1,LR,0,0
17783,1,LR,0,0
17785,1,LR,0,0
17786,1,LR,0,0
17807,1,LR,1,1
17810,1,LR,0,0
17822,1,LR,0,0
17830,1,LR,0,0
17836,1,LR,0,0
17837,1,LR,0,0
17841,1,LR,1,0
17846,1,LR,0,1
17860,1,LR,0,0
17861,1,LR,0,0
17864,1,LR,0,0
17877,1,LR,1,1
17881,1,LR,0,0
17890,1,LR,1,1
17891,1,LR,0,0
17898,1,LR,0,0
17900,1,LR,0,0
17904,1,LR,0,0
17906,1,LR,0,0
17907,1,LR,0,0
17908,1,LR,0,0
17915,1,LR,0,0
17921,1,LR,0,0
17929,1,LR,0,0
17931,1,LR,0,0
17932,1,LR,0,0
17944,1,LR,0,0
17948,1,LR,0,0
17960,1,LR,0,0
17965,1,LR,1,1
17973,1,LR,0,0
17977,1,LR,1,1
17981,1,LR,0,0
17985,1,LR,0,0
18007,1,LR,0,0
18015,1,LR,0,0
18031,1,LR,0,0
18051,1,LR,0,0
18053,1,LR,0,0
18059,1,LR,0,0
18066,1,LR,0,0
18082,1,LR,0,0
18085,1,LR,0,0
18088,1,LR,0,0
18094,1,LR,0,0
18096,1,LR,0,0
18099,1,LR,0,0
18103,1,LR,0,0
18106,1,LR,0,0
18112,1,LR,0,0
18114,1,LR,0,0
18119,1,LR,0,0
18120,1,LR,0,0
18133,1,LR,0,0
18136,1,LR,0,0
18140,1,LR,0,0
18148,1,LR,0,0
18161,1,LR,0,0
18177,1,LR,1,1
18181,1,LR,0,0
18195,1,LR,0,0
18197,1,LR,0,0
18207,1,LR,0,0
18213,1,LR,1,1
18222,1,LR,0,1
18224,1,LR,0,0
18225,1,LR,0,0
18226,1,LR,0,0
18230,1,LR,0,0
18241,1,LR,0,0
18245,1,LR,0,0
18249,1,LR,0,0
18252,1,LR,0,0
18254,1,LR,0,0
18255,1,LR,0,0
18257,1,LR,0,0
18258,1,LR,0,0
18259,1,LR,0,0
18271,1,LR,0,0
18274,1,LR,0,0
18275,1,LR,1,1
18276,1,LR,0,0
18280,1,LR,0,0
18288,1,LR,1,1
18293,1,LR,0,0
18299,1,LR,1,1
18301,1,LR,0,0
18302,1,LR,0,0
18305,1,LR,0,0
18306,1,LR,0,0
18308,1,LR,0,0
18319,1,LR,0,0
18324,1,LR,0,0
18331,1,LR,0,0
18334,1,LR,0,0
18335,1,LR,0,0
18338,1,LR,0,0
18339,1,LR,0,0
18345,1,LR,0,0
18348,1,LR,0,0
18359,1,LR,0,0
18362,1,LR,0,0
18370,1,LR,0,0
18391,1,LR,0,0
18394,1,LR,0,0
18395,1,LR,1,1
18398,1,LR,0,0
18404,1,LR,0,0
18405,1,LR,0,0
18407,1,LR,0,0
18413,1,LR,0,0
18427,1,LR,0,0
18432,1,LR,0,0
18439,1,LR,0,0
18442,1,LR,0,0
18445,1,LR,0,0
18447,1,LR,0,0
18452,1,LR,0,0
18454,1,LR,1,0
18455,1,LR,0,0
18468,1,LR,0,0
18469,1,LR,0,1
18471,1,LR,0,0
18475,1,LR,0,0
18476,1,LR,0,0
18477,1,LR,1,1
18479,1,LR,0,0
18481,1,LR,0,0
18486,1,LR,0,0
18494,1,LR,0,0
18498,1,LR,0,0
18500,1,LR,0,0
18501,1,LR,0,0
18502,1,LR,0,0
18510,1,LR,0,0
18511,1,LR,0,0
18514,1,LR,0,0
18515,1,LR,0,0
18518,1,LR,1,1
18520,1,LR,0,0
18521,1,LR,0,0
18525,1,LR,0,0
18530,1,LR,0,1
18537,1,LR,0,0
18547,1,LR,0,0
18554,1,LR,0,0
18556,1,LR,1,1
18557,1,LR,0,0
18559,1,LR,0,0
18561,1,LR,0,0
18582,1,LR,0,0
18585,1,LR,0,0
18594,1,LR,0,0
18595,1,LR,0,0
18602,1,LR,0,0
18603,1,LR,0,0
18607,1,LR,0,0
18614,1,LR,1,0
18615,1,LR,0,0
18616,1,LR,1,1
18617,1,LR,1,1
18625,1,LR,0,0
18628,1,LR,0,0
18631,1,LR,0,0
18635,1,LR,1,1
18636,1,LR,0,0
18638,1,LR,0,0
18643,1,LR,0,0
18646,1,LR,0,0
18649,1,LR,0,0
18652,1,LR,0,0
18661,1,LR,0,0
18670,1,LR,0,0
18675,1,LR,0,0
18679,1,LR,0,0
18680,1,LR,0,0
18684,1,LR,0,0
18686,1,LR,0,0
18689,1,LR,0,0
18691,1,LR,0,0
18692,1,LR,0,0
18698,1,LR,0,0
18700,1,LR,1,0
18718,1,LR,0,1
18720,1,LR,1,0
18726,1,LR,0,0
18729,1,LR,0,0
18734,1,LR,0,0
18740,1,LR,0,0
18745,1,LR,0,0
18747,1,LR,0,0
18750,1,LR,0,0
18754,1,LR,0,0
18755,1,LR,0,0
18756,1,LR,0,0
18767,1,LR,0,0
18771,1,LR,0,0
18772,1,LR,0,1
18776,1,LR,0,0
18784,1,LR,0,0
18790,1,LR,0,0
18793,1,LR,0,0
18798,1,LR,0,0
18801,1,LR,0,0
18803,1,LR,0,0
18806,1,LR,0,0
18807,1,LR,0,0
18815,1,LR,0,0
18825,1,LR,0,0
18837,1,LR,0,0
18841,1,LR,0,0
18849,1,LR,0,0
18858,1,LR,0,1
18868,1,LR,0,0
18871,1,LR,0,0
18882,1,LR,0,0
18886,1,LR,0,0
18887,1,LR,0,0
18888,1,LR,0,0
18890,1,LR,0,0
18891,1,LR,1,0
18894,1,LR,0,0
18898,1,LR,0,0
18911,1,LR,0,0
18925,1,LR,0,1
18928,1,LR,0,0
18930,1,LR,0,0
18932,1,LR,0,1
18934,1,LR,0,0
18956,1,LR,0,0
18958,1,LR,1,1
18959,1,LR,0,1
18965,1,LR,0,0
18968,1,LR,0,0
18970,1,LR,0,0
18981,1,LR,0,0
18982,1,LR,0,0
18984,1,LR,0,0
18986,1,LR,0,0
18987,1,LR,0,0
18990,1,LR,0,0
18992,1,LR,0,0
18997,1,LR,0,0
19004,1,LR,0,0
19011,1,LR,0,0
19013,1,LR,0,0
19014,1,LR,0,0
19025,1,LR,0,0
19033,1,LR,0,0
19036,1,LR,0,0
19040,1,LR,0,0
19041,1,LR,0,0
19045,1,LR,0,0
19053,1,LR,0,0
19054,1,LR,1,1
19056,1,LR,0,0
19069,1,LR,0,0
19070,1,LR,0,0
19075,1,LR,0,0
19085,1,LR,0,0
19089,1,LR,0,0
19102,1,LR,0,0
19117,1,LR,0,1
19121,1,LR,0,0
19122,1,LR,0,0
19123,1,LR,0,1
19124,1,LR,0,0
19127,1,LR,0,0
19141,1,LR,0,0
19142,1,LR,1,1
19153,1,LR,1,1
19158,1,LR,0,0
19165,1,LR,0,0
19168,1,LR,1,1
19170,1,LR,0,0
19171,1,LR,0,0
19173,1,LR,0,0
19174,1,LR,0,0
19175,1,LR,0,0
19177,1,LR,0,0
19182,1,LR,0,0
19186,1,LR,1,1
19189,1,LR,0,0
19196,1,LR,0,0
19202,1,LR,0,1
19205,1,LR,0,0
19214,1,LR,0,0
19215,1,LR,0,0
19218,1,LR,0,0
19223,1,LR,0,0
19226,1,LR,0,0
19235,1,LR,0,0
19238,1,LR,0,0
19240,1,LR,0,0
19243,1,LR,0,0
19244,1,LR,0,0
19250,1,LR,0,0
19257,1,LR,0,0
19258,1,LR,0,0
19270,1,LR,0,0
19275,1,LR,1,0
19278,1,LR,0,0
19284,1,LR,0,0
19286,1,LR,0,0
19290,1,LR,0,0
19293,1,LR,0,0
19296,1,LR,0,1
19300,1,LR,0,0
19303,1,LR,1,1
19310,1,LR,0,0
19311,1,LR,0,0
19320,1,LR,1,1
19330,1,LR,0,0
19337,1,LR,0,0
19347,1,LR,0,0
19354,1,LR,0,0
19359,1,LR,0,0
19361,1,LR,0,0
19394,1,LR,0,0
19395,1,LR,0,0
19411,1,LR,0,0
19416,1,LR,0,0
19417,1,LR,0,0
19443,1,LR,0,0
19444,1,LR,0,0
19482,1,LR,0,1
19498,1,LR,0,0
19499,1,LR,1,1
19506,1,LR,0,0
19511,1,LR,1,1
19516,1,LR,1,1
19522,1,LR,0,0
19523,1,LR,0,0
19534,1,LR,0,0
19535,1,LR,0,0
19537,1,LR,0,0
19543,1,LR,0,0
19544,1,LR,0,0
19552,1,LR,0,0
19558,1,LR,0,0
19561,1,LR,0,0
19565,1,LR,0,0
19577,1,LR,0,0
19580,1,LR,0,0
19585,1,LR,0,0
19586,1,LR,0,0
19587,1,LR,0,0
19588,1,LR,0,0
19601,1,LR,1,1
19603,1,LR,0,0
19605,1,LR,0,0
19606,1,LR,0,0
19616,1,LR,0,0
19620,1,LR,0,0
19633,1,LR,0,0
19634,1,LR,0,0
19641,1,LR,1,1
19642,1,LR,0,0
19650,1,LR,0,0
19659,1,LR,0,0
19663,1,LR,0,0
19666,1,LR,0,0
19671,1,LR,0,0
19674,1,LR,0,0
19677,1,LR,0,0
19681,1,LR,0,0
19683,1,LR,0,0
19684,1,LR,1,1
19689,1,LR,0,0
19691,1,LR,0,0
19699,1,LR,0,0
19702,1,LR,0,0
19706,1,LR,0,0
19716,1,LR,0,1
19719,1,LR,0,0
19723,1,LR,0,0
19734,1,LR,0,0
19735,1,LR,0,0
19741,1,LR,0,1
19750,1,LR,0,0
19753,1,LR,0,0
19754,1,LR,0,0
19772,1,LR,0,0
19775,1,LR,0,0
19780,1,LR,0,0
19785,1,LR,0,1
19794,1,LR,0,0
19809,1,LR,0,0
19811,1,LR,0,0
19814,1,LR,0,0
19816,1,LR,1,0
19824,1,LR,0,0
19826,1,LR,1,1
19827,1,LR,0,0
19828,1,LR,0,0
19830,1,LR,0,1
19832,1,LR,0,0
19833,1,LR,0,0
19837,1,LR,0,0
19838,1,LR,0,0
19839,1,LR,0,0
19841,1,LR,1,1
19843,1,LR,0,0
19860,1,LR,0,0
19870,1,LR,1,1
19871,1,LR,0,0
19877,1,LR,0,0
19881,1,LR,0,0
19883,1,LR,0,0
19888,1,LR,0,0
19896,1,LR,0,0
19905,1,LR,0,0
19918,1,LR,0,1
19921,1,LR,0,0
19925,1,LR,0,0
19926,1,LR,1,1
19927,1,LR,0,0
19930,1,LR,0,0
19933,1,LR,0,0
19940,1,LR,0,0
19941,1,LR,0,0
19944,1,LR,0,0
19945,1,LR,1,1
19950,1,LR,0,0
19957,1,LR,0,0
19962,1,LR,0,0
19966,1,LR,0,0
19968,1,LR,0,0
19969,1,LR,0,0
19975,1,LR,1,1
19977,1,LR,0,0
19988,1,LR,0,0
19996,1,LR,0,0
19997,1,LR,0,0
20005,1,LR,0,0
20008,1,LR,0,0
20022,1,LR,0,0
20031,1,LR,0,0
20036,1,LR,0,0
20037,1,LR,0,0
20038,1,LR,1,0
20039,1,LR,0,0
20052,1,LR,0,0
20055,1,LR,0,0
20058,1,LR,0,1
20067,1,LR,0,0
20069,1,LR,0,0
20070,1,LR,0,0
20076,1,LR,0,0
20089,1,LR,0,0
20090,1,LR,0,0
20091,1,LR,0,0
20092,1,LR,0,0
20093,1,LR,0,1
20099,1,LR,0,0
20100,1,LR,0,0
20101,1,LR,0,0
20112,1,LR,0,0
3,2,RF,1,1
4,2,RF,0,0
9,2,RF,0,0
13,2,RF,1,0
26,2,RF,0,0
34,2,RF,1,1
53,2,RF,0,0
54,2,RF,0,0
64,2,RF,0,0
65,2,RF,0,0
71,2,RF,1,1
82,2,RF,0,0
91,2,RF,0,0
96,2,RF,0,0
114,2,RF,0,0
120,2,RF,0,0
122,2,RF,1,1
130,2,RF,0,0
135,2,RF,0,0
158,2,RF,0,0
163,2,RF,0,0
166,2,RF,0,0
170,2,RF,0,0
177,2,RF,0,0
179,2,RF,0,0
187,2,RF,0,0
194,2,RF,0,0
208,2,RF,0,0
211,2,RF,1,0
227,2,RF,0,0
231,2,RF,0,0
242,2,RF,0,0
244,2,RF,0,0
251,2,RF,0,0
262,2,RF,0,0
272,2,RF,0,0
282,2,RF,0,0
283,2,RF,0,0
287,2,RF,0,0
289,2,RF,0,0
291,2,RF,0,0
294,2,RF,0,0
298,2,RF,1,0
301,2,RF,0,0
302,2,RF,0,0
308,2,RF,0,0
313,2,RF,0,0
318,2,RF,0,0
320,2,RF,0,0
325,2,RF,0,0
327,2,RF,0,0
336,2,RF,0,0
341,2,RF,0,0
342,2,RF,0,0
345,2,RF,0,0
346,2,RF,0,0
348,2,RF,0,0
351,2,RF,0,0
361,2,RF,1,1
368,2,RF,0,0
369,2,RF,0,0
372,2,RF,0,0
373,2,RF,1,1
375,2,RF,1,1
377,2,RF,0,0
382,2,RF,0,0
386,2,RF,0,0
388,2,RF,0,0
393,2,RF,0,0
395,2,RF,0,0
403,2,RF,0,0
404,2,RF,0,0
409,2,RF,0,0
410,2,RF,0,0
415,2,RF,0,0
433,2,RF,0,0
434,2,RF,0,0
445,2,RF,0,0
468,2,RF,0,0
470,2,RF,0,0
485,2,RF,1,1
486,2,RF,1,0
489,2,RF,0,0
491,2,RF,0,0
493,2,RF,0,0
497,2,RF,0,0
498,2,RF,0,0
505,2,RF,0,0
509,2,RF,0,0
514,2,RF,0,0
517,2,RF,0,0
518,2,RF,0,0
520,2,RF,0,0
521,2,RF,0,0
522,2,RF,0,0
526,2,RF,0,0
527,2,RF,0,0
529,2,RF,1,1
530,2,RF,1,1
537,2,RF,0,0
540,2,RF,0,0
548,2,RF,0,0
550,2,RF,0,0
551,2,RF,0,0
554,2,RF,0,0
557,2,RF,0,0
559,2,RF,0,0
560,2,RF,0,0
579,2,RF,1,1
583,2,RF,0,0
589,2,RF,0,0
590,2,RF,0,0
591,2,RF,0,0
592,2,RF,0,0
599,2,RF,0,0
602,2,RF,0,0
604,2,RF,0,0
605,2,RF,0,1
612,2,RF,0,0
615,2,RF,1,1
616,2,RF,0,0
628,2,RF,0,0
632,2,RF,0,0
635,2,RF,1,1
640,2,RF,0,0
641,2,RF,1,1
644,2,RF,0,0
648,2,RF,0,0
650,2,RF,0,0
652,2,RF,0,0
658,2,RF,0,0
660,2,RF,0,0
665,2,RF,0,0
667,2,RF,0,0
677,2,RF,0,0
680,2,RF,1,0
687,2,RF,0,0
689,2,RF,0,0
690,2,RF,0,0
693,2,RF,0,0
701,2,RF,0,0
709,2,RF,0,0
710,2,RF,0,0
714,2,RF,0,0
724,2,RF,1,1
725,2,RF,0,0
726,2,RF,0,0
731,2,RF,0,0
735,2,RF,0,0
738,2,RF,0,0
740,2,RF,0,0
742,2,RF,0,0
743,2,RF,1,0
748,2,RF,0,0
750,2,RF,0,0
755,2,RF,0,0
766,2,RF,0,0
767,2,RF,1,1
769,2,RF,0,0
770,2,RF,0,0
771,2,RF,0,0
784,2,RF,0,0
788,2,RF,0,0
792,2,RF,0,0
793,2,RF,0,0
806,2,RF,0,0
810,2,RF,0,0
816,2,RF,0,1
820,2,RF,0,0
830,2,RF,0,0
835,2,RF,0,0
838,2,RF,0,0
839,2,RF,0,0
873,2,RF,1,1
874,2,RF,0,0
879,2,RF,1,1
883,2,RF,0,0
884,2,RF,0,0
892,2,RF,0,0
894,2,RF,0,0
898,2,RF,1,1
899,2,RF,0,0
901,2,RF,0,0
913,2,RF,0,0
914,2,RF,0,0
917,2,RF,0,0
919,2,RF,0,0
920,2,RF,0,0
922,2,RF,0,0
928,2,RF,0,0
930,2,RF,0,0
932,2,RF,1,1
935,2,RF,0,0
948,2,RF,0,0
957,2,RF,0,0
958,2,RF,0,0
962,2,RF,0,0
963,2,RF,0,0
975,2,RF,0,0
976,2,RF,0,0
981,2,RF,0,0
983,2,RF,1,0
988,2,RF,0,0
990,2,RF,0,0
991,2,RF,0,0
994,2,RF,0,0
1001,2,RF,0,0
1003,2,RF,0,0
1005,2,RF,0,0
1013,2,RF,0,0
1021,2,RF,0,0
1022,2,RF,0,0
1027,2,RF,0,0
1028,2,RF,0,0
1030,2,RF,0,0
1032,2,RF,0,0
1034,2,RF,0,0
1040,2,RF,0,0
1045,2,RF,0,0
1065,2,RF,0,0
1073,2,RF,1,1
1094,2,RF,0,0
1098,2,RF,1,1
1115,2,RF,0,0
1120,2,RF,0,0
1130,2,RF,0,0
1132,2,RF,0,0
1134,2,RF,0,0
1142,2,RF,0,0
1144,2,RF,1,1
1148,2,RF,0,0
1153,2,RF,0,0
1156,2,RF,0,0
1158,2,RF,0,0
1175,2,RF,0,0
1178,2,RF,0,0
1194,2,RF,0,0
1195,2,RF,0,0
1199,2,RF,0,0
1203,2,RF,0,0
1208,2,RF,0,0
1209,2,RF,0,0
1211,2,RF,1,1
1215,2,RF,0,0
1218,2,RF,0,0
1219,2,RF,1,1
1225,2,RF,0,0
1232,2,RF,0,0
1242,2,RF,0,0
1247,2,RF,0,0
1250,2,RF,0,0
1257,2,RF,0,0
1260,2,RF,0,0
1267,2,RF,0,0
1268,2,RF,0,0
1273,2,RF,0,0
1278,2,RF,1,1
1279,2,RF,0,0
1280,2,RF,0,0
1283,2,RF,0,0
1288,2,RF,0,0
1292,2,RF,0,0
1298,2,RF,0,0
1299,2,RF,0,0
1306,2,RF,0,0
1310,2,RF,0,0
1317,2,RF,0,0
1321,2,RF,0,0
1324,2,RF,0,0
1333,2,RF,1,1
1334,2,RF,0,0
1337,2,RF,0,0
1346,2,RF,0,0
1348,2,RF,0,0
1354,2,RF,0,0
1357,2,RF,0,0
1367,2,RF,0,0
1369,2,RF,0,0
1374,2,RF,0,0
1377,2,RF,0,0
1378,2,RF,0,0
1379,2,RF,0,0
1386,2,RF,0,0
1398,2,RF,0,0
1401,2,RF,0,0
1403,2,RF,0,0
1409,2,RF,0,0
1410,2,RF,0,0
1421,2,RF,0,0
1426,2,RF,0,0
1430,2,RF,0,0
1431,2,RF,0,0
1432,2,RF,0,0
1433,2,RF,0,0
1438,2,RF,0,0
1440,2,RF,0,0
1446,2,RF,0,0
1447,2,RF,0,0
1454,2,RF,0,0
1456,2,RF,1,1
1463,2,RF,0,0
1466,2,RF,1,1
1475,2,RF,0,0
1485,2,RF,0,0
1486,2,RF,0,0
1491,2,RF,0,0
1497,2,RF,0,0
1501,2,RF,0,0
1504,2,RF,1,1
1512,2,RF,0,0
1517,2,RF,0,0
1519,2,RF,0,0
1522,2,RF,0,0
1524,2,RF,1,1
1526,2,RF,0,0
1528,2,RF,0,0
1545,2,RF,0,0
1549,2,RF,0,0
1559,2,RF,0,0
1560,2,RF,0,0
1563,2,RF,0,0
1565,2,RF,0,0
1568,2,RF,0,0
1573,2,RF,0,0
1577,2,RF,0,0
1583,2,RF,0,0
1584,2,RF,1,0
1585,2,RF,0,0
1592,2,RF,0,0
1597,2,RF,0,0
1604,2,RF,0,0
1612,2,RF,0,0
1628,2,RF,1,1
1629,2,RF,0,0
1635,2,RF,0,0
1641,2,RF,0,0
1643,2,RF,0,0
1646,2,RF,0,0
1656,2,RF,0,0
1657,2,RF,1,1
1659,2,RF,0,0
1661,2,RF,0,0
1679,2,RF,0,0
1698,2,RF,0,0
1707,2,RF,0,0
1710,2,RF,1,1
1712,2,RF,0,0
1721,2,RF,1,0
1722,2,RF,0,0
1725,2,RF,0,0
1730,2,RF,0,1
1736,2,RF,0,0
1737,2,RF,1,1
1743,2,RF,0,0
1749,2,RF,1,1
1756,2,RF,0,0
1762,2,RF,0,0
1766,2,RF,0,0
1769,2,RF,0,0
1770,2,RF,0,0
1778,2,RF,0,0
1780,2,RF,0,0
1781,2,RF,0,0
1782,2,RF,0,0
1787,2,RF,0,0
1803,2,RF,1,0
1818,2,RF,0,0
1819,2,RF,0,0
1833,2,RF,0,0
1837,2,RF,0,0
1842,2,RF,0,0
1847,2,RF,0,0
1852,2,RF,0,0
1853,2,RF,0,0
1854,2,RF,1,1
1861,2,RF,0,0
1862,2,RF,0,0
1869,2,RF,0,0
1870,2,RF,1,1
1871,2,RF,1,1
1874,2,RF,0,0
1877,2,RF,0,0
1879,2,RF,0,0
1895,2,RF,0,0
1925,2,RF,0,0
1926,2,RF,0,0
1933,2,RF,0,0
1935,2,RF,0,0
1936,2,RF,1,0
1946,2,RF,0,0
1953,2,RF,0,0
1965,2,RF,0,0
1967,2,RF,0,0
1968,2,RF,0,0
1978,2,RF,0,0
1979,2,RF,0,0
1981,2,RF,0,0
1991,2,RF,1,1
1993,2,RF,0,0
1999,2,RF,0,0
2002,2,RF,0,0
2011,2,RF,0,0
2012,2,RF,0,0
2015,2,RF,0,0
2026,2,RF,1,1
2029,2,RF,0,0
2037,2,RF,0,0
2045,2,RF,0,0
2050,2,RF,1,1
2061,2,RF,0,0
2063,2,RF,0,0
2064,2,RF,0,0
2068,2,RF,1,1
2069,2,RF,0,0
2079,2,RF,0,1
2080,2,RF,0,0
2082,2,RF,0,0
2084,2,RF,0,0
2087,2,RF,0,0
2088,2,RF,0,0
2096,2,RF,0,0
2108,2,RF,0,0
2110,2,RF,0,0
2112,2,RF,0,0
2121,2,RF,0,0
2126,2,RF,0,0
2139,2,RF,1,1
2140,2,RF,0,0
2144,2,RF,0,0
2145,2,RF,0,0
2146,2,RF,0,0
2148,2,RF,0,0
2149,2,RF,0,0
2152,2,RF,0,0
2153,2,RF,0,0
2155,2,RF,0,0
2160,2,RF,0,0
2181,2,RF,0,0
2197,2,RF,0,0
2199,2,RF,0,0
2200,2,RF,0,1
2201,2,RF,0,0
2219,2,RF,0,0
2225,2,RF,0,0
2231,2,RF,1,1
2234,2,RF,0,0
2239,2,RF,0,0
2241,2,RF,0,0
2251,2,RF,0,0
2255,2,RF,1,0
2260,2,RF,0,0
2264,2,RF,0,0
2269,2,RF,0,0
2270,2,RF,0,0
2280,2,RF,0,0
2298,2,RF,0,0
2307,2,RF,0,0
2316,2,RF,0,0
2318,2,RF,0,0
2327,2,RF,0,0
2339,2,RF,0,0
2343,2,RF,0,0
2362,2,RF,0,0
2369,2,RF,0,0
2375,2,RF,0,0
2378,2,RF,1,0
2393,2,RF,0,0
2395,2,RF,0,0
2404,2,RF,1,1
2406,2,RF,0,1
2417,2,RF,0,0
2422,2,RF,0,0
2426,2,RF,0,0
2432,2,RF,0,0
2441,2,RF,0,0
2445,2,RF,0,0
2446,2,RF,0,0
2447,2,RF,0,0
2449,2,RF,0,0
2457,2,RF,0,0
2462,2,RF,0,0
2475,2,RF,0,0
2482,2,RF,0,0
2486,2,RF,0,0
2491,2,RF,0,0
2494,2,RF,0,0
2495,2,RF,0,0
2503,2,RF,0,0
2505,2,RF,0,0
2507,2,RF,0,0
2509,2,RF,0,0
2520,2,RF,0,0
2521,2,RF,0,0
2525,2,RF,0,0
2535,2,RF,0,0
2539,2,RF,0,0
2547,2,RF,0,0
2549,2,RF,0,0
2552,2,RF,0,0
2572,2,RF,0,0
2578,2,RF,0,0
2581,2,RF,0,0
2589,2,RF,0,0
2590,2,RF,0,0
2594,2,RF,0,0
2596,2,RF,0,0
2600,2,RF,0,0
2601,2,RF,1,0
2607,2,RF,0,0
2609,2,RF,0,0
2612,2,RF,0,0
2618,2,RF,0,0
2619,2,RF,0,0
2623,2,RF,0,0
2628,2,RF,0,0
2629,2,RF,0,0
2637,2,RF,0,0
2638,2,RF,0,0
2644,2,RF,0,0
2645,2,RF,0,0
2647,2,RF,0,0
2654,2,RF,1,1
2660,2,RF,1,1
2666,2,RF,0,0
2669,2,RF,0,0
2673,2,RF,0,0
2684,2,RF,0,0
2690,2,RF,0,0
2691,2,RF,1,1
2695,2,RF,0,0
2697,2,RF,0,0
2698,2,RF,0,0
2703,2,RF,0,0
2706,2,RF,0,0
2709,2,RF,0,0
2710,2,RF,0,0
2717,2,RF,0,0
2720,2,RF,0,0
2722,2,RF,0,0
2724,2,RF,0,0
2727,2,RF,0,0
2734,2,RF,0,0
2736,2,RF,0,0
2742,2,RF,0,0
2754,2,RF,1,1
2770,2,RF,0,0
2773,2,RF,1,0
2774,2,RF,0,0
2778,2,RF,0,0
2782,2,RF,0,0
2783,2,RF,0,0
2784,2,RF,0,0
2794,2,RF,0,0
2795,2,RF,0,0
2801,2,RF,1,1
2812,2,RF,1,1
2817,2,RF,0,0
2821,2,RF,0,0
2822,2,RF,0,0
2824,2,RF,0,0
2834,2,RF,0,0
2846,2,RF,0,0
2851,2,RF,1,1
2855,2,RF,0,0
2856,2,RF,0,0
2858,2,RF,0,0
2873,2,RF,0,0
2877,2,RF,0,0
2878,2,RF,0,0
2882,2,RF,0,0
2885,2,RF,0,0
2905,2,RF,0,0
2908,2,RF,0,0
2912,2,RF,0,0
2919,2,RF,1,1
2920,2,RF,0,0
2928,2,RF,0,0
2936,2,RF,0,0
2953,2,RF,0,0
2960,2,RF,0,0
2975,2,RF,0,0
2978,2,RF,0,0
2989,2,RF,0,0
2994,2,RF,0,0
2999,2,RF,0,0
3000,2,RF,0,0
3001,2,RF,0,0
3005,2,RF,0,0
3006,2,RF,0,0
3008,2,RF,0,0
3013,2,RF,0,0
3029,2,RF,0,0
3031,2,RF,0,0
3038,2,RF,0,0
3039,2,RF,0,0
3041,2,RF,0,0
3042,2,RF,0,1
3047,2,RF,0,0
3062,2,RF,0,0
3069,2,RF,0,0
3070,2,RF,0,0
3080,2,RF,0,0
3093,2,RF,0,0
3095,2,RF,1,1
3100,2,RF,0,0
3112,2,RF,0,0
3113,2,RF,1,1
3115,2,RF,0,0
3117,2,RF,0,0
3130,2,RF,0,0
3131,2,RF,0,0
3136,2,RF,0,0
3156,2,RF,0,0
3160,2,RF,0,0
3166,2,RF,1,1
3169,2,RF,0,0
3170,2,RF,0,0
3172,2,RF,0,0
3179,2,RF,0,0
3181,2,RF,1,1
3195,2,RF,0,0
3203,2,RF,0,0
3205,2,RF,0,0
3212,2,RF,0,0
3214,2,RF,0,0
3217,2,RF,0,0
3222,2,RF,0,0
3243,2,RF,0,0
3244,2,RF,1,0
3252,2,RF,0,0
3253,2,RF,0,0
3254,2,RF,0,0
3256,2,RF,0,0
3278,2,RF,0,0
3284,2,RF,0,0
3286,2,RF,0,0
3290,2,RF,0,0
3291,2,RF,0,0
3295,2,RF,0,0
3304,2,RF,0,0
3308,2,RF,0,0
3311,2,RF,0,0
3318,2,RF,0,0
3321,2,RF,0,0
3322,2,RF,0,0
3328,2,RF,0,0
3332,2,RF,0,0
3334,2,RF,1,1
3346,2,RF,0,0
3351,2,RF,0,0
3354,2,RF,0,0
3356,2,RF,0,0
3357,2,RF,0,0
3358,2,RF,0,0
3359,2,RF,0,0
3360,2,RF,0,0
3362,2,RF,0,0
3366,2,RF,0,0
3367,2,RF,0,0
3376,2,RF,1,1
3379,2,RF,0,0
3381,2,RF,0,0
3382,2,RF,0,0
3394,2,RF,0,0
3410,2,RF,0,0
3411,2,RF,0,0
3413,2,RF,0,0
3419,2,RF,0,0
3425,2,RF,0,0
3430,2,RF,0,0
3434,2,RF,0,0
3446,2,RF,1,0
3451,2,RF,0,0
3455,2,RF,0,0
3456,2,RF,1,1
3458,2,RF,0,0
3468,2,RF,0,0
3475,2,RF,0,0
3491,2,RF,0,0
3495,2,RF,0,0
3497,2,RF,0,0
3500,2,RF,0,0
3507,2,RF,0,0
3509,2,RF,0,0
3510,2,RF,0,0
3526,2,RF,0,0
3529,2,RF,1,1
3532,2,RF,0,0
3547,2,RF,0,0
3553,2,RF,0,0
3557,2,RF,0,0
3560,2,RF,0,0
3564,2,RF,1,0
3567,2,RF,0,0
3568,2,RF,0,0
3570,2,RF,0,0
3573,2,RF,0,0
3575,2,RF,0,1
3579,2,RF,0,0
3580,2,RF,0,0
3581,2,RF,0,0
3582,2,RF,0,0
3583,2,RF,0,0
3584,2,RF,0,0
3589,2,RF,0,0
3590,2,RF,1,1
3596,2,RF,0,0
3608,2,RF,1,0
3616,2,RF,0,0
3623,2,RF,0,1
3644,2,RF,0,0
3646,2,RF,0,0
3654,2,RF,0,0
3657,2,RF,0,0
3661,2,RF,0,0
3663,2,RF,0,0
3664,2,RF,0,0
3666,2,RF,1,1
3670,2,RF,0,0
3678,2,RF,0,0
3680,2,RF,0,0
3681,2,RF,0,0
3684,2,RF,1,1
3691,2,RF,0,0
3696,2,RF,0,0
3699,2,RF,0,0
3701,2,RF,0,0
3703,2,RF,0,0
3718,2,RF,0,0
3719,2,RF,0,0
3724,2,RF,0,0
3729,2,RF,0,0
3733,2,RF,0,0
3735,2,RF,0,0
3742,2,RF,0,0
3743,2,RF,0,0
3749,2,RF,0,0
3752,2,RF,0,0
3769,2,RF,1,0
3775,2,RF,0,0
3786,2,RF,0,0
3798,2,RF,1,1
3811,2,RF,0,0
3819,2,RF,0,0
3821,2,RF,0,0
3822,2,RF,0,0
3831,2,RF,1,1
3842,2,RF,0,0
3855,2,RF,0,0
3860,2,RF,0,0
3864,2,RF,0,0
3868,2,RF,0,0
3876,2,RF,1,1
3877,2,RF,0,0
3881,2,RF,0,0
3885,2,RF,0,0
3892,2,RF,0,0
3898,2,RF,0,0
3901,2,RF,1,0
3904,2,RF,1,1
3906,2,RF,0,0
3913,2,RF,0,0
3914,2,RF,0,0
3921,2,RF,0,0
3922,2,RF,0,0
3928,2,RF,0,0
3930,2,RF,0,0
3931,2,RF,0,0
3933,2,RF,0,0
3935,2,RF,0,0
3938,2,RF,0,0
3949,2,RF,0,0
3950,2,RF,0,0
3952,2,RF,0,0
3957,2,RF,0,0
3960,2,RF,0,0
3961,2,RF,0,0
3965,2,RF,0,0
3971,2,RF,0,0
3975,2,RF,0,0
3988,2,RF,1,1
3989,2,RF,0,0
3990,2,RF,0,0
3993,2,RF,0,0
3997,2,RF,1,1
4002,2,RF,0,0
4004,2,RF,1,1
4008,2,RF,0,0
4011,2,RF,0,0
4012,2,RF,0,0
4013,2,RF,1,1
4016,2,RF,0,0
4020,2,RF,0,0
4021,2,RF,0,0
4028,2,RF,0,0
4041,2,RF,0,0
4043,2,RF,0,0
4044,2,RF,0,0
4050,2,RF,0,0
4062,2,RF,0,0
4066,2,RF,0,0
4068,2,RF,0,0
4069,2,RF,0,0
4073,2,RF,0,0
4076,2,RF,0,0
4082,2,RF,0,0
4093,2,RF,0,0
4095,2,RF,0,0
4100,2,RF,0,0
4109,2,RF,1,1
4113,2,RF,0,0
4125,2,RF,0,0
4131,2,RF,0,0
4132,2,RF,0,0
4139,2,RF,0,0
4141,2,RF,0,0
4145,2,RF,0,0
4146,2,RF,0,0
4150,2,RF,0,0
4161,2,RF,0,0
4177,2,RF,0,0
4178,2,RF,0,0
4191,2,RF,0,0
4193,2,RF,0,0
4206,2,RF,0,0
4207,2,RF,0,0
4213,2,RF,0,0
4216,2,RF,1,1
4217,2,RF,0,0
4220,2,RF,0,0
4226,2,RF,0,0
4229,2,RF,1,1
4232,2,RF,0,0
4242,2,RF,0,0
4244,2,RF,0,0
4250,2,RF,0,0
4260,2,RF,0,0
4261,2,RF,0,0
4264,2,RF,0,0
4265,2,RF,0,0
4268,2,RF,1,0
4273,2,RF,0,0
4275,2,RF,0,0
4277,2,RF,0,0
4282,2,RF,0,0
4286,2,RF,0,0
4291,2,RF,0,0
4297,2,RF,0,0
4311,2,RF,0,0
4320,2,RF,0,0
4322,2,RF,0,0
4325,2,RF,0,0
4327,2,RF,0,0
4329,2,RF,0,0
4336,2,RF,0,0
4338,2,RF,1,0
4348,2,RF,1,0
4359,2,RF,0,0
4361,2,RF,0,0
4367,2,RF,0,0
4368,2,RF,0,0
4372,2,RF,1,0
4373,2,RF,0,0
4379,2,RF,0,0
4383,2,RF,0,0
4384,2,RF,0,0
4386,2,RF,0,0
4392,2,RF,0,0
4398,2,RF,0,0
4401,2,RF,0,0
4408,2,RF,0,0
4412,2,RF,0,0
4414,2,RF,0,0
4418,2,RF,0,0
4419,2,RF,0,0
4420,2,RF,1,1
4430,2,RF,0,0
4445,2,RF,1,1
4451,2,RF,0,0
4455,2,RF,1,0
4458,2,RF,1,0
4462,2,RF,0,0
4464,2,RF,0,0
4465,2,RF,0,0
4473,2,RF,0,0
4487,2,RF,0,0
4488,2,RF,0,0
4502,2,RF,0,0
4507,2,RF,0,0
4515,2,RF,0,0
4519,2,RF,0,0
4523,2,RF,0,0
4525,2,RF,0,0
4533,2,RF,0,0
4536,2,RF,0,0
4541,2,RF,0,0
4546,2,RF,0,0
4548,2,RF,0,0
4550,2,RF,0,0
4551,2,RF,0,0
4557,2,RF,0,0
4561,2,RF,0,0
4565,2,RF,1,1
4566,2,RF,0,0
4568,2,RF,0,0
4569,2,RF,1,1
4570,2,RF,0,0
4587,2,RF,0,0
4593,2,RF,0,0
4594,2,RF,0,0
4600,2,RF,1,1
4606,2,RF,0,0
4609,2,RF,1,1
4614,2,RF,0,0
4616,2,RF,0,0
4617,2,RF,1,1
4637,2,RF,0,0
4645,2,RF,0,0
4652,2,RF,0,0
4665,2,RF,0,0
4667,2,RF,0,0
4669,2,RF,0,0
4680,2,RF,0,0
4685,2,RF,0,1
4689,2,RF,0,0
4702,2,RF,0,0
4703,2,RF,0,0
4704,2,RF,0,0
4709,2,RF,0,0
4710,2,RF,0,0
4713,2,RF,0,0
4715,2,RF,0,0
4719,2,RF,0,0
4723,2,RF,0,0
4730,2,RF,0,0
4748,2,RF,0,0
4751,2,RF,0,0
4756,2,RF,0,0
4759,2,RF,0,0
4761,2,RF,0,1
4776,2,RF,0,0
4777,2,RF,0,0
4778,2,RF,0,1
4779,2,RF,0,0
4783,2,RF,0,0
4789,2,RF,1,1
4791,2,RF,0,0
4796,2,RF,0,0
4797,2,RF,0,0
4801,2,RF,0,0
4804,2,RF,1,1
4819,2,RF,1,1
4820,2,RF,0,0
4821,2,RF,0,0
4835,2,RF,0,0
4837,2,RF,1,1
4838,2,RF,1,0
4841,2,RF,1,1
4856,2,RF,0,0
4862,2,RF,0,0
4863,2,RF,0,0
4865,2,RF,1,0
4867,2,RF,1,1
4872,2,RF,0,0
4883,2,RF,0,0
4884,2,RF,0,0
4885,2,RF,0,0
4893,2,RF,0,0
4896,2,RF,1,1
4903,2,RF,0,0
4905,2,RF,0,0
4912,2,RF,0,0
4918,2,RF,0,0
4922,2,RF,0,0
4924,2,RF,0,0
4927,2,RF,0,0
4928,2,RF,0,0
4929,2,RF,0,0
4945,2,RF,0,0
4948,2,RF,0,0
4949,2,RF,0,0
4950,2,RF,0,0
4953,2,RF,0,0
4964,2,RF,0,0
4969,2,RF,0,0
4970,2,RF,0,0
4975,2,RF,0,0
4977,2,RF,0,0
4980,2,RF,1,1
4984,2,RF,0,0
4992,2,RF,1,1
4995,2,RF,0,0
4997,2,RF,0,0
5000,2,RF,1,1
5001,2,RF,1,1
5008,2,RF,0,0
5014,2,RF,0,0
5018,2,RF,0,0
5020,2,RF,0,0
5026,2,RF,0,1
5027,2,RF,0,0
5038,2,RF,1,1
5054,2,RF,0,0
5059,2,RF,0,0
5065,2,RF,0,0
5071,2,RF,0,0
5073,2,RF,1,0
5089,2,RF,1,1
5093,2,RF,0,0
5096,2,RF,0,0
5104,2,RF,1,1
5115,2,RF,0,0
5129,2,RF,0,0
5140,2,RF,0,0
5148,2,RF,0,0
5150,2,RF,0,0
5156,2,RF,1,1
5157,2,RF,0,0
5166,2,RF,0,0
5168,2,RF,0,0
5179,2,RF,0,0
5182,2,RF,0,0
5185,2,RF,1,1
5187,2,RF,0,0
5190,2,RF,0,0
5193,2,RF,0,0
5194,2,RF,0,0
5197,2,RF,0,0
5201,2,RF,0,0
5202,2,RF,1,1
5206,2,RF,0,0
5207,2,RF,0,0
5208,2,RF,0,0
5217,2,RF,0,0
5223,2,RF,0,0
5228,2,RF,0,0
5239,2,RF,0,0
5241,2,RF,0,0
5245,2,RF,1,1
5254,2,RF,0,0
5258,2,RF,0,0
5259,2,RF,0,0
5281,2,RF,0,0
5287,2,RF,0,0
5292,2,RF,0,1
5304,2,RF,0,0
5313,2,RF,0,0
5318,2,RF,0,0
5322,2,RF,0,0
5324,2,RF,0,0
5341,2,RF,0,0
5342,2,RF,0,0
5349,2,RF,0,0
5350,2,RF,1,0
5351,2,RF,0,0
5355,2,RF,1,1
5356,2,RF,0,0
5364,2,RF,0,0
5366,2,RF,0,0
5372,2,RF,0,0
5375,2,RF,0,0
5377,2,RF,0,0
5379,2,RF,0,1
5389,2,RF,0,0
5392,2,RF,0,0
5397,2,RF,1,1
5398,2,RF,0,0
5401,2,RF,0,0
5402,2,RF,0,0
5410,2,RF,0,0
5413,2,RF,0,0
5415,2,RF,0,0
5419,2,RF,0,0
5425,2,RF,0,0
5427,2,RF,0,0
5442,2,RF,0,0
5447,2,RF,0,0
5449,2,RF,0,0
5451,2,RF,0,0
5455,2,RF,0,0
5457,2,RF,1,0
5464,2,RF,0,0
5465,2,RF,0,0
5469,2,RF,0,0
5472,2,RF,0,0
5475,2,RF,0,0
5479,2,RF,0,0
5490,2,RF,0,0
5497,2,RF,0,0
5500,2,RF,0,0
5508,2,RF,0,0
5509,2,RF,0,0
5510,2,RF,0,0
5511,2,RF,0,0
5532,2,RF,0,0
5540,2,RF,0,0
5545,2,RF,0,1
5547,2,RF,1,1
5552,2,RF,0,0
5563,2,RF,0,0
5571,2,RF,0,0
5579,2,RF,0,0
5581,2,RF,0,0
5582,2,RF,0,0
5584,2,RF,0,0
5587,2,RF,0,0
5589,2,RF,1,1
5590,2,RF,0,0
5593,2,RF,0,0
5595,2,RF,0,0
5601,2,RF,1,0
5602,2,RF,0,0
5606,2,RF,0,0
5620,2,RF,0,0
5638,2,RF,1,0
5663,2,RF,0,0
5666,2,RF,0,0
5679,2,RF,0,0
5681,2,RF,0,0
5682,2,RF,1,1
5688,2,RF,0,0
5706,2,RF,0,0
5722,2,RF,0,0
5730,2,RF,0,0
5748,2,RF,0,0
5750,2,RF,1,1
5754,2,RF,0,0
5755,2,RF,1,1
5759,2,RF,0,0
5781,2,RF,0,0
5782,2,RF,0,0
5800,2,RF,0,0
5806,2,RF,0,0
5808,2,RF,0,0
5809,2,RF,1,1
5811,2,RF,0,0
5826,2,RF,0,0
5828,2,RF,0,0
5833,2,RF,0,0
5841,2,RF,0,0
5842,2,RF,0,0
5845,2,RF,0,0
5852,2,RF,0,0
5855,2,RF,0,0
5859,2,RF,0,0
5869,2,RF,0,0
5870,2,RF,0,0
5874,2,RF,0,0
5885,2,RF,0,0
5892,2,RF,0,0
5900,2,RF,0,0
5908,2,RF,0,0
5914,2,RF,1,0
5915,2,RF,0,0
5918,2,RF,0,0
5922,2,RF,1,1
5924,2,RF,0,0
5925,2,RF,1,1
5928,2,RF,0,0
5935,2,RF,0,0
5939,2,RF,1,1
5942,2,RF,0,0
5963,2,RF,0,0
5968,2,RF,0,0
5969,2,RF,0,0
5973,2,RF,0,0
5978,2,RF,1,1
5996,2,RF,0,0
6012,2,RF,0,0
6014,2,RF,0,0
6015,2,RF,0,1
6017,2,RF,0,0
6018,2,RF,0,0
6021,2,RF,0,0
6023,2,RF,0,0
6026,2,RF,0,0
6031,2,RF,0,0
6037,2,RF,0,0
6038,2,RF,0,0
6044,2,RF,0,0
6046,2,RF,0,0
6049,2,RF,0,0
6050,2,RF,0,0
6063,2,RF,0,0
6065,2,RF,0,0
6069,2,RF,0,0
6072,2,RF,0,0
6087,2,RF,0,0
6098,2,RF,0,0
6102,2,RF,1,1
6110,2,RF,0,0
6111,2,RF,0,0
6113,2,RF,0,0
6121,2,RF,0,0
6138,2,RF,0,0
6142,2,RF,0,0
6144,2,RF,0,0
6151,2,RF,0,0
6154,2,RF,0,0
6165,2,RF,0,0
6180,2,RF,1,0
6183,2,RF,0,0
6184,2,RF,0,0
6203,2,RF,1,1
6204,2,RF,0,0
6206,2,RF,0,0
6209,2,RF,0,0
6216,2,RF,0,0
6219,2,RF,0,0
6221,2,RF,0,0
6225,2,RF,0,0
6239,2,RF,0,0
6240,2,RF,0,0
6241,2,RF,0,0
6244,2,RF,0,0
6245,2,RF,0,0
6252,2,RF,0,0
6256,2,RF,0,0
6258,2,RF,0,0
6263,2,RF,1,1
6266,2,RF,0,0
6268,2,RF,0,0
6270,2,RF,0,0
6271,2,RF,0,0
6275,2,RF,0,0
6282,2,RF,0,0
6284,2,RF,0,0
6285,2,RF,0,0
6287,2,RF,1,0
6289,2,RF,0,0
6296,2,RF,0,0
6298,2,RF,0,0
6299,2,RF,0,0
6313,2,RF,0,0
6317,2,RF,0,0
6322,2,RF,0,0
6324,2,RF,0,0
6325,2,RF,0,0
6336,2,RF,0,0
6338,2,RF,0,1
6344,2,RF,0,0
6346,2,RF,0,0
6348,2,RF,0,0
6355,2,RF,0,0
6356,2,RF,0,0
6362,2,RF,0,0
6363,2,RF,0,0
6370,2,RF,0,0
6371,2,RF,0,0
6372,2,RF,0,1
6385,2,RF,0,0
6386,2,RF,1,1
6400,2,RF,0,0
6401,2,RF,0,0
6420,2,RF,0,0
6422,2,RF,0,0
6424,2,RF,0,0
6426,2,RF,0,0
6429,2,RF,1,1
6433,2,RF,0,0
6440,2,RF,0,0
6443,2,RF,0,0
6444,2,RF,0,0
6451,2,RF,0,0
6454,2,RF,0,0
6455,2,RF,1,1
6457,2,RF,0,0
6459,2,RF,0,0
6465,2,RF,0,0
6466,2,RF,1,1
6468,2,RF,0,0
6469,2,RF,1,1
6471,2,RF,1,1
6474,2,RF,0,0
6478,2,RF,0,0
6484,2,RF,0,0
6492,2,RF,1,0
6497,2,RF,0,0
6499,2,RF,0,0
6502,2,RF,0,0
6504,2,RF,0,0
6513,2,RF,0,0
6515,2,RF,0,0
6519,2,RF,0,1
6520,2,RF,0,0
6527,2,RF,0,0
6531,2,RF,0,0
6532,2,RF,1,1
6535,2,RF,0,0
6541,2,RF,1,0
6548,2,RF,0,0
6561,2,RF,0,0
6562,2,RF,0,0
6566,2,RF,0,0
6572,2,RF,0,0
6574,2,RF,0,0
6585,2,RF,0,0
6588,2,RF,1,1
6589,2,RF,0,0
6592,2,RF,0,0
6597,2,RF,0,0
6600,2,RF,0,0
6604,2,RF,0,0
6608,2,RF,0,0
6609,2,RF,0,0
6610,2,RF,0,0
6611,2,RF,0,0
6615,2,RF,0,0
6616,2,RF,0,0
6618,2,RF,0,0
6628,2,RF,0,0
6631,2,RF,0,0
6633,2,RF,0,0
6635,2,RF,0,0
6639,2,RF,1,1
6645,2,RF,0,0
6651,2,RF,0,0
6671,2,RF,0,0
6677,2,RF,1,1
6680,2,RF,0,0
6682,2,RF,1,1
6684,2,RF,0,0
6686,2,RF,0,0
6692,2,RF,0,0
6706,2,RF,0,0
6712,2,RF,0,0
6726,2,RF,0,0
6733,2,RF,0,0
6736,2,RF,0,0
6742,2,RF,0,0
6748,2,RF,1,1
6751,2,RF,1,1
6760,2,RF,0,0
6764,2,RF,0,0
6769,2,RF,1,1
6774,2,RF,0,0
6775,2,RF,0,0
6783,2,RF,1,1
6790,2,RF,1,1
6793,2,RF,0,0
6795,2,RF,0,0
6797,2,RF,0,1
6800,2,RF,0,0
6801,2,RF,0,0
6804,2,RF,0,0
6808,2,RF,0,0
6810,2,RF,0,0
6815,2,RF,0,0
6818,2,RF,1,1
6827,2,RF,0,0
6829,2,RF,0,0
6839,2,RF,0,0
6841,2,RF,0,0
6845,2,RF,0,0
6848,2,RF,0,0
6851,2,RF,0,0
6866,2,RF,0,0
6868,2,RF,0,0
6869,2,RF,0,0
6877,2,RF,0,0
6880,2,RF,0,0
6892,2,RF,0,0
6893,2,RF,0,0
6894,2,RF,0,0
6895,2,RF,0,0
6897,2,RF,0,0
6901,2,RF,1,1
6903,2,RF,0,0
6907,2,RF,0,0
6913,2,RF,0,0
6930,2,RF,0,0
6944,2,RF,0,0
6948,2,RF,1,1
6950,2,RF,0,0
6951,2,RF,0,0
6953,2,RF,0,0
6961,2,RF,0,0
6962,2,RF,0,0
6967,2,RF,0,0
6968,2,RF,0,1
6985,2,RF,0,0
6986,2,RF,0,0
6987,2,RF,0,0
6994,2,RF,0,0
7000,2,RF,0,0
7002,2,RF,0,0
7013,2,RF,0,0
7014,2,RF,0,0
7015,2,RF,0,0
7017,2,RF,0,0
7021,2,RF,0,0
7029,2,RF,0,0
7034,2,RF,0,0
7048,2,RF,0,0
7049,2,RF,0,0
7056,2,RF,0,0
7061,2,RF,0,0
7063,2,RF,0,0
7069,2,RF,0,0
7071,2,RF,0,0
7074,2,RF,0,0
7075,2,RF,0,0
7078,2,RF,0,0
7080,2,RF,0,0
7083,2,RF,0,0
7085,2,RF,0,0
7089,2,RF,0,0
7101,2,RF,0,0
7102,2,RF,0,0
7109,2,RF,0,0
7116,2,RF,0,0
7123,2,RF,0,0
7124,2,RF,0,0
7134,2,RF,0,0
7138,2,RF,0,0
7158,2,RF,0,0
7166,2,RF,0,0
7168,2,RF,0,1
7170,2,RF,0,0
7173,2,RF,0,1
7183,2,RF,0,0
7187,2,RF,0,0
7195,2,RF,0,0
7210,2,RF,0,0
7216,2,RF,0,0
7219,2,RF,0,0
7226,2,RF,0,0
7229,2,RF,0,0
7232,2,RF,0,0
7239,2,RF,1,1
7246,2,RF,0,0
7262,2,RF,0,0
7268,2,RF,0,0
7275,2,RF,0,0
7277,2,RF,0,0
7279,2,RF,1,1
7283,2,RF,0,0
7285,2,RF,0,0
7299,2,RF,0,0
7300,2,RF,0,0
7303,2,RF,0,0
7308,2,RF,0,0
7309,2,RF,0,0
7313,2,RF,0,0
7316,2,RF,0,0
7329,2,RF,0,0
7334,2,RF,0,0
7336,2,RF,0,0
7339,2,RF,0,0
7361,2,RF,0,0
7363,2,RF,0,0
7364,2,RF,0,0
7372,2,RF,0,0
7373,2,RF,0,0
7377,2,RF,0,0
7386,2,RF,0,0
7393,2,RF,1,1
7401,2,RF,0,0
7403,2,RF,0,0
7405,2,RF,0,0
7408,2,RF,0,0
7410,2,RF,0,0
7413,2,RF,0,0
7414,2,RF,0,0
7422,2,RF,0,0
7426,2,RF,0,0
7432,2,RF,0,0
7443,2,RF,0,0
7444,2,RF,0,0
7454,2,RF,0,0
7457,2,RF,0,0
7467,2,RF,0,0
7482,2,RF,0,0
7486,2,RF,0,0
7489,2,RF,0,0
7491,2,RF,0,0
7493,2,RF,0,0
7497,2,RF,0,0
7505,2,RF,0,0
7506,2,RF,0,0
7512,2,RF,0,0
7517,2,RF,0,0
7520,2,RF,1,1
7524,2,RF,0,0
7527,2,RF,1,1
7536,2,RF,1,1
7540,2,RF,0,0
7548,2,RF,0,0
7549,2,RF,0,0
7556,2,RF,0,0
7558,2,RF,0,0
7564,2,RF,0,0
7569,2,RF,0,0
7572,2,RF,0,0
7589,2,RF,0,1
7596,2,RF,0,0
7597,2,RF,0,0
7598,2,RF,0,0
7611,2,RF,0,0
7612,2,RF,0,0
7616,2,RF,0,0
7619,2,RF,0,0
7622,2,RF,1,1
7627,2,RF,0,0
7630,2,RF,0,0
7641,2,RF,0,0
7643,2,RF,0,0
7644,2,RF,0,0
7645,2,RF,0,0
7665,2,RF,0,0
7671,2,RF,0,0
7681,2,RF,0,0
7690,2,RF,0,0
7703,2,RF,0,0
7710,2,RF,0,0
7717,2,RF,0,0
7718,2,RF,0,0
7719,2,RF,0,0
7725,2,RF,0,0
7733,2,RF,0,0
7734,2,RF,0,0
7737,2,RF,0,0
7739,2,RF,0,0
7740,2,RF,0,0
7746,2,RF,0,0
7747,2,RF,1,0
7759,2,RF,0,0
7762,2,RF,0,0
7767,2,RF,1,1
7768,2,RF,0,0
7772,2,RF,0,0
7773,2,RF,0,0
7775,2,RF,0,0
7778,2,RF,1,1
7788,2,RF,0,0
7795,2,RF,1,1
7797,2,RF,0,0
7801,2,RF,0,0
7803,2,RF,0,0
7807,2,RF,0,0
7813,2,RF,0,0
7819,2,RF,0,0
7821,2,RF,0,1
7829,2,RF,0,0
7837,2,RF,0,0
7838,2,RF,0,0
7841,2,RF,0,0
7843,2,RF,0,1
7849,2,RF,0,0
7852,2,RF,1,1
7859,2,RF,0,0
7861,2,RF,0,0
7869,2,RF,0,0
7870,2,RF,0,0
7872,2,RF,0,0
7879,2,RF,1,1
7880,2,RF,1,1
7885,2,RF,0,0
7886,2,RF,0,0
7891,2,RF,1,1
7899,2,RF,1,0
7904,2,RF,0,0
7910,2,RF,0,0
7914,2,RF,0,0
7919,2,RF,1,1
7923,2,RF,0,0
7924,2,RF,0,0
7934,2,RF,0,0
7950,2,RF,0,0
7957,2,RF,0,0
7964,2,RF,0,0
7965,2,RF,0,0
7966,2,RF,0,0
7968,2,RF,0,0
7972,2,RF,1,1
7973,2,RF,0,0
7974,2,RF,0,0
7987,2,RF,0,0
7990,2,RF,0,0
7999,2,RF,1,0
8000,2,RF,0,0
8018,2,RF,1,0
8021,2,RF,0,0
8025,2,RF,0,0
8029,2,RF,0,0
8034,2,RF,0,0
8046,2,RF,0,0
8054,2,RF,0,0
8056,2,RF,0,0
8059,2,RF,0,0
8060,2,RF,0,0
8064,2,RF,0,0
8069,2,RF,0,0
8074,2,RF,0,0
8076,2,RF,0,0
8088,2,RF,1,1
8092,2,RF,0,0
8094,2,RF,0,0
8096,2,RF,1,1
8097,2,RF,1,1
8102,2,RF,0,0
8104,2,RF,0,0
8109,2,RF,0,0
8110,2,RF,0,0
8113,2,RF,0,0
8117,2,RF,0,0
8122,2,RF,0,0
8126,2,RF,0,0
8132,2,RF,1,0
8136,2,RF,0,0
8137,2,RF,0,0
8142,2,RF,0,0
8150,2,RF,0,0
8153,2,RF,0,0
8175,2,RF,0,0
8182,2,RF,1,1
8184,2,RF,0,0
8187,2,RF,0,0
8192,2,RF,0,0
8198,2,RF,0,0
8204,2,RF,0,0
8205,2,RF,0,0
8206,2,RF,1,1
8212,2,RF,0,0
8213,2,RF,0,0
8216,2,RF,0,0
8217,2,RF,0,0
8221,2,RF,0,0
8223,2,RF,0,0
8234,2,RF,0,0
8235,2,RF,0,0
8244,2,RF,0,0
8245,2,RF,0,0
8247,2,RF,0,0
8252,2,RF,0,0
8256,2,RF,0,0
8259,2,RF,0,0
8263,2,RF,0,0
8275,2,RF,1,0
8277,2,RF,1,1
8283,2,RF,0,0
8284,2,RF,0,0
8285,2,RF,0,0
8296,2,RF,0,0
8304,2,RF,0,0
8305,2,RF,1,1
8306,2,RF,0,0
8312,2,RF,0,0
8317,2,RF,0,0
8328,2,RF,0,0
8336,2,RF,0,0
8337,2,RF,1,0
8340,2,RF,0,0
8341,2,RF,0,0
8349,2,RF,0,0
8350,2,RF,0,0
8356,2,RF,0,0
8360,2,RF,0,0
8364,2,RF,0,0
8365,2,RF,0,0
8367,2,RF,0,0
8368,2,RF,0,0
8385,2,RF,0,0
8389,2,RF,0,0
8390,2,RF,1,1
8398,2,RF,1,0
8399,2,RF,1,1
8402,2,RF,0,0
8403,2,RF,0,0
8406,2,RF,0,0
8411,2,RF,0,0
8413,2,RF,0,0
8417,2,RF,0,0
8421,2,RF,0,0
8425,2,RF,0,0
8436,2,RF,0,0
8447,2,RF,1,1
8453,2,RF,0,0
8459,2,RF,0,0
8461,2,RF,0,0
8469,2,RF,0,0
8473,2,RF,0,0
8475,2,RF,0,0
8477,2,RF,0,0
8479,2,RF,0,0
8484,2,RF,0,0
8493,2,RF,0,0
8496,2,RF,1,1
8504,2,RF,0,0
8511,2,RF,0,0
8512,2,RF,0,0
8518,2,RF,0,0
8523,2,RF,1,1
8525,2,RF,0,0
8537,2,RF,0,0
8539,2,RF,0,0
8542,2,RF,0,0
8545,2,RF,1,1
8550,2,RF,1,1
8552,2,RF,0,0
8557,2,RF,0,0
8558,2,RF,0,0
8559,2,RF,0,0
8567,2,RF,0,0
8571,2,RF,1,1
8574,2,RF,0,0
8588,2,RF,0,0
8595,2,RF,0,0
8598,2,RF,0,0
8602,2,RF,1,1
8604,2,RF,0,0
8607,2,RF,0,0
8609,2,RF,0,0
8616,2,RF,0,0
8618,2,RF,0,0
8619,2,RF,0,0
8620,2,RF,0,0
8630,2,RF,0,0
8633,2,RF,0,0
8639,2,RF,0,0
8647,2,RF,0,0
8649,2,RF,0,0
8654,2,RF,0,0
8659,2,RF,0,0
8662,2,RF,0,0
8667,2,RF,0,0
8671,2,RF,0,0
8678,2,RF,0,0
8680,2,RF,1,1
8689,2,RF,0,0
8692,2,RF,0,0
8694,2,RF,0,0
8706,2,RF,0,0
8707,2,RF,1,1
8709,2,RF,0,0
8716,2,RF,0,0
8720,2,RF,0,0
8723,2,RF,0,0
8725,2,RF,0,0
8730,2,RF,0,0
8733,2,RF,0,0
8735,2,RF,0,1
8741,2,RF,0,0
8747,2,RF,0,0
8749,2,RF,0,0
8751,2,RF,0,0
8758,2,RF,1,1
8760,2,RF,0,0
8763,2,RF,0,0
8766,2,RF,1,1
8769,2,RF,1,1
8770,2,RF,0,0
8779,2,RF,0,1
8785,2,RF,0,0
8792,2,RF,0,0
8793,2,RF,0,0
8795,2,RF,0,0
8796,2,RF,0,0
8798,2,RF,0,0
8803,2,RF,0,0
8805,2,RF,0,0
8813,2,RF,0,0
8815,2,RF,0,0
8816,2,RF,0,0
8823,2,RF,0,0
8824,2,RF,1,1
8831,2,RF,0,0
8842,2,RF,0,0
8845,2,RF,0,0
8846,2,RF,0,0
8847,2,RF,0,0
8855,2,RF,1,0
8857,2,RF,0,0
8865,2,RF,1,1
8867,2,RF,0,0
8874,2,RF,0,0
8878,2,RF,0,0
8885,2,RF,0,0
8901,2,RF,0,0
8905,2,RF,0,0
8908,2,RF,0,0
8911,2,RF,0,0
8919,2,RF,0,0
8923,2,RF,0,0
8927,2,RF,0,0
8941,2,RF,0,0
8942,2,RF,1,1
8943,2,RF,0,0
8951,2,RF,0,0
8952,2,RF,1,1
8953,2,RF,1,1
8954,2,RF,1,0
8967,2,RF,1,0
8971,2,RF,0,0
8972,2,RF,1,0
8974,2,RF,0,0
8977,2,RF,0,0
8984,2,RF,0,0
8988,2,RF,0,0
8991,2,RF,0,0
8998,2,RF,0,0
9002,2,RF,1,0
9003,2,RF,0,0
9010,2,RF,0,0
9013,2,RF,0,0
9021,2,RF,0,0
9025,2,RF,0,0
9027,2,RF,0,0
9035,2,RF,0,0
9043,2,RF,0,0
9046,2,RF,0,0
9051,2,RF,1,1
9060,2,RF,0,0
9063,2,RF,0,0
9064,2,RF,0,0
9074,2,RF,0,0
9077,2,RF,0,0
9081,2,RF,1,1
9082,2,RF,0,0
9087,2,RF,0,0
9098,2,RF,0,0
9099,2,RF,0,0
9101,2,RF,0,0
9106,2,RF,0,0
9109,2,RF,0,0
9115,2,RF,0,0
9120,2,RF,0,0
9126,2,RF,0,0
9129,2,RF,0,0
9132,2,RF,0,0
9133,2,RF,1,1
9141,2,RF,0,0
9154,2,RF,1,1
9161,2,RF,0,0
9186,2,RF,0,0
9190,2,RF,0,0
9207,2,RF,1,1
9220,2,RF,0,0
9222,2,RF,0,0
9224,2,RF,1,1
9229,2,RF,0,0
9237,2,RF,0,0
9238,2,RF,0,0
9249,2,RF,0,0
9253,2,RF,0,0
9256,2,RF,0,0
9273,2,RF,0,0
9276,2,RF,0,0
9277,2,RF,0,0
9278,2,RF,0,0
9287,2,RF,0,0
9293,2,RF,0,0
9307,2,RF,0,0
9308,2,RF,0,0
9311,2,RF,1,1
9323,2,RF,0,0
9331,2,RF,0,0
9342,2,RF,0,0
9347,2,RF,0,0
9352,2,RF,0,0
9370,2,RF,0,0
9371,2,RF,0,0
9376,2,RF,0,0
9377,2,RF,0,0
9378,2,RF,1,1
9381,2,RF,0,0
9390,2,RF,0,0
9393,2,RF,0,0
9395,2,RF,0,0
9396,2,RF,0,0
9399,2,RF,0,0
9402,2,RF,0,0
9404,2,RF,0,0
9413,2,RF,0,0
9414,2,RF,1,0
9416,2,RF,0,0
9417,2,RF,0,0
9419,2,RF,0,0
9429,2,RF,0,0
9439,2,RF,0,0
9442,2,RF,0,0
9450,2,RF,0,0
9452,2,RF,0,0
9454,2,RF,0,0
9458,2,RF,0,0
9471,2,RF,0,0
9472,2,RF,0,0
9476,2,RF,0,0
9480,2,RF,0,0
9482,2,RF,0,0
9500,2,RF,0,0
9501,2,RF,0,0
9508,2,RF,0,0
9528,2,RF,0,0
9549,2,RF,0,0
9562,2,RF,0,0
9563,2,RF,0,0
9564,2,RF,0,0
9565,2,RF,0,0
9578,2,RF,0,0
9590,2,RF,0,0
9609,2,RF,0,0
9626,2,RF,0,0
9628,2,RF,1,1
9630,2,RF,0,0
9631,2,RF,0,0
9633,2,RF,0,0
9640,2,RF,0,0
9643,2,RF,0,0
9646,2,RF,0,0
9648,2,RF,0,0
9650,2,RF,0,0
9661,2,RF,0,0
9663,2,RF,0,0
9665,2,RF,0,0
9668,2,RF,1,1
9669,2,RF,0,0
9677,2,RF,0,0
9680,2,RF,0,0
9692,2,RF,0,0
9696,2,RF,0,0
9697,2,RF,1,1
9701,2,RF,0,0
9710,2,RF,0,0
9713,2,RF,0,0
9718,2,RF,0,0
9721,2,RF,1,1
9725,2,RF,1,0
9731,2,RF,0,0
9733,2,RF,1,1
9738,2,RF,0,0
9743,2,RF,0,0
9754,2,RF,0,0
9761,2,RF,0,0
9765,2,RF,0,0
9772,2,RF,0,0
9774,2,RF,0,0
9777,2,RF,0,0
9778,2,RF,0,0
9780,2,RF,0,0
9785,2,RF,0,1
9795,2,RF,1,0
9796,2,RF,1,1
9804,2,RF,0,0
9805,2,RF,0,0
9822,2,RF,0,0
9826,2,RF,0,0
9830,2,RF,0,0
9832,2,RF,0,0
9847,2,RF,0,0
9852,2,RF,0,0
9853,2,RF,0,0
9854,2,RF,0,0
9873,2,RF,0,0
9879,2,RF,0,0
9881,2,RF,0,0
9883,2,RF,0,0
9889,2,RF,0,0
9896,2,RF,0,0
9897,2,RF,0,0
9906,2,RF,0,0
9913,2,RF,0,0
9914,2,RF,0,0
9916,2,RF,1,1
9918,2,RF,0,0
9922,2,RF,0,0
9925,2,RF,0,0
9935,2,RF,0,0
9944,2,RF,0,0
9945,2,RF,0,0
9949,2,RF,0,0
9970,2,RF,0,0
9976,2,RF,0,1
9978,2,RF,1,1
9982,2,RF,0,0
9986,2,RF,0,0
9990,2,RF,0,0
9999,2,RF,0,0
10005,2,RF,0,0
10011,2,RF,0,0
10023,2,RF,0,0
10028,2,RF,0,0
10029,2,RF,1,0
10030,2,RF,1,1
10031,2,RF,0,0
10049,2,RF,0,0
10057,2,RF,1,1
10058,2,RF,0,0
10071,2,RF,0,0
10075,2,RF,0,0
10085,2,RF,0,0
10090,2,RF,0,0
10092,2,RF,0,0
10099,2,RF,0,0
10100,2,RF,0,0
10105,2,RF,0,0
10107,2,RF,0,0
10112,2,RF,1,1
10120,2,RF,0,0
10123,2,RF,0,0
10129,2,RF,0,1
10133,2,RF,0,0
10137,2,RF,0,0
10138,2,RF,0,0
10147,2,RF,0,0
10150,2,RF,0,0
10156,2,RF,0,0
10161,2,RF,0,0
10175,2,RF,1,1
10190,2,RF,0,0
10209,2,RF,0,0
10212,2,RF,1,1
10215,2,RF,0,0
10216,2,RF,0,0
10220,2,RF,1,1
10223,2,RF,0,0
10225,2,RF,0,0
10227,2,RF,0,0
10233,2,RF,1,1
10255,2,RF,0,0
10261,2,RF,0,0
10265,2,RF,0,0
10268,2,RF,0,0
10273,2,RF,0,0
10275,2,RF,1,1
10278,2,RF,0,0
10292,2,RF,0,0
10297,2,RF,0,0
10300,2,RF,0,0
10301,2,RF,1,1
10302,2,RF,0,0
10309,2,RF,0,0
10310,2,RF,0,0
10319,2,RF,0,0
10322,2,RF,0,0
10325,2,RF,0,0
10335,2,RF,0,0
10339,2,RF,0,0
10343,2,RF,0,0
10356,2,RF,0,0
10357,2,RF,0,1
10363,2,RF,1,1
10367,2,RF,0,0
10370,2,RF,0,0
10377,2,RF,0,0
10385,2,RF,0,0
10387,2,RF,0,0
10392,2,RF,0,0
10393,2,RF,0,0
10394,2,RF,1,1
10397,2,RF,0,0
10406,2,RF,1,1
10425,2,RF,0,0
10430,2,RF,0,0
10431,2,RF,0,0
10432,2,RF,0,0
10439,2,RF,0,0
10450,2,RF,0,1
10451,2,RF,0,0
10462,2,RF,0,0
10471,2,RF,0,0
10492,2,RF,0,0
10493,2,RF,0,0
10496,2,RF,0,0
10497,2,RF,0,0
10500,2,RF,0,0
10503,2,RF,0,0
10504,2,RF,0,0
10505,2,RF,0,0
10507,2,RF,0,0
10510,2,RF,0,0
10515,2,RF,0,0
10516,2,RF,0,0
10525,2,RF,0,0
10531,2,RF,1,1
10532,2,RF,0,0
10542,2,RF,0,0
10545,2,RF,0,0
10550,2,RF,0,0
10559,2,RF,0,0
10561,2,RF,0,0
10572,2,RF,0,0
10574,2,RF,0,0
10576,2,RF,0,0
10577,2,RF,0,0
10585,2,RF,0,0
10588,2,RF,0,0
10591,2,RF,0,0
10595,2,RF,0,0
10596,2,RF,0,0
10597,2,RF,0,0
10598,2,RF,0,0
10599,2,RF,0,0
10601,2,RF,1,0
10602,2,RF,0,0
10609,2,RF,0,0
10611,2,RF,0,0
10616,2,RF,0,0
10627,2,RF,0,0
10640,2,RF,0,0
10656,2,RF,0,0
10661,2,RF,0,0
10668,2,RF,0,0
10674,2,RF,0,0
10677,2,RF,0,0
10681,2,RF,0,0
10685,2,RF,0,0
10686,2,RF,0,0
10700,2,RF,1,1
10707,2,RF,0,0
10719,2,RF,0,0
10720,2,RF,0,0
10727,2,RF,1,1
10728,2,RF,1,0
10729,2,RF,0,0
10731,2,RF,0,0
10737,2,RF,0,0
10738,2,RF,0,0
10740,2,RF,0,0
10749,2,RF,0,0
10750,2,RF,0,0
10763,2,RF,0,0
10767,2,RF,0,0
10768,2,RF,0,0
10772,2,RF,0,0
10785,2,RF,0,0
10789,2,RF,0,0
10796,2,RF,0,1
10802,2,RF,0,0
10814,2,RF,0,0
10824,2,RF,0,0
10827,2,RF,0,0
10829,2,RF,0,0
10832,2,RF,0,0
10834,2,RF,0,0
10835,2,RF,0,0
10837,2,RF,0,1
10838,2,RF,0,0
10857,2,RF,0,0
10861,2,RF,0,0
10865,2,RF,0,0
10868,2,RF,0,0
10869,2,RF,0,0
10870,2,RF,0,0
10873,2,RF,0,0
10874,2,RF,0,0
10875,2,RF,0,0
10876,2,RF,0,0
10878,2,RF,0,0
10885,2,RF,0,0
10886,2,RF,0,0
10895,2,RF,0,0
10897,2,RF,0,0
10898,2,RF,0,0
10899,2,RF,0,0
10901,2,RF,0,0
10904,2,RF,1,1
10910,2,RF,1,0
10920,2,RF,0,0
10926,2,RF,0,0
10932,2,RF,0,0
10944,2,RF,1,1
10947,2,RF,0,0
10952,2,RF,1,1
10959,2,RF,0,0
10961,2,RF,0,0
10964,2,RF,0,0
10967,2,RF,0,0
10984,2,RF,1,1
10985,2,RF,0,0
10998,2,RF,0,0
11005,2,RF,0,0
11033,2,RF,0,0
11037,2,RF,0,0
11038,2,RF,0,0
11039,2,RF,0,0
11041,2,RF,0,0
11047,2,RF,0,0
11051,2,RF,0,0
11055,2,RF,0,0
11056,2,RF,0,0
11064,2,RF,0,0
11072,2,RF,0,0
11073,2,RF,1,1
11095,2,RF,0,0
11108,2,RF,0,0
11111,2,RF,0,0
11115,2,RF,1,0
11116,2,RF,0,0
11117,2,RF,0,0
11118,2,RF,0,0
11123,2,RF,0,0
11129,2,RF,0,0
11130,2,RF,1,1
11134,2,RF,0,0
11140,2,RF,0,0
11143,2,RF,0,0
11146,2,RF,0,0
11149,2,RF,0,0
11152,2,RF,0,0
11154,2,RF,0,0
11155,2,RF,0,0
11157,2,RF,0,0
11158,2,RF,0,0
11160,2,RF,0,0
11161,2,RF,0,0
11165,2,RF,0,0
11169,2,RF,0,0
11172,2,RF,0,0
11177,2,RF,0,0
11179,2,RF,0,0
11181,2,RF,0,0
11187,2,RF,0,0
11189,2,RF,0,0
11190,2,RF,1,1
11192,2,RF,0,0
11193,2,RF,0,0
11198,2,RF,0,0
11199,2,RF,0,0
11202,2,RF,0,0
11205,2,RF,0,0
11208,2,RF,0,0
11216,2,RF,0,0
11225,2,RF,0,0
11229,2,RF,0,0
11241,2,RF,0,0
11243,2,RF,0,0
11249,2,RF,1,1
11251,2,RF,0,0
11254,2,RF,1,0
11262,2,RF,0,0
11269,2,RF,0,0
11275,2,RF,0,0
11276,2,RF,0,0
11279,2,RF,0,0
11281,2,RF,0,0
11286,2,RF,0,0
11297,2,RF,0,1
11301,2,RF,0,0
11302,2,RF,0,0
11309,2,RF,0,0
11311,2,RF,0,0
11313,2,RF,0,0
11317,2,RF,0,0
11318,2,RF,0,0
11319,2,RF,0,0
11328,2,RF,0,0
11333,2,RF,0,0
11340,2,RF,0,0
11342,2,RF,0,0
11345,2,RF,0,0
11353,2,RF,0,0
11360,2,RF,0,0
11361,2,RF,0,0
11366,2,RF,0,1
11374,2,RF,0,0
11384,2,RF,0,0
11387,2,RF,1,1
11388,2,RF,0,0
11394,2,RF,0,0
11396,2,RF,0,0
11397,2,RF,0,0
11398,2,RF,0,0
11407,2,RF,0,0
11418,2,RF,0,0
11422,2,RF,0,0
11445,2,RF,0,0
11446,2,RF,0,0
11449,2,RF,0,0
11452,2,RF,0,0
11456,2,RF,0,0
11458,2,RF,0,0
11460,2,RF,1,1
11462,2,RF,0,0
11468,2,RF,0,0
11470,2,RF,0,0
11475,2,RF,0,0
11477,2,RF,0,0
11499,2,RF,0,0
11501,2,RF,0,0
11504,2,RF,0,0
11509,2,RF,0,0
11510,2,RF,0,0
11511,2,RF,0,0
11519,2,RF,0,0
11523,2,RF,0,0
11524,2,RF,0,0
11525,2,RF,0,0
11527,2,RF,0,0
11533,2,RF,0,0
11535,2,RF,0,0
11539,2,RF,0,0
11541,2,RF,0,0
11542,2,RF,0,0
11544,2,RF,0,0
11552,2,RF,0,0
11554,2,RF,0,0
11555,2,RF,0,0
11559,2,RF,0,0
11564,2,RF,0,0
11567,2,RF,0,0
11576,2,RF,0,0
11580,2,RF,0,0
11582,2,RF,0,0
11595,2,RF,0,0
11599,2,RF,1,0
11607,2,RF,1,0
11626,2,RF,0,0
11629,2,RF,0,0
11631,2,RF,0,0
11638,2,RF,0,0
11641,2,RF,0,0
11643,2,RF,0,0
11650,2,RF,0,0
11660,2,RF,1,1
11661,2,RF,0,0
11669,2,RF,0,0
11671,2,RF,0,0
11681,2,RF,0,0
11682,2,RF,0,0
11683,2,RF,0,0
11688,2,RF,0,0
11695,2,RF,0,0
11699,2,RF,0,0
11700,2,RF,0,0
11705,2,RF,0,0
11710,2,RF,0,0
11713,2,RF,0,0
11724,2,RF,0,0
11733,2,RF,0,0
11737,2,RF,0,0
11743,2,RF,0,0
11744,2,RF,0,1
11747,2,RF,0,0
11749,2,RF,1,1
11750,2,RF,0,0
11756,2,RF,0,0
11772,2,RF,0,0
11773,2,RF,0,0
11775,2,RF,1,1
11782,2,RF,0,0
11787,2,RF,0,0
11791,2,RF,0,1
11793,2,RF,0,0
11796,2,RF,1,1
11809,2,RF,0,0
11814,2,RF,0,0
11824,2,RF,0,0
11834,2,RF,0,0
11839,2,RF,0,0
11841,2,RF,0,0
11842,2,RF,0,0
11854,2,RF,0,0
11856,2,RF,1,0
11860,2,RF,0,0
11864,2,RF,0,0
11890,2,RF,0,0
11893,2,RF,0,0
11898,2,RF,0,0
11902,2,RF,0,0
11903,2,RF,0,0
11905,2,RF,0,0
11906,2,RF,1,1
11909,2,RF,0,0
11911,2,RF,1,1
11913,2,RF,0,0
11922,2,RF,0,0
11925,2,RF,0,0
11926,2,RF,0,1
11927,2,RF,0,0
11930,2,RF,0,0
11934,2,RF,0,0
11935,2,RF,1,1
11953,2,RF,1,1
11955,2,RF,0,0
11983,2,RF,0,0
11990,2,RF,0,0
11993,2,RF,0,0
11994,2,RF,0,0
11995,2,RF,0,0
11996,2,RF,0,0
11997,2,RF,0,0
11998,2,RF,1,1
12010,2,RF,0,0
12016,2,RF,1,1
12021,2,RF,0,0
12023,2,RF,0,1
12025,2,RF,0,0
12028,2,RF,0,0
12040,2,RF,1,1
12046,2,RF,0,0
12065,2,RF,0,0
12070,2,RF,0,0
12073,2,RF,0,0
12076,2,RF,0,0
12077,2,RF,0,0
12082,2,RF,0,0
12083,2,RF,0,1
12087,2,RF,0,0
12105,2,RF,0,0
12106,2,RF,0,0
12109,2,RF,1,1
12110,2,RF,0,0
12113,2,RF,0,0
12114,2,RF,1,1
12118,2,RF,0,0
12120,2,RF,0,0
12126,2,RF,0,0
12135,2,RF,0,0
12136,2,RF,0,0
12138,2,RF,0,0
12156,2,RF,0,0
12182,2,RF,0,0
12190,2,RF,0,0
12193,2,RF,0,0
12198,2,RF,0,0
12199,2,RF,0,0
12201,2,RF,0,0
12203,2,RF,0,0
12205,2,RF,0,0
12213,2,RF,0,0
12216,2,RF,1,1
12228,2,RF,1,1
12231,2,RF,0,0
12233,2,RF,0,0
12235,2,RF,0,0
12238,2,RF,0,0
12239,2,RF,0,0
12240,2,RF,0,0
12245,2,RF,0,0
12247,2,RF,0,0
12258,2,RF,1,1
12261,2,RF,0,0
12267,2,RF,0,0
12270,2,RF,0,0
12272,2,RF,1,1
12273,2,RF,0,0
12274,2,RF,0,0
12276,2,RF,0,0
12277,2,RF,0,0
12279,2,RF,0,0
12285,2,RF,0,0
12286,2,RF,0,0
12299,2,RF,0,0
12305,2,RF,0,0
12311,2,RF,0,0
12326,2,RF,0,0
12327,2,RF,0,0
12335,2,RF,0,0
12339,2,RF,0,0
12345,2,RF,0,0
12347,2,RF,0,0
12349,2,RF,0,0
12355,2,RF,0,0
12356,2,RF,0,0
12375,2,RF,0,0
12383,2,RF,0,0
12411,2,RF,0,0
12412,2,RF,0,0
12414,2,RF,0,0
12421,2,RF,0,0
12426,2,RF,0,0
12438,2,RF,0,0
12443,2,RF,0,0
12446,2,RF,1,1
12451,2,RF,0,0
12455,2,RF,0,0
12461,2,RF,0,0
12471,2,RF,0,0
12474,2,RF,0,0
12480,2,RF,0,0
12485,2,RF,0,0
12490,2,RF,0,0
12498,2,RF,0,0
12512,2,RF,0,0
12524,2,RF,0,0
12527,2,RF,0,0
12531,2,RF,0,0
12534,2,RF,1,0
12538,2,RF,1,1
12539,2,RF,0,0
12540,2,RF,0,0
12541,2,RF,0,0
12543,2,RF,0,0
12547,2,RF,0,0
12549,2,RF,0,0
12556,2,RF,0,0
12563,2,RF,0,0
12565,2,RF,0,0
12566,2,RF,0,0
12571,2,RF,0,0
12573,2,RF,0,0
12575,2,RF,0,0
12584,2,RF,0,0
12585,2,RF,0,0
12597,2,RF,0,0
12599,2,RF,0,0
12602,2,RF,0,0
12614,2,RF,0,0
12630,2,RF,0,0
12635,2,RF,0,0
12636,2,RF,0,0
12646,2,RF,1,0
12650,2,RF,0,0
12652,2,RF,0,0
12656,2,RF,0,0
12665,2,RF,0,0
12677,2,RF,0,0
12681,2,RF,0,0
12685,2,RF,0,0
12687,2,RF,0,0
12688,2,RF,0,0
12695,2,RF,0,0
12698,2,RF,0,0
12699,2,RF,0,0
12707,2,RF,0,0
12708,2,RF,1,1
12712,2,RF,0,0
12723,2,RF,1,0
12724,2,RF,0,0
12726,2,RF,1,1
12727,2,RF,1,1
12729,2,RF,0,0
12738,2,RF,0,0
12739,2,RF,0,0
12741,2,RF,0,0
12749,2,RF,0,0
12763,2,RF,1,1
12765,2,RF,0,0
12766,2,RF,0,0
12767,2,RF,0,0
12797,2,RF,0,0
12798,2,RF,0,0
12799,2,RF,0,0
12808,2,RF,0,0
12816,2,RF,0,0
12819,2,RF,1,0
12822,2,RF,0,0
12823,2,RF,0,0
12830,2,RF,0,0
12832,2,RF,0,0
12833,2,RF,0,0
12834,2,RF,0,0
12839,2,RF,0,0
12849,2,RF,1,1
12855,2,RF,0,0
12856,2,RF,1,1
12857,2,RF,0,0
12864,2,RF,0,0
12866,2,RF,0,0
12869,2,RF,0,0
12882,2,RF,0,0
12885,2,RF,0,0
12889,2,RF,0,0
12894,2,RF,0,0
12900,2,RF,0,0
12901,2,RF,0,0
12914,2,RF,0,0
12915,2,RF,0,0
12921,2,RF,0,0
12922,2,RF,0,0
12926,2,RF,0,0
12927,2,RF,1,1
12929,2,RF,0,0
12943,2,RF,0,0
12945,2,RF,1,1
12946,2,RF,0,0
12948,2,RF,1,1
12949,2,RF,0,0
12951,2,RF,1,1
12955,2,RF,1,1
12960,2,RF,0,0
12964,2,RF,0,0
12975,2,RF,0,0
12979,2,RF,0,0
12986,2,RF,0,0
12991,2,RF,0,0
12994,2,RF,0,0
12998,2,RF,0,0
13004,2,RF,0,0
13009,2,RF,0,0
13013,2,RF,0,0
13018,2,RF,0,0
13019,2,RF,1,1
13020,2,RF,0,0
13022,2,RF,0,0
13028,2,RF,0,0
13033,2,RF,0,0
13035,2,RF,0,0
13036,2,RF,0,0
13043,2,RF,0,0
13047,2,RF,0,0
13048,2,RF,0,0
13050,2,RF,0,0
13057,2,RF,0,0
13061,2,RF,0,1
13070,2,RF,0,0
13072,2,RF,0,0
13076,2,RF,0,0
13078,2,RF,1,1
13079,2,RF,0,0
13088,2,RF,0,0
13094,2,RF,1,1
13095,2,RF,0,0
13096,2,RF,0,0
13097,2,RF,0,0
13099,2,RF,0,0
13102,2,RF,0,0
13107,2,RF,0,0
13116,2,RF,0,0
13120,2,RF,1,1
13121,2,RF,0,0
13123,2,RF,0,0
13124,2,RF,0,0
13125,2,RF,0,1
13130,2,RF,0,0
13134,2,RF,0,0
13138,2,RF,0,0
13139,2,RF,0,0
13151,2,RF,1,1
13153,2,RF,0,0
13171,2,RF,0,0
13176,2,RF,0,0
13177,2,RF,0,0
13180,2,RF,0,0
13181,2,RF,0,0
13183,2,RF,0,0
13184,2,RF,0,0
13201,2,RF,1,1
13205,2,RF,1,0
13207,2,RF,0,0
13215,2,RF,0,0
13216,2,RF,0,0
13220,2,RF,0,0
13231,2,RF,0,1
13234,2,RF,1,1
13239,2,RF,0,0
13251,2,RF,0,0
13256,2,RF,0,0
13263,2,RF,0,0
13265,2,RF,1,1
13268,2,RF,1,1
13270,2,RF,0,0
13272,2,RF,0,0
13274,2,RF,0,0
13279,2,RF,0,0
13280,2,RF,0,0
13285,2,RF,0,0
13286,2,RF,0,0
13288,2,RF,0,0
13298,2,RF,0,0
13306,2,RF,0,0
13311,2,RF,0,0
13324,2,RF,0,0
13327,2,RF,0,0
13328,2,RF,0,0
13329,2,RF,0,0
13333,2,RF,0,0
13336,2,RF,0,0
13337,2,RF,1,1
13343,2,RF,0,0
13345,2,RF,1,0
13351,2,RF,0,0
13354,2,RF,0,0
13363,2,RF,0,0
13369,2,RF,1,1
13375,2,RF,0,0
13383,2,RF,1,1
13409,2,RF,0,0
13422,2,RF,0,0
13425,2,RF,1,1
13426,2,RF,0,0
13438,2,RF,0,0
13453,2,RF,0,0
13455,2,RF,0,0
13456,2,RF,0,0
13459,2,RF,0,0
13466,2,RF,0,0
13469,2,RF,0,0
13471,2,RF,0,0
13474,2,RF,0,0
13476,2,RF,0,0
13477,2,RF,0,0
13486,2,RF,0,0
13488,2,RF,0,1
13492,2,RF,0,0
13495,2,RF,0,0
13496,2,RF,0,0
13507,2,RF,0,0
13510,2,RF,1,0
13532,2,RF,0,0
13535,2,RF,0,0
13544,2,RF,0,0
13557,2,RF,0,0
13564,2,RF,0,0
13576,2,RF,0,0
13577,2,RF,0,0
13587,2,RF,0,0
13596,2,RF,0,0
13597,2,RF,1,1
13605,2,RF,0,0
13607,2,RF,0,0
13608,2,RF,0,0
13612,2,RF,0,0
13619,2,RF,1,1
13620,2,RF,0,0
13621,2,RF,0,0
13624,2,RF,0,0
13631,2,RF,0,0
13637,2,RF,0,0
13640,2,RF,0,0
13642,2,RF,0,0
13643,2,RF,0,0
13644,2,RF,0,0
13655,2,RF,0,0
13677,2,RF,0,0
13686,2,RF,0,0
13689,2,RF,0,0
13698,2,RF,0,0
13700,2,RF,0,0
13702,2,RF,0,0
13712,2,RF,0,0
13714,2,RF,0,0
13723,2,RF,0,0
13726,2,RF,0,0
13730,2,RF,0,0
13733,2,RF,0,0
13739,2,RF,1,1
13743,2,RF,0,0
13744,2,RF,0,0
13745,2,RF,0,0
13751,2,RF,0,0
13752,2,RF,1,1
13753,2,RF,0,0
13755,2,RF,0,0
13757,2,RF,0,0
13758,2,RF,0,0
13764,2,RF,1,1
13766,2,RF,1,1
13772,2,RF,0,0
13784,2,RF,0,0
13789,2,RF,1,1
13795,2,RF,0,0
13798,2,RF,0,0
13804,2,RF,1,1
13805,2,RF,0,0
13809,2,RF,0,1
13826,2,RF,1,1
13827,2,RF,0,1
13832,2,RF,0,0
13834,2,RF,0,0
13842,2,RF,0,0
13845,2,RF,0,0
13849,2,RF,1,1
13852,2,RF,0,0
13859,2,RF,0,0
13867,2,RF,1,1
13873,2,RF,1,1
13878,2,RF,0,0
13881,2,RF,1,1
13888,2,RF,0,0
13889,2,RF,0,0
13890,2,RF,0,0
13891,2,RF,0,0
13896,2,RF,0,0
13901,2,RF,1,1
13904,2,RF,1,1
13911,2,RF,0,0
13912,2,RF,0,0
13915,2,RF,0,0
13917,2,RF,0,0
13924,2,RF,1,1
13926,2,RF,0,0
13931,2,RF,0,0
13939,2,RF,0,0
13946,2,RF,0,0
13950,2,RF,0,0
13952,2,RF,1,1
13962,2,RF,0,0
13966,2,RF,0,0
13967,2,RF,0,0
13979,2,RF,0,0
13985,2,RF,0,0
13988,2,RF,0,0
13991,2,RF,0,0
13994,2,RF,0,0
14003,2,RF,0,0
14005,2,RF,0,0
14006,2,RF,0,0
14009,2,RF,0,0
14011,2,RF,0,0
14016,2,RF,1,1
14022,2,RF,0,0
14023,2,RF,0,0
14025,2,RF,0,0
14032,2,RF,0,0
14055,2,RF,0,1
14062,2,RF,0,0
14070,2,RF,0,0
14073,2,RF,0,0
14079,2,RF,0,0
14082,2,RF,0,0
14092,2,RF,0,0
14100,2,RF,0,0
14102,2,RF,0,0
14103,2,RF,0,0
14105,2,RF,0,0
14107,2,RF,0,0
14109,2,RF,0,0
14110,2,RF,0,0
14115,2,RF,0,0
14121,2,RF,0,0
14124,2,RF,0,0
14131,2,RF,1,1
14133,2,RF,1,1
14136,2,RF,0,0
14138,2,RF,0,0
14141,2,RF,0,0
14145,2,RF,0,0
14146,2,RF,0,0
14151,2,RF,0,0
14154,2,RF,1,1
14155,2,RF,1,1
14161,2,RF,0,0
14162,2,RF,0,0
14163,2,RF,1,1
14169,2,RF,1,1
14170,2,RF,0,0
14175,2,RF,0,0
14181,2,RF,0,0
14184,2,RF,0,0
14185,2,RF,1,1
14193,2,RF,0,0
14195,2,RF,0,0
14197,2,RF,1,0
14210,2,RF,0,0
14214,2,RF,0,0
14217,2,RF,0,0
14221,2,RF,0,0
14223,2,RF,0,0
14228,2,RF,0,0
14229,2,RF,0,0
14234,2,RF,0,0
14238,2,RF,0,0
14243,2,RF,0,0
14247,2,RF,0,0
14248,2,RF,0,0
14255,2,RF,1,1
14275,2,RF,0,0
14286,2,RF,0,0
14289,2,RF,0,0
14297,2,RF,0,0
14300,2,RF,0,0
14304,2,RF,0,0
14312,2,RF,0,0
14318,2,RF,0,0
14320,2,RF,0,0
14323,2,RF,0,0
14328,2,RF,0,0
14329,2,RF,0,0
14331,2,RF,0,0
14346,2,RF,0,0
14347,2,RF,0,0
14348,2,RF,0,0
14353,2,RF,1,0
14354,2,RF,0,0
14355,2,RF,0,0
14362,2,RF,0,0
14365,2,RF,1,1
14367,2,RF,0,0
14370,2,RF,0,0
14372,2,RF,0,0
14376,2,RF,0,0
14382,2,RF,0,0
14399,2,RF,0,0
14418,2,RF,1,1
14420,2,RF,0,0
14422,2,RF,0,0
14428,2,RF,0,0
14439,2,RF,0,0
14441,2,RF,1,1
14442,2,RF,0,0
14445,2,RF,0,0
14447,2,RF,1,1
14448,2,RF,0,0
14458,2,RF,0,0
14463,2,RF,0,0
14476,2,RF,1,1
14478,2,RF,0,0
14484,2,RF,0,0
14485,2,RF,0,0
14492,2,RF,0,0
14494,2,RF,0,0
14513,2,RF,0,0
14514,2,RF,0,0
14516,2,RF,0,0
14518,2,RF,0,0
14519,2,RF,1,1
14522,2,RF,0,0
14524,2,RF,0,0
14533,2,RF,0,0
14537,2,RF,0,0
14539,2,RF,1,1
14542,2,RF,0,0
14543,2,RF,1,1
14545,2,RF,1,0
14548,2,RF,0,0
14549,2,RF,0,0
14553,2,RF,1,0
14560,2,RF,0,0
14563,2,RF,0,0
14565,2,RF,0,0
14568,2,RF,0,0
14571,2,RF,0,0
14580,2,RF,0,0
14582,2,RF,0,0
14586,2,RF,0,0
14590,2,RF,0,0
14594,2,RF,0,0
14597,2,RF,0,0
14598,2,RF,0,0
14617,2,RF,0,0
14620,2,RF,0,0
14625,2,RF,0,0
14630,2,RF,0,0
14631,2,RF,0,0
14634,2,RF,0,0
14643,2,RF,0,0
14645,2,RF,0,0
14660,2,RF,0,0
14662,2,RF,0,0
14668,2,RF,0,1
14673,2,RF,0,0
14674,2,RF,0,0
14679,2,RF,0,0
14687,2,RF,0,0
14697,2,RF,0,0
14709,2,RF,0,0
14713,2,RF,0,1
14716,2,RF,1,1
14730,2,RF,0,0
14732,2,RF,0,0
14737,2,RF,0,0
14745,2,RF,0,0
14746,2,RF,0,0
14749,2,RF,1,0
14757,2,RF,0,0
14771,2,RF,0,0
14772,2,RF,0,0
14788,2,RF,1,1
14789,2,RF,0,0
14791,2,RF,0,0
14795,2,RF,0,0
14798,2,RF,0,0
14799,2,RF,0,0
14801,2,RF,0,0
14802,2,RF,0,0
14803,2,RF,0,0
14814,2,RF,0,0
14816,2,RF,1,0
14819,2,RF,0,0
14834,2,RF,1,1
14841,2,RF,0,0
14843,2,RF,0,0
14863,2,RF,0,0
14866,2,RF,0,0
14867,2,RF,0,0
14880,2,RF,0,0
14889,2,RF,0,0
14894,2,RF,0,0
14899,2,RF,0,0
14904,2,RF,0,0
14910,2,RF,1,1
14913,2,RF,0,0
14916,2,RF,0,0
14917,2,RF,0,0
14919,2,RF,0,0
14934,2,RF,0,0
14942,2,RF,0,0
14944,2,RF,0,0
14945,2,RF,0,0
14948,2,RF,0,0
14949,2,RF,1,1
14950,2,RF,0,0
14956,2,RF,0,0
14960,2,RF,0,0
14961,2,RF,0,0
14969,2,RF,0,0
14970,2,RF,0,0
14972,2,RF,0,0
14973,2,RF,0,0
14979,2,RF,1,0
14980,2,RF,0,0
14982,2,RF,0,0
14983,2,RF,0,0
14993,2,RF,0,0
14998,2,RF,0,0
14999,2,RF,0,0
15001,2,RF,0,0
15004,2,RF,1,1
15011,2,RF,0,0
15013,2,RF,0,0
15015,2,RF,1,1
15023,2,RF,0,0
15027,2,RF,0,0
15028,2,RF,0,0
15037,2,RF,0,0
15047,2,RF,0,0
15048,2,RF,0,0
15049,2,RF,0,0
15053,2,RF,0,0
15056,2,RF,0,0
15058,2,RF,1,1
15061,2,RF,0,0
15066,2,RF,0,0
15068,2,RF,0,0
15073,2,RF,1,1
15076,2,RF,1,0
15081,2,RF,0,0
15082,2,RF,0,0
15086,2,RF,1,0
15097,2,RF,0,0
15099,2,RF,0,0
15105,2,RF,0,0
15116,2,RF,0,0
15117,2,RF,0,0
15128,2,RF,0,0
15132,2,RF,0,0
15135,2,RF,0,0
15141,2,RF,0,0
15142,2,RF,0,0
15146,2,RF,0,0
15158,2,RF,0,0
15162,2,RF,0,0
15165,2,RF,0,0
15170,2,RF,0,0
15178,2,RF,0,0
15188,2,RF,0,0
15190,2,RF,0,0
15192,2,RF,0,0
15193,2,RF,0,0
15196,2,RF,0,0
15205,2,RF,0,0
15207,2,RF,1,1
15208,2,RF,0,0
15210,2,RF,1,1
15213,2,RF,0,0
15219,2,RF,0,0
15233,2,RF,1,1
15242,2,RF,0,0
15252,2,RF,0,0
15255,2,RF,0,0
15264,2,RF,0,0
15268,2,RF,0,0
15277,2,RF,0,0
15289,2,RF,0,0
15294,2,RF,0,0
15306,2,RF,0,0
15309,2,RF,0,0
15312,2,RF,0,0
15315,2,RF,0,0
15322,2,RF,0,0
15323,2,RF,0,0
15326,2,RF,0,0
15328,2,RF,0,0
15335,2,RF,1,0
15340,2,RF,0,0
15342,2,RF,0,0
15347,2,RF,0,0
15352,2,RF,0,0
15358,2,RF,0,0
15361,2,RF,0,0
15362,2,RF,0,0
15370,2,RF,0,0
15371,2,RF,1,1
15375,2,RF,0,1
15377,2,RF,0,0
15380,2,RF,0,0
15389,2,RF,0,0
15391,2,RF,0,0
15397,2,RF,1,0
15398,2,RF,1,1
15399,2,RF,0,0
15411,2,RF,0,0
15422,2,RF,1,1
15423,2,RF,0,1
15426,2,RF,0,0
15436,2,RF,0,0
15437,2,RF,0,0
15445,2,RF,0,0
15451,2,RF,0,0
15452,2,RF,0,0
15459,2,RF,0,0
15461,2,RF,0,0
15467,2,RF,0,0
15479,2,RF,0,0
15484,2,RF,0,0
15485,2,RF,0,0
15488,2,RF,0,0
15489,2,RF,0,0
15491,2,RF,0,0
15494,2,RF,1,1
15497,2,RF,1,1
15502,2,RF,1,1
15505,2,RF,0,0
15510,2,RF,0,0
15525,2,RF,0,0
15529,2,RF,0,0
15547,2,RF,0,0
15548,2,RF,0,0
15550,2,RF,0,0
15552,2,RF,0,0
15553,2,RF,0,1
15555,2,RF,0,0
15560,2,RF,0,0
15561,2,RF,0,0
15565,2,RF,0,0
15571,2,RF,0,0
15573,2,RF,0,0
15582,2,RF,0,0
15583,2,RF,0,0
15593,2,RF,0,0
15604,2,RF,0,0
15607,2,RF,0,0
15617,2,RF,0,0
15621,2,RF,0,0
15630,2,RF,0,0
15642,2,RF,0,0
15653,2,RF,0,0
15655,2,RF,0,0
15664,2,RF,0,0
15665,2,RF,0,0
15666,2,RF,1,1
15668,2,RF,0,0
15669,2,RF,0,0
15671,2,RF,0,0
15678,2,RF,0,0
15682,2,RF,0,0
15686,2,RF,1,0
15688,2,RF,1,1
15689,2,RF,0,0
15692,2,RF,0,0
15694,2,RF,0,0
15697,2,RF,0,0
15702,2,RF,0,0
15708,2,RF,0,0
15711,2,RF,0,0
15719,2,RF,0,0
15724,2,RF,0,0
15731,2,RF,0,0
15732,2,RF,0,0
15733,2,RF,0,0
15735,2,RF,0,0
15737,2,RF,0,0
15738,2,RF,1,1
15748,2,RF,0,0
15753,2,RF,0,0
15761,2,RF,1,0
15764,2,RF,0,0
15767,2,RF,0,0
15771,2,RF,0,0
15773,2,RF,0,0
15776,2,RF,1,1
15777,2,RF,0,0
15778,2,RF,0,0
15779,2,RF,0,1
15783,2,RF,0,0
15789,2,RF,0,0
15796,2,RF,0,0
15801,2,RF,0,0
15802,2,RF,0,0
15817,2,RF,0,0
15826,2,RF,0,0
15828,2,RF,0,0
15829,2,RF,0,0
15830,2,RF,0,0
15842,2,RF,0,0
15852,2,RF,0,0
15853,2,RF,0,0
15855,2,RF,0,0
15859,2,RF,0,0
15866,2,RF,0,0
15867,2,RF,1,0
15877,2,RF,0,0
15878,2,RF,0,0
15895,2,RF,1,1
15896,2,RF,0,0
15923,2,RF,0,0
15926,2,RF,0,0
15928,2,RF,0,0
15937,2,RF,0,0
15939,2,RF,0,0
15940,2,RF,0,0
15941,2,RF,0,0
15942,2,RF,0,0
15944,2,RF,0,0
15961,2,RF,0,0
15974,2,RF,0,0
15978,2,RF,1,1
15984,2,RF,0,0
15986,2,RF,0,0
15987,2,RF,0,1
15988,2,RF,0,0
15989,2,RF,0,0
15990,2,RF,0,0
16011,2,RF,0,0
16012,2,RF,0,0
16014,2,RF,0,0
16028,2,RF,0,0
16033,2,RF,0,0
16039,2,RF,0,0
16041,2,RF,0,0
16053,2,RF,0,0
16059,2,RF,0,0
16066,2,RF,0,0
16067,2,RF,0,0
16074,2,RF,1,0
16076,2,RF,1,1
16085,2,RF,0,0
16094,2,RF,0,0
16095,2,RF,0,0
16105,2,RF,0,0
16108,2,RF,0,0
16109,2,RF,0,0
16114,2,RF,0,0
16117,2,RF,0,0
16123,2,RF,0,0
16126,2,RF,0,0
16127,2,RF,0,0
16129,2,RF,0,0
16131,2,RF,0,0
16136,2,RF,0,0
16137,2,RF,0,0
16143,2,RF,0,0
16144,2,RF,0,0
16153,2,RF,0,0
16158,2,RF,0,0
16162,2,RF,0,0
16186,2,RF,0,0
16188,2,RF,0,0
16195,2,RF,0,0
16203,2,RF,1,1
16209,2,RF,0,1
16210,2,RF,0,0
16224,2,RF,0,0
16243,2,RF,0,0
16247,2,RF,0,0
16249,2,RF,0,0
16258,2,RF,0,0
16261,2,RF,0,0
16262,2,RF,0,0
16264,2,RF,0,0
16279,2,RF,0,0
16289,2,RF,1,1
16291,2,RF,0,0
16292,2,RF,0,0
16293,2,RF,0,0
16300,2,RF,0,0
16311,2,RF,0,0
16314,2,RF,0,0
16317,2,RF,0,0
16319,2,RF,0,0
16320,2,RF,0,0
16322,2,RF,0,0
16329,2,RF,0,0
16332,2,RF,0,0
16334,2,RF,0,0
16341,2,RF,0,0
16352,2,RF,0,0
16356,2,RF,0,0
16358,2,RF,0,0
16359,2,RF,0,0
16360,2,RF,0,0
16368,2,RF,0,0
16375,2,RF,0,0
16382,2,RF,0,0
16383,2,RF,0,0
16385,2,RF,0,0
16394,2,RF,0,0
16395,2,RF,0,0
16396,2,RF,0,0
16399,2,RF,0,0
16401,2,RF,0,0
16413,2,RF,1,1
16415,2,RF,0,0
16419,2,RF,0,0
16422,2,RF,0,0
16425,2,RF,0,0
16439,2,RF,0,0
16448,2,RF,0,0
16455,2,RF,0,0
16463,2,RF,0,0
16465,2,RF,0,0
16474,2,RF,0,0
16498,2,RF,0,0
16506,2,RF,0,0
16510,2,RF,0,0
16527,2,RF,0,0
16538,2,RF,1,1
16539,2,RF,0,0
16545,2,RF,1,1
16554,2,RF,0,0
16557,2,RF,0,0
16563,2,RF,0,0
16564,2,RF,0,0
16568,2,RF,0,0
16570,2,RF,0,0
16578,2,RF,0,0
16579,2,RF,0,0
16583,2,RF,1,1
16584,2,RF,0,0
16588,2,RF,0,0
16590,2,RF,0,0
16593,2,RF,0,0
16595,2,RF,0,0
16604,2,RF,0,0
16608,2,RF,0,0
16614,2,RF,0,0
16615,2,RF,1,1
16616,2,RF,0,0
16619,2,RF,0,0
16621,2,RF,0,0
16623,2,RF,1,1
16625,2,RF,0,0
16630,2,RF,0,0
16631,2,RF,0,0
16632,2,RF,0,0
16635,2,RF,0,0
16643,2,RF,0,0
16646,2,RF,0,0
16647,2,RF,1,1
16648,2,RF,1,1
16656,2,RF,0,0
16658,2,RF,0,0
16664,2,RF,1,1
16669,2,RF,0,0
16679,2,RF,0,0
16680,2,RF,0,0
16682,2,RF,0,0
16709,2,RF,0,0
16716,2,RF,0,0
16719,2,RF,0,0
16723,2,RF,1,0
16724,2,RF,0,0
16735,2,RF,0,0
16737,2,RF,0,0
16738,2,RF,0,0
16742,2,RF,0,0
16749,2,RF,0,0
16751,2,RF,0,0
16756,2,RF,0,0
16758,2,RF,1,1
16767,2,RF,0,0
16768,2,RF,0,0
16775,2,RF,0,0
16778,2,RF,0,0
16780,2,RF,0,0
16782,2,RF,0,0
16785,2,RF,0,0
16788,2,RF,0,0
16789,2,RF,0,0
16790,2,RF,0,0
16794,2,RF,0,0
16800,2,RF,0,0
16804,2,RF,0,0
16805,2,RF,0,0
16809,2,RF,0,0
16811,2,RF,0,0
16818,2,RF,0,0
16822,2,RF,0,0
16829,2,RF,0,0
16831,2,RF,0,0
16842,2,RF,0,0
16843,2,RF,0,0
16854,2,RF,0,0
16860,2,RF,1,0
16861,2,RF,0,0
16863,2,RF,0,0
16870,2,RF,0,0
16878,2,RF,0,0
16885,2,RF,0,0
16892,2,RF,0,0
16895,2,RF,0,0
16901,2,RF,0,0
16903,2,RF,1,0
16913,2,RF,0,0
16918,2,RF,0,0
16924,2,RF,0,0
16932,2,RF,0,0
16939,2,RF,0,0
16940,2,RF,0,0
16941,2,RF,0,0
16951,2,RF,0,0
16967,2,RF,1,1
16973,2,RF,0,0
16994,2,RF,0,0
16995,2,RF,1,1
16999,2,RF,0,1
17002,2,RF,0,1
17010,2,RF,0,0
17033,2,RF,0,0
17041,2,RF,0,0
17045,2,RF,0,0
17049,2,RF,0,0
17052,2,RF,0,0
17056,2,RF,0,0
17060,2,RF,1,1
17063,2,RF,0,0
17090,2,RF,1,0
17101,2,RF,0,0
17103,2,RF,0,0
17110,2,RF,0,0
17111,2,RF,0,0
17117,2,RF,0,0
17132,2,RF,0,0
17134,2,RF,0,0
17136,2,RF,0,0
17138,2,RF,0,0
17146,2,RF,0,0
17149,2,RF,0,0
17154,2,RF,0,0
17166,2,RF,0,0
17175,2,RF,0,0
17199,2,RF,0,0
17205,2,RF,0,0
17206,2,RF,0,0
17214,2,RF,0,0
17216,2,RF,0,0
17222,2,RF,0,0
17224,2,RF,0,0
17227,2,RF,0,0
17232,2,RF,0,0
17233,2,RF,0,0
17247,2,RF,0,0
17251,2,RF,0,0
17253,2,RF,0,0
17257,2,RF,0,0
17258,2,RF,0,0
17260,2,RF,1,1
17263,2,RF,0,0
17266,2,RF,0,0
17279,2,RF,0,0
17291,2,RF,0,0
17294,2,RF,0,0
17300,2,RF,0,0
17314,2,RF,1,1
17315,2,RF,0,1
17316,2,RF,0,0
17317,2,RF,1,1
17318,2,RF,0,0
17319,2,RF,0,0
17320,2,RF,0,0
17335,2,RF,0,0
17337,2,RF,0,0
17342,2,RF,0,0
17343,2,RF,0,0
17345,2,RF,1,1
17346,2,RF,0,0
17348,2,RF,1,0
17352,2,RF,0,0
17359,2,RF,0,0
17370,2,RF,0,0
17376,2,RF,0,0
17377,2,RF,1,1
17383,2,RF,0,0
17389,2,RF,0,0
17397,2,RF,0,0
17398,2,RF,0,0
17400,2,RF,0,0
17424,2,RF,1,0
17425,2,RF,0,0
17428,2,RF,0,0
17436,2,RF,0,0
17439,2,RF,1,1
17456,2,RF,1,0
17457,2,RF,0,0
17461,2,RF,0,0
17462,2,RF,0,0
17464,2,RF,0,0
17470,2,RF,0,0
17474,2,RF,1,1
17475,2,RF,0,0
17487,2,RF,0,0
17492,2,RF,0,0
17495,2,RF,0,0
17501,2,RF,0,0
17503,2,RF,0,0
17505,2,RF,0,0
17507,2,RF,0,0
17508,2,RF,0,0
17512,2,RF,1,1
17514,2,RF,0,0
17518,2,RF,1,1
17523,2,RF,0,0
17529,2,RF,0,0
17530,2,RF,0,0
17533,2,RF,0,0
17536,2,RF,0,0
17539,2,RF,0,0
17542,2,RF,0,0
17545,2,RF,0,0
17547,2,RF,0,0
17556,2,RF,1,1
17563,2,RF,0,0
17569,2,RF,0,0
17578,2,RF,0,0
17579,2,RF,0,0
17583,2,RF,0,0
17585,2,RF,0,0
17588,2,RF,1,1
17591,2,RF,0,0
17596,2,RF,0,1
17599,2,RF,0,0
17603,2,RF,0,0
17604,2,RF,0,0
17606,2,RF,0,0
17609,2,RF,1,1
17612,2,RF,1,0
17614,2,RF,0,0
17619,2,RF,0,0
17625,2,RF,0,0
17627,2,RF,0,1
17646,2,RF,0,0
17656,2,RF,0,0
17660,2,RF,0,0
17662,2,RF,0,0
17663,2,RF,1,0
17669,2,RF,0,0
17671,2,RF,0,0
17672,2,RF,0,0
17673,2,RF,1,1
17676,2,RF,0,0
17678,2,RF,0,0
17679,2,RF,0,0
17697,2,RF,0,0
17703,2,RF,0,0
17706,2,RF,0,0
17707,2,RF,0,0
17712,2,RF,0,0
17719,2,RF,0,0
17720,2,RF,1,1
17725,2,RF,1,1
17733,2,RF,0,0
17734,2,RF,0,0
17735,2,RF,0,0
17736,2,RF,1,0
17744,2,RF,0,0
17745,2,RF,0,0
17750,2,RF,0,0
17751,2,RF,0,0
17765,2,RF,0,0
17766,2,RF,0,0
17784,2,RF,0,0
17798,2,RF,0,0
17803,2,RF,0,0
17813,2,RF,0,0
17827,2,RF,0,0
17833,2,RF,0,0
17835,2,RF,0,0
17842,2,RF,0,0
17844,2,RF,0,0
17853,2,RF,0,0
17854,2,RF,0,0
17857,2,RF,1,0
17865,2,RF,1,0
17869,2,RF,0,0
17872,2,RF,0,0
17875,2,RF,1,0
17879,2,RF,0,0
17883,2,RF,1,1
17885,2,RF,1,1
17888,2,RF,0,0
17889,2,RF,1,1
17913,2,RF,1,1
17916,2,RF,0,0
17918,2,RF,1,1
17920,2,RF,0,0
17924,2,RF,0,0
17925,2,RF,0,0
17926,2,RF,0,0
17933,2,RF,0,0
17938,2,RF,0,0
17943,2,RF,0,0
17947,2,RF,0,0
17951,2,RF,0,0
17956,2,RF,0,0
17957,2,RF,0,0
17963,2,RF,0,0
17964,2,RF,1,1
17967,2,RF,1,1
17968,2,RF,0,0
17969,2,RF,0,0
17975,2,RF,0,0
17983,2,RF,0,0
17986,2,RF,0,0
17999,2,RF,0,0
18002,2,RF,1,1
18008,2,RF,0,0
18010,2,RF,1,1
18012,2,RF,1,1
18013,2,RF,0,0
18020,2,RF,0,0
18023,2,RF,0,0
18024,2,RF,0,0
18025,2,RF,0,0
18028,2,RF,0,0
18049,2,RF,0,0
18050,2,RF,0,0
18052,2,RF,0,0
18060,2,RF,0,0
18063,2,RF,0,0
18072,2,RF,0,0
18093,2,RF,0,0
18100,2,RF,0,0
18101,2,RF,0,0
18109,2,RF,0,0
18110,2,RF,0,0
18122,2,RF,1,1
18124,2,RF,0,0
18125,2,RF,1,1
18129,2,RF,0,0
18132,2,RF,0,0
18138,2,RF,0,0
18157,2,RF,0,0
18158,2,RF,0,0
18159,2,RF,1,1
18168,2,RF,1,1
18171,2,RF,0,0
18173,2,RF,0,0
18176,2,RF,0,0
18187,2,RF,0,0
18194,2,RF,0,0
18200,2,RF,0,0
18201,2,RF,0,0
18202,2,RF,0,0
18208,2,RF,0,0
18209,2,RF,0,0
18210,2,RF,1,1
18223,2,RF,0,0
18228,2,RF,0,0
18234,2,RF,0,0
18235,2,RF,0,0
18237,2,RF,1,1
18240,2,RF,0,0
18242,2,RF,0,0
18251,2,RF,0,0
18265,2,RF,0,1
18270,2,RF,0,0
18273,2,RF,0,0
18278,2,RF,0,0
18279,2,RF,0,0
18283,2,RF,0,0
18286,2,RF,1,1
18291,2,RF,0,0
18296,2,RF,0,0
18297,2,RF,0,0
18307,2,RF,0,0
18313,2,RF,0,0
18316,2,RF,0,0
18326,2,RF,0,0
18332,2,RF,0,0
18340,2,RF,0,0
18347,2,RF,0,0
18353,2,RF,0,0
18355,2,RF,0,0
18363,2,RF,1,1
18365,2,RF,0,0
18367,2,RF,0,0
18374,2,RF,1,0
18381,2,RF,0,0
18387,2,RF,0,0
18389,2,RF,0,0
18396,2,RF,0,0
18409,2,RF,0,0
18416,2,RF,0,0
18417,2,RF,1,1
18418,2,RF,0,0
18430,2,RF,0,0
18431,2,RF,1,1
18435,2,RF,0,1
18437,2,RF,1,1
18441,2,RF,0,0
18449,2,RF,0,0
18463,2,RF,0,0
18466,2,RF,0,0
18490,2,RF,0,0
18491,2,RF,0,0
18499,2,RF,0,0
18503,2,RF,0,0
18516,2,RF,0,0
18524,2,RF,0,0
18529,2,RF,0,0
18534,2,RF,0,0
18553,2,RF,0,0
18560,2,RF,0,0
18564,2,RF,0,0
18565,2,RF,0,0
18568,2,RF,1,1
18577,2,RF,0,0
18579,2,RF,0,0
18583,2,RF,0,0
18586,2,RF,0,0
18587,2,RF,0,0
18604,2,RF,1,1
18608,2,RF,0,0
18610,2,RF,0,0
18612,2,RF,1,1
18613,2,RF,0,0
18618,2,RF,1,1
18621,2,RF,0,0
18623,2,RF,0,0
18629,2,RF,0,0
18630,2,RF,0,0
18633,2,RF,0,1
18634,2,RF,0,0
18637,2,RF,0,0
18639,2,RF,0,0
18651,2,RF,0,0
18656,2,RF,0,0
18665,2,RF,0,0
18668,2,RF,0,0
18669,2,RF,0,0
18676,2,RF,0,0
18677,2,RF,0,0
18685,2,RF,0,0
18694,2,RF,0,0
18719,2,RF,0,0
18721,2,RF,0,0
18724,2,RF,0,0
18727,2,RF,0,0
18730,2,RF,0,0
18732,2,RF,0,0
18751,2,RF,0,1
18761,2,RF,0,0
18766,2,RF,0,0
18768,2,RF,0,0
18770,2,RF,0,0
18779,2,RF,0,0
18781,2,RF,0,1
18794,2,RF,0,0
18795,2,RF,1,1
18799,2,RF,0,0
18804,2,RF,0,0
18811,2,RF,0,0
18813,2,RF,1,1
18820,2,RF,0,0
18821,2,RF,0,0
18823,2,RF,0,0
18832,2,RF,0,0
18838,2,RF,0,0
18859,2,RF,0,0
18861,2,RF,0,0
18872,2,RF,0,0
18881,2,RF,0,0
18896,2,RF,0,0
18901,2,RF,1,1
18906,2,RF,0,0
18910,2,RF,0,0
18922,2,RF,0,0
18931,2,RF,0,0
18933,2,RF,0,0
18940,2,RF,0,0
18943,2,RF,0,0
18947,2,RF,0,0
18952,2,RF,0,1
18955,2,RF,1,0
18957,2,RF,1,0
18961,2,RF,1,1
18969,2,RF,0,0
18971,2,RF,0,0
18972,2,RF,0,0
18983,2,RF,0,0
18993,2,RF,0,0
19003,2,RF,0,0
19007,2,RF,0,0
19010,2,RF,0,0
19012,2,RF,0,0
19019,2,RF,0,0
19028,2,RF,0,0
19035,2,RF,0,0
19042,2,RF,0,0
19059,2,RF,0,0
19062,2,RF,1,1
19063,2,RF,0,0
19072,2,RF,0,0
19073,2,RF,0,0
19088,2,RF,0,0
19104,2,RF,1,1
19105,2,RF,0,0
19111,2,RF,0,0
19113,2,RF,0,0
19114,2,RF,0,0
19116,2,RF,0,0
19118,2,RF,1,1
19130,2,RF,0,0
19132,2,RF,0,0
19133,2,RF,0,0
19136,2,RF,0,0
19137,2,RF,0,0
19140,2,RF,0,0
19146,2,RF,0,0
19149,2,RF,0,0
19150,2,RF,0,0
19161,2,RF,0,0
19162,2,RF,0,0
19166,2,RF,0,0
19167,2,RF,0,0
19181,2,RF,0,0
19185,2,RF,1,1
19190,2,RF,0,0
19191,2,RF,1,1
19194,2,RF,0,0
19213,2,RF,0,0
19217,2,RF,0,0
19221,2,RF,1,1
19222,2,RF,0,0
19228,2,RF,0,0
19233,2,RF,0,0
19234,2,RF,1,0
19236,2,RF,0,0
19237,2,RF,1,1
19246,2,RF,0,0
19247,2,RF,0,0
19252,2,RF,0,0
19253,2,RF,0,0
19260,2,RF,0,0
19261,2,RF,0,0
19262,2,RF,0,0
19265,2,RF,0,0
19276,2,RF,0,0
19279,2,RF,0,0
19281,2,RF,0,0
19282,2,RF,0,0
19297,2,RF,0,0
19308,2,RF,0,0
19309,2,RF,1,1
19315,2,RF,0,0
19317,2,RF,0,0
19318,2,RF,0,0
19322,2,RF,1,1
19324,2,RF,0,0
19333,2,RF,0,0
19343,2,RF,0,0
19346,2,RF,0,0
19352,2,RF,0,0
19353,2,RF,0,0
19355,2,RF,0,0
19364,2,RF,0,0
19371,2,RF,0,0
19377,2,RF,0,0
19379,2,RF,0,0
19380,2,RF,1,1
19381,2,RF,0,0
19382,2,RF,0,0
19386,2,RF,0,0
19387,2,RF,1,0
19391,2,RF,0,1
19396,2,RF,0,0
19400,2,RF,0,0
19401,2,RF,1,0
19402,2,RF,0,0
19403,2,RF,0,0
19406,2,RF,0,0
19407,2,RF,0,0
19421,2,RF,0,0
19426,2,RF,0,0
19432,2,RF,0,0
19433,2,RF,0,0
19436,2,RF,0,0
19442,2,RF,0,0
19449,2,RF,0,0
19450,2,RF,0,0
19453,2,RF,0,0
19456,2,RF,0,0
19457,2,RF,0,0
19458,2,RF,0,0
19459,2,RF,0,0
19462,2,RF,0,0
19465,2,RF,0,0
19467,2,RF,0,0
19468,2,RF,0,0
19471,2,RF,1,1
19472,2,RF,0,0
19475,2,RF,0,0
19476,2,RF,0,0
19479,2,RF,0,0
19481,2,RF,0,0
19484,2,RF,1,0
19488,2,RF,0,0
19492,2,RF,0,0
19503,2,RF,0,0
19504,2,RF,0,0
19507,2,RF,0,0
19510,2,RF,0,0
19513,2,RF,0,0
19515,2,RF,0,0
19528,2,RF,0,0
19529,2,RF,0,0
19530,2,RF,0,0
19536,2,RF,0,0
19539,2,RF,0,0
19541,2,RF,0,0
19546,2,RF,0,0
19549,2,RF,0,1
19550,2,RF,0,0
19551,2,RF,0,0
19554,2,RF,0,0
19570,2,RF,0,0
19571,2,RF,0,0
19576,2,RF,0,0
19584,2,RF,0,0
19591,2,RF,0,0
19595,2,RF,0,0
19597,2,RF,0,0
19600,2,RF,0,0
19602,2,RF,0,0
19607,2,RF,0,0
19609,2,RF,1,1
19614,2,RF,0,0
19622,2,RF,0,0
19624,2,RF,0,0
19625,2,RF,0,0
19626,2,RF,0,0
19628,2,RF,0,0
19630,2,RF,0,0
19637,2,RF,0,0
19639,2,RF,0,0
19643,2,RF,0,0
19644,2,RF,0,0
19658,2,RF,1,1
19662,2,RF,0,0
19667,2,RF,0,0
19668,2,RF,0,0
19672,2,RF,0,0
19679,2,RF,1,1
19680,2,RF,0,0
19692,2,RF,0,0
19694,2,RF,0,0
19696,2,RF,0,0
19698,2,RF,0,0
19700,2,RF,0,0
19701,2,RF,0,0
19705,2,RF,0,0
19708,2,RF,0,0
19709,2,RF,0,0
19721,2,RF,0,0
19722,2,RF,0,0
19731,2,RF,1,1
19746,2,RF,0,0
19752,2,RF,1,1
19755,2,RF,0,0
19758,2,RF,0,0
19764,2,RF,0,0
19765,2,RF,0,0
19768,2,RF,0,0
19771,2,RF,0,0
19782,2,RF,0,0
19790,2,RF,0,0
19792,2,RF,0,0
19796,2,RF,0,0
19800,2,RF,0,0
19803,2,RF,0,0
19817,2,RF,0,0
19822,2,RF,0,0
19825,2,RF,0,0
19829,2,RF,0,0
19848,2,RF,0,0
19852,2,RF,0,0
19854,2,RF,0,0
19857,2,RF,0,0
19863,2,RF,0,0
19867,2,RF,0,0
19869,2,RF,0,0
19873,2,RF,0,0
19874,2,RF,0,0
19878,2,RF,1,1
19886,2,RF,0,0
19891,2,RF,0,0
19894,2,RF,0,0
19895,2,RF,0,0
19904,2,RF,0,0
19915,2,RF,0,0
19919,2,RF,0,0
19922,2,RF,0,0
19931,2,RF,0,0
19947,2,RF,0,0
19951,2,RF,0,0
19952,2,RF,0,0
19955,2,RF,1,1
19956,2,RF,0,0
19960,2,RF,0,0
19964,2,RF,0,0
19971,2,RF,0,0
19972,2,RF,0,0
19976,2,RF,0,0
19983,2,RF,1,1
19986,2,RF,0,0
19998,2,RF,0,0
20007,2,RF,0,0
20011,2,RF,1,0
20015,2,RF,0,0
20021,2,RF,1,1
20026,2,RF,0,0
20027,2,RF,0,0
20028,2,RF,0,0
20032,2,RF,0,0
20034,2,RF,0,0
20043,2,RF,0,0
20046,2,RF,0,0
20050,2,RF,1,1
20056,2,RF,0,0
20059,2,RF,0,0
20060,2,RF,0,0
20068,2,RF,0,0
20086,2,RF,0,0
20087,2,RF,0,0
20095,2,RF,0,0
20096,2,RF,0,0
20097,2,RF,0,0
20098,2,RF,0,0
20106,2,RF,0,0
20108,2,RF,0,0
20111,2,RF,0,0
3,2,LR,1,1
4,2,LR,0,0
9,2,LR,0,0
13,2,LR,1,0
26,2,LR,0,0
34,2,LR,1,1
53,2,LR,0,0
54,2,LR,0,0
64,2,LR,0,0
65,2,LR,0,0
71,2,LR,1,1
82,2,LR,0,0
91,2,LR,0,0
96,2,LR,0,0
114,2,LR,0,0
120,2,LR,0,0
122,2,LR,1,1
130,2,LR,0,0
135,2,LR,0,0
158,2,LR,0,0
163,2,LR,0,0
166,2,LR,0,0
170,2,LR,0,0
177,2,LR,0,0
179,2,LR,0,0
187,2,LR,0,0
194,2,LR,0,0
208,2,LR,0,0
211,2,LR,1,1
227,2,LR,0,0
231,2,LR,0,0
242,2,LR,0,0
244,2,LR,0,0
251,2,LR,0,0
262,2,LR,0,0
272,2,LR,0,0
282,2,LR,0,0
283,2,LR,0,0
287,2,LR,0,0
289,2,LR,0,0
291,2,LR,0,0
294,2,LR,0,0
298,2,LR,1,0
301,2,LR,0,0
302,2,LR,0,0
308,2,LR,0,0
313,2,LR,0,0
318,2,LR,0,0
320,2,LR,0,0
325,2,LR,0,0
327,2,LR,0,0
336,2,LR,0,0
341,2,LR,0,0
342,2,LR,0,0
345,2,LR,0,0
346,2,LR,0,0
348,2,LR,0,0
351,2,LR,0,0
361,2,LR,1,1
368,2,LR,0,0
369,2,LR,0,0
372,2,LR,0,0
373,2,LR,1,1
375,2,LR,1,1
377,2,LR,0,0
382,2,LR,0,0
386,2,LR,0,0
388,2,LR,0,0
393,2,LR,0,0
395,2,LR,0,0
403,2,LR,0,0
404,2,LR,0,0
409,2,LR,0,0
410,2,LR,0,0
415,2,LR,0,0
433,2,LR,0,0
434,2,LR,0,0
445,2,LR,0,0
468,2,LR,0,0
470,2,LR,0,0
485,2,LR,1,1
486,2,LR,1,0
489,2,LR,0,0
491,2,LR,0,0
493,2,LR,0,0
497,2,LR,0,0
498,2,LR,0,0
505,2,LR,0,0
509,2,LR,0,0
514,2,LR,0,0
517,2,LR,0,0
518,2,LR,0,0
520,2,LR,0,0
521,2,LR,0,0
522,2,LR,0,0
526,2,LR,0,0
527,2,LR,0,0
529,2,LR,1,1
530,2,LR,1,1
537,2,LR,0,0
540,2,LR,0,0
548,2,LR,0,0
550,2,LR,0,0
551,2,LR,0,0
554,2,LR,0,0
557,2,LR,0,0
559,2,LR,0,0
560,2,LR,0,0
579,2,LR,1,1
583,2,LR,0,0
589,2,LR,0,0
590,2,LR,0,0
591,2,LR,0,0
592,2,LR,0,0
599,2,LR,0,0
602,2,LR,0,0
604,2,LR,0,0
605,2,LR,0,0
612,2,LR,0,0
615,2,LR,1,1
616,2,LR,0,0
628,2,LR,0,0
632,2,LR,0,0
635,2,LR,1,1
640,2,LR,0,0
641,2,LR,1,1
644,2,LR,0,0
648,2,LR,0,0
650,2,LR,0,0
652,2,LR,0,0
658,2,LR,0,0
660,2,LR,0,0
665,2,LR,0,0
667,2,LR,0,0
677,2,LR,0,0
680,2,LR,1,0
687,2,LR,0,0
689,2,LR,0,0
690,2,LR,0,0
693,2,LR,0,0
701,2,LR,0,0
709,2,LR,0,0
710,2,LR,0,0
714,2,LR,0,0
724,2,LR,1,1
725,2,LR,0,0
726,2,LR,0,0
731,2,LR,0,0
735,2,LR,0,0
738,2,LR,0,0
740,2,LR,0,0
742,2,LR,0,0
743,2,LR,1,0
748,2,LR,0,0
750,2,LR,0,0
755,2,LR,0,0
766,2,LR,0,0
767,2,LR,1,1
769,2,LR,0,0
770,2,LR,0,0
771,2,LR,0,0
784,2,LR,0,0
788,2,LR,0,0
792,2,LR,0,0
793,2,LR,0,0
806,2,LR,0,0
810,2,LR,0,0
816,2,LR,0,1
820,2,LR,0,0
830,2,LR,0,0
835,2,LR,0,0
838,2,LR,0,0
839,2,LR,0,0
873,2,LR,1,1
874,2,LR,0,0
879,2,LR,1,1
883,2,LR,0,0
884,2,LR,0,0
892,2,LR,0,0
894,2,LR,0,0
898,2,LR,1,1
899,2,LR,0,0
901,2,LR,0,0
913,2,LR,0,0
914,2,LR,0,0
917,2,LR,0,0
919,2,LR,0,0
920,2,LR,0,0
922,2,LR,0,0
928,2,LR,0,0
930,2,LR,0,0
932,2,LR,1,1
935,2,LR,0,0
948,2,LR,0,0
957,2,LR,0,0
958,2,LR,0,0
962,2,LR,0,0
963,2,LR,0,0
975,2,LR,0,0
976,2,LR,0,0
981,2,LR,0,0
983,2,LR,1,0
988,2,LR,0,0
990,2,LR,0,0
991,2,LR,0,1
994,2,LR,0,0
1001,2,LR,0,0
1003,2,LR,0,0
1005,2,LR,0,0
1013,2,LR,0,0
1021,2,LR,0,0
1022,2,LR,0,0
1027,2,LR,0,0
1028,2,LR,0,0
1030,2,LR,0,0
1032,2,LR,0,0
1034,2,LR,0,0
1040,2,LR,0,0
1045,2,LR,0,0
1065,2,LR,0,0
1073,2,LR,1,1
1094,2,LR,0,0
1098,2,LR,1,1
1115,2,LR,0,0
1120,2,LR,0,0
1130,2,LR,0,0
1132,2,LR,0,0
1134,2,LR,0,0
1142,2,LR,0,0
1144,2,LR,1,1
1148,2,LR,0,0
1153,2,LR,0,0
1156,2,LR,0,0
1158,2,LR,0,0
1175,2,LR,0,0
1178,2,LR,0,0
1194,2,LR,0,0
1195,2,LR,0,0
1199,2,LR,0,0
1203,2,LR,0,0
1208,2,LR,0,0
1209,2,LR,0,0
1211,2,LR,1,1
1215,2,LR,0,0
1218,2,LR,0,0
1219,2,LR,1,1
1225,2,LR,0,0
1232,2,LR,0,0
1242,2,LR,0,0
1247,2,LR,0,1
1250,2,LR,0,0
1257,2,LR,0,0
1260,2,LR,0,0
1267,2,LR,0,0
1268,2,LR,0,0
1273,2,LR,0,0
1278,2,LR,1,1
1279,2,LR,0,0
1280,2,LR,0,0
1283,2,LR,0,0
1288,2,LR,0,0
1292,2,LR,0,0
1298,2,LR,0,0
1299,2,LR,0,0
1306,2,LR,0,0
1310,2,LR,0,0
1317,2,LR,0,0
1321,2,LR,0,0
1324,2,LR,0,0
1333,2,LR,1,1
1334,2,LR,0,0
1337,2,LR,0,0
1346,2,LR,0,0
1348,2,LR,0,0
1354,2,LR,0,0
1357,2,LR,0,0
1367,2,LR,0,0
1369,2,LR,0,0
1374,2,LR,0,0
1377,2,LR,0,0
1378,2,LR,0,0
1379,2,LR,0,0
1386,2,LR,0,0
1398,2,LR,0,0
1401,2,LR,0,0
1403,2,LR,0,0
1409,2,LR,0,0
1410,2,LR,0,0
1421,2,LR,0,0
1426,2,LR,0,0
1430,2,LR,0,0
1431,2,LR,0,0
1432,2,LR,0,0
1433,2,LR,0,0
1438,2,LR,0,0
1440,2,LR,0,0
1446,2,LR,0,0
1447,2,LR,0,0
1454,2,LR,0,0
1456,2,LR,1,1
1463,2,LR,0,0
1466,2,LR,1,1
1475,2,LR,0,0
1485,2,LR,0,0
1486,2,LR,0,0
1491,2,LR,0,0
1497,2,LR,0,0
1501,2,LR,0,0
1504,2,LR,1,1
1512,2,LR,0,0
1517,2,LR,0,0
1519,2,LR,0,0
1522,2,LR,0,0
1524,2,LR,1,1
1526,2,LR,0,1
1528,2,LR,0,0
1545,2,LR,0,0
1549,2,LR,0,0
1559,2,LR,0,0
1560,2,LR,0,0
1563,2,LR,0,0
1565,2,LR,0,0
1568,2,LR,0,0
1573,2,LR,0,0
1577,2,LR,0,0
1583,2,LR,0,0
1584,2,LR,1,0
1585,2,LR,0,0
1592,2,LR,0,0
1597,2,LR,0,0
1604,2,LR,0,0
1612,2,LR,0,0
1628,2,LR,1,1
1629,2,LR,0,0
1635,2,LR,0,0
1641,2,LR,0,0
1643,2,LR,0,0
1646,2,LR,0,0
1656,2,LR,0,0
1657,2,LR,1,1
1659,2,LR,0,0
1661,2,LR,0,0
1679,2,LR,0,0
1698,2,LR,0,0
1707,2,LR,0,0
1710,2,LR,1,1
1712,2,LR,0,0
1721,2,LR,1,0
1722,2,LR,0,0
1725,2,LR,0,0
1730,2,LR,0,1
1736,2,LR,0,0
1737,2,LR,1,1
1743,2,LR,0,0
1749,2,LR,1,1
1756,2,LR,0,0
1762,2,LR,0,0
1766,2,LR,0,0
1769,2,LR,0,0
1770,2,LR,0,0
1778,2,LR,0,0
1780,2,LR,0,0
1781,2,LR,0,0
1782,2,LR,0,0
1787,2,LR,0,0
1803,2,LR,1,0
1818,2,LR,0,0
1819,2,LR,0,0
1833,2,LR,0,0
1837,2,LR,0,0
1842,2,LR,0,0
1847,2,LR,0,0
1852,2,LR,0,0
1853,2,LR,0,0
1854,2,LR,1,0
1861,2,LR,0,0
1862,2,LR,0,0
1869,2,LR,0,0
1870,2,LR,1,1
1871,2,LR,1,1
1874,2,LR,0,0
1877,2,LR,0,0
1879,2,LR,0,0
1895,2,LR,0,0
1925,2,LR,0,0
1926,2,LR,0,0
1933,2,LR,0,0
1935,2,LR,0,0
1936,2,LR,1,1
1946,2,LR,0,0
1953,2,LR,0,0
1965,2,LR,0,0
1967,2,LR,0,0
1968,2,LR,0,0
1978,2,LR,0,0
1979,2,LR,0,0
1981,2,LR,0,0
1991,2,LR,1,1
1993,2,LR,0,0
1999,2,LR,0,0
2002,2,LR,0,0
2011,2,LR,0,0
2012,2,LR,0,1
2015,2,LR,0,0
2026,2,LR,1,1
2029,2,LR,0,0
2037,2,LR,0,0
2045,2,LR,0,0
2050,2,LR,1,1
2061,2,LR,0,0
2063,2,LR,0,0
2064,2,LR,0,0
2068,2,LR,1,1
2069,2,LR,0,0
2079,2,LR,0,1
2080,2,LR,0,0
2082,2,LR,0,0
2084,2,LR,0,0
2087,2,LR,0,0
2088,2,LR,0,0
2096,2,LR,0,0
2108,2,LR,0,0
2110,2,LR,0,0
2112,2,LR,0,0
2121,2,LR,0,0
2126,2,LR,0,0
2139,2,LR,1,1
2140,2,LR,0,0
2144,2,LR,0,0
2145,2,LR,0,0
2146,2,LR,0,0
2148,2,LR,0,0
2149,2,LR,0,0
2152,2,LR,0,0
2153,2,LR,0,0
2155,2,LR,0,0
2160,2,LR,0,0
2181,2,LR,0,0
2197,2,LR,0,0
2199,2,LR,0,0
2200,2,LR,0,1
2201,2,LR,0,0
2219,2,LR,0,0
2225,2,LR,0,0
2231,2,LR,1,1
2234,2,LR,0,0
2239,2,LR,0,0
2241,2,LR,0,0
2251,2,LR,0,0
2255,2,LR,1,0
2260,2,LR,0,0
2264,2,LR,0,0
2269,2,LR,0,0
2270,2,LR,0,0
2280,2,LR,0,0
2298,2,LR,0,0
2307,2,LR,0,0
2316,2,LR,0,0
2318,2,LR,0,0
2327,2,LR,0,0
2339,2,LR,0,0
2343,2,LR,0,0
2362,2,LR,0,0
2369,2,LR,0,0
2375,2,LR,0,0
2378,2,LR,1,0
2393,2,LR,0,0
2395,2,LR,0,0
2404,2,LR,1,1
2406,2,LR,0,1
2417,2,LR,0,0
2422,2,LR,0,0
2426,2,LR,0,0
2432,2,LR,0,0
2441,2,LR,0,0
2445,2,LR,0,0
2446,2,LR,0,0
2447,2,LR,0,0
2449,2,LR,0,0
2457,2,LR,0,0
2462,2,LR,0,0
2475,2,LR,0,0
2482,2,LR,0,0
2486,2,LR,0,0
2491,2,LR,0,0
2494,2,LR,0,0
2495,2,LR,0,0
2503,2,LR,0,0
2505,2,LR,0,0
2507,2,LR,0,0
2509,2,LR,0,0
2520,2,LR,0,0
2521,2,LR,0,0
2525,2,LR,0,0
2535,2,LR,0,1
2539,2,LR,0,0
2547,2,LR,0,0
2549,2,LR,0,0
2552,2,LR,0,0
2572,2,LR,0,0
2578,2,LR,0,0
2581,2,LR,0,0
2589,2,LR,0,0
2590,2,LR,0,0
2594,2,LR,0,0
2596,2,LR,0,0
2600,2,LR,0,0
2601,2,LR,1,0
2607,2,LR,0,0
2609,2,LR,0,0
2612,2,LR,0,0
2618,2,LR,0,0
2619,2,LR,0,0
2623,2,LR,0,1
2628,2,LR,0,0
2629,2,LR,0,0
2637,2,LR,0,0
2638,2,LR,0,0
2644,2,LR,0,0
2645,2,LR,0,0
2647,2,LR,0,0
2654,2,LR,1,1
2660,2,LR,1,1
2666,2,LR,0,0
2669,2,LR,0,0
2673,2,LR,0,0
2684,2,LR,0,0
2690,2,LR,0,0
2691,2,LR,1,1
2695,2,LR,0,0
2697,2,LR,0,0
2698,2,LR,0,0
2703,2,LR,0,0
2706,2,LR,0,0
2709,2,LR,0,0
2710,2,LR,0,0
2717,2,LR,0,0
2720,2,LR,0,0
2722,2,LR,0,0
2724,2,LR,0,0
2727,2,LR,0,0
2734,2,LR,0,0
2736,2,LR,0,0
2742,2,LR,0,0
2754,2,LR,1,1
2770,2,LR,0,0
2773,2,LR,1,0
2774,2,LR,0,0
2778,2,LR,0,0
2782,2,LR,0,0
2783,2,LR,0,0
2784,2,LR,0,0
2794,2,LR,0,0
2795,2,LR,0,0
2801,2,LR,1,1
2812,2,LR,1,1
2817,2,LR,0,0
2821,2,LR,0,0
2822,2,LR,0,0
2824,2,LR,0,0
2834,2,LR,0,0
2846,2,LR,0,0
2851,2,LR,1,1
2855,2,LR,0,0
2856,2,LR,0,0
2858,2,LR,0,0
2873,2,LR,0,0
2877,2,LR,0,0
2878,2,LR,0,0
2882,2,LR,0,0
2885,2,LR,0,0
2905,2,LR,0,0
2908,2,LR,0,0
2912,2,LR,0,0
2919,2,LR,1,1
2920,2,LR,0,0
2928,2,LR,0,0
2936,2,LR,0,0
2953,2,LR,0,0
2960,2,LR,0,0
2975,2,LR,0,0
2978,2,LR,0,1
2989,2,LR,0,0
2994,2,LR,0,0
2999,2,LR,0,0
3000,2,LR,0,0
3001,2,LR,0,0
3005,2,LR,0,0
3006,2,LR,0,0
3008,2,LR,0,0
3013,2,LR,0,0
3029,2,LR,0,0
3031,2,LR,0,0
3038,2,LR,0,0
3039,2,LR,0,0
3041,2,LR,0,0
3042,2,LR,0,1
3047,2,LR,0,0
3062,2,LR,0,0
3069,2,LR,0,0
3070,2,LR,0,0
3080,2,LR,0,0
3093,2,LR,0,0
3095,2,LR,1,1
3100,2,LR,0,0
3112,2,LR,0,0
3113,2,LR,1,1
3115,2,LR,0,0
3117,2,LR,0,0
3130,2,LR,0,0
3131,2,LR,0,0
3136,2,LR,0,0
3156,2,LR,0,0
3160,2,LR,0,0
3166,2,LR,1,1
3169,2,LR,0,0
3170,2,LR,0,0
3172,2,LR,0,0
3179,2,LR,0,0
3181,2,LR,1,1
3195,2,LR,0,0
3203,2,LR,0,0
3205,2,LR,0,0
3212,2,LR,0,0
3214,2,LR,0,0
3217,2,LR,0,1
3222,2,LR,0,0
3243,2,LR,0,0
3244,2,LR,1,0
3252,2,LR,0,0
3253,2,LR,0,0
3254,2,LR,0,0
3256,2,LR,0,0
3278,2,LR,0,0
3284,2,LR,0,0
3286,2,LR,0,0
3290,2,LR,0,0
3291,2,LR,0,0
3295,2,LR,0,0
3304,2,LR,0,0
3308,2,LR,0,0
3311,2,LR,0,0
3318,2,LR,0,0
3321,2,LR,0,0
3322,2,LR,0,0
3328,2,LR,0,0
3332,2,LR,0,0
3334,2,LR,1,1
3346,2,LR,0,0
3351,2,LR,0,0
3354,2,LR,0,0
3356,2,LR,0,0
3357,2,LR,0,0
3358,2,LR,0,0
3359,2,LR,0,0
3360,2,LR,0,0
3362,2,LR,0,0
3366,2,LR,0,0
3367,2,LR,0,0
3376,2,LR,1,1
3379,2,LR,0,0
3381,2,LR,0,0
3382,2,LR,0,0
3394,2,LR,0,0
3410,2,LR,0,0
3411,2,LR,0,0
3413,2,LR,0,0
3419,2,LR,0,0
3425,2,LR,0,0
3430,2,LR,0,0
3434,2,LR,0,0
3446,2,LR,1,1
3451,2,LR,0,0
3455,2,LR,0,0
3456,2,LR,1,1
3458,2,LR,0,0
3468,2,LR,0,1
3475,2,LR,0,0
3491,2,LR,0,0
3495,2,LR,0,0
3497,2,LR,0,0
3500,2,LR,0,0
3507,2,LR,0,0
3509,2,LR,0,0
3510,2,LR,0,0
3526,2,LR,0,0
3529,2,LR,1,1
3532,2,LR,0,0
3547,2,LR,0,0
3553,2,LR,0,0
3557,2,LR,0,0
3560,2,LR,0,0
3564,2,LR,1,1
3567,2,LR,0,0
3568,2,LR,0,0
3570,2,LR,0,0
3573,2,LR,0,0
3575,2,LR,0,1
3579,2,LR,0,0
3580,2,LR,0,0
3581,2,LR,0,0
3582,2,LR,0,0
3583,2,LR,0,0
3584,2,LR,0,0
3589,2,LR,0,0
3590,2,LR,1,1
3596,2,LR,0,0
3608,2,LR,1,0
3616,2,LR,0,0
3623,2,LR,0,1
3644,2,LR,0,0
3646,2,LR,0,0
3654,2,LR,0,0
3657,2,LR,0,1
3661,2,LR,0,0
3663,2,LR,0,0
3664,2,LR,0,0
3666,2,LR,1,1
3670,2,LR,0,0
3678,2,LR,0,0
3680,2,LR,0,0
3681,2,LR,0,0
3684,2,LR,1,1
3691,2,LR,0,0
3696,2,LR,0,0
3699,2,LR,0,0
3701,2,LR,0,0
3703,2,LR,0,0
3718,2,LR,0,0
3719,2,LR,0,0
3724,2,LR,0,0
3729,2,LR,0,0
3733,2,LR,0,0
3735,2,LR,0,0
3742,2,LR,0,0
3743,2,LR,0,0
3749,2,LR,0,0
3752,2,LR,0,0
3769,2,LR,1,1
3775,2,LR,0,0
3786,2,LR,0,1
3798,2,LR,1,1
3811,2,LR,0,0
3819,2,LR,0,0
3821,2,LR,0,0
3822,2,LR,0,0
3831,2,LR,1,1
3842,2,LR,0,0
3855,2,LR,0,0
3860,2,LR,0,0
3864,2,LR,0,0
3868,2,LR,0,0
3876,2,LR,1,1
3877,2,LR,0,0
3881,2,LR,0,0
3885,2,LR,0,0
3892,2,LR,0,0
3898,2,LR,0,0
3901,2,LR,1,0
3904,2,LR,1,1
3906,2,LR,0,0
3913,2,LR,0,0
3914,2,LR,0,0
3921,2,LR,0,0
3922,2,LR,0,0
3928,2,LR,0,0
3930,2,LR,0,0
3931,2,LR,0,0
3933,2,LR,0,0
3935,2,LR,0,0
3938,2,LR,0,0
3949,2,LR,0,0
3950,2,LR,0,0
3952,2,LR,0,0
3957,2,LR,0,0
3960,2,LR,0,0
3961,2,LR,0,0
3965,2,LR,0,0
3971,2,LR,0,0
3975,2,LR,0,0
3988,2,LR,1,1
3989,2,LR,0,0
3990,2,LR,0,0
3993,2,LR,0,0
3997,2,LR,1,1
4002,2,LR,0,0
4004,2,LR,1,1
4008,2,LR,0,0
4011,2,LR,0,0
4012,2,LR,0,0
4013,2,LR,1,1
4016,2,LR,0,0
4020,2,LR,0,0
4021,2,LR,0,0
4028,2,LR,0,0
4041,2,LR,0,0
4043,2,LR,0,0
4044,2,LR,0,0
4050,2,LR,0,0
4062,2,LR,0,0
4066,2,LR,0,0
4068,2,LR,0,0
4069,2,LR,0,0
4073,2,LR,0,0
4076,2,LR,0,0
4082,2,LR,0,0
4093,2,LR,0,0
4095,2,LR,0,0
4100,2,LR,0,0
4109,2,LR,1,1
4113,2,LR,0,0
4125,2,LR,0,0
4131,2,LR,0,0
4132,2,LR,0,0
4139,2,LR,0,0
4141,2,LR,0,0
4145,2,LR,0,0
4146,2,LR,0,0
4150,2,LR,0,0
4161,2,LR,0,0
4177,2,LR,0,0
4178,2,LR,0,0
4191,2,LR,0,0
4193,2,LR,0,0
4206,2,LR,0,0
4207,2,LR,0,0
4213,2,LR,0,0
4216,2,LR,1,1
4217,2,LR,0,0
4220,2,LR,0,0
4226,2,LR,0,0
4229,2,LR,1,1
4232,2,LR,0,0
4242,2,LR,0,0
4244,2,LR,0,0
4250,2,LR,0,0
4260,2,LR,0,0
4261,2,LR,0,0
4264,2,LR,0,0
4265,2,LR,0,0
4268,2,LR,1,0
4273,2,LR,0,0
4275,2,LR,0,0
4277,2,LR,0,0
4282,2,LR,0,0
4286,2,LR,0,0
4291,2,LR,0,0
4297,2,LR,0,0
4311,2,LR,0,0
4320,2,LR,0,0
4322,2,LR,0,0
4325,2,LR,0,0
4327,2,LR,0,0
4329,2,LR,0,0
4336,2,LR,0,0
4338,2,LR,1,0
4348,2,LR,1,0
4359,2,LR,0,0
4361,2,LR,0,0
4367,2,LR,0,0
4368,2,LR,0,0
4372,2,LR,1,0
4373,2,LR,0,0
4379,2,LR,0,0
4383,2,LR,0,0
4384,2,LR,0,0
4386,2,LR,0,0
4392,2,LR,0,0
4398,2,LR,0,0
4401,2,LR,0,0
4408,2,LR,0,0
4412,2,LR,0,0
4414,2,LR,0,0
4418,2,LR,0,0
4419,2,LR,0,0
4420,2,LR,1,1
4430,2,LR,0,0
4445,2,LR,1,1
4451,2,LR,0,0
4455,2,LR,1,1
4458,2,LR,1,0
4462,2,LR,0,0
4464,2,LR,0,1
4465,2,LR,0,0
4473,2,LR,0,0
4487,2,LR,0,0
4488,2,LR,0,0
4502,2,LR,0,0
4507,2,LR,0,0
4515,2,LR,0,0
4519,2,LR,0,0
4523,2,LR,0,0
4525,2,LR,0,0
4533,2,LR,0,0
4536,2,LR,0,0
4541,2,LR,0,0
4546,2,LR,0,0
4548,2,LR,0,0
4550,2,LR,0,0
4551,2,LR,0,0
4557,2,LR,0,0
4561,2,LR,0,0
4565,2,LR,1,1
4566,2,LR,0,0
4568,2,LR,0,0
4569,2,LR,1,1
4570,2,LR,0,0
4587,2,LR,0,0
4593,2,LR,0,0
4594,2,LR,0,0
4600,2,LR,1,1
4606,2,LR,0,0
4609,2,LR,1,1
4614,2,LR,0,0
4616,2,LR,0,0
4617,2,LR,1,1
4637,2,LR,0,0
4645,2,LR,0,0
4652,2,LR,0,0
4665,2,LR,0,0
4667,2,LR,0,0
4669,2,LR,0,0
4680,2,LR,0,0
4685,2,LR,0,1
4689,2,LR,0,0
4702,2,LR,0,0
4703,2,LR,0,0
4704,2,LR,0,0
4709,2,LR,0,0
4710,2,LR,0,0
4713,2,LR,0,0
4715,2,LR,0,0
4719,2,LR,0,0
4723,2,LR,0,0
4730,2,LR,0,0
4748,2,LR,0,0
4751,2,LR,0,0
4756,2,LR,0,0
4759,2,LR,0,0
4761,2,LR,0,0
4776,2,LR,0,0
4777,2,LR,0,0
4778,2,LR,0,1
4779,2,LR,0,0
4783,2,LR,0,0
4789,2,LR,1,1
4791,2,LR,0,0
4796,2,LR,0,0
4797,2,LR,0,0
4801,2,LR,0,0
4804,2,LR,1,1
4819,2,LR,1,1
4820,2,LR,0,0
4821,2,LR,0,0
4835,2,LR,0,0
4837,2,LR,1,1
4838,2,LR,1,0
4841,2,LR,1,1
4856,2,LR,0,0
4862,2,LR,0,0
4863,2,LR,0,0
4865,2,LR,1,0
4867,2,LR,1,1
4872,2,LR,0,0
4883,2,LR,0,0
4884,2,LR,0,0
4885,2,LR,0,0
4893,2,LR,0,0
4896,2,LR,1,1
4903,2,LR,0,0
4905,2,LR,0,0
4912,2,LR,0,0
4918,2,LR,0,0
4922,2,LR,0,0
4924,2,LR,0,0
4927,2,LR,0,0
4928,2,LR,0,0
4929,2,LR,0,0
4945,2,LR,0,0
4948,2,LR,0,0
4949,2,LR,0,0
4950,2,LR,0,0
4953,2,LR,0,0
4964,2,LR,0,0
4969,2,LR,0,0
4970,2,LR,0,0
4975,2,LR,0,0
4977,2,LR,0,0
4980,2,LR,1,1
4984,2,LR,0,0
4992,2,LR,1,1
4995,2,LR,0,0
4997,2,LR,0,0
5000,2,LR,1,1
5001,2,LR,1,1
5008,2,LR,0,0
5014,2,LR,0,0
5018,2,LR,0,0
5020,2,LR,0,0
5026,2,LR,0,0
5027,2,LR,0,0
5038,2,LR,1,1
5054,2,LR,0,0
5059,2,LR,0,0
5065,2,LR,0,0
5071,2,LR,0,0
5073,2,LR,1,0
5089,2,LR,1,1
5093,2,LR,0,0
5096,2,LR,0,0
5104,2,LR,1,1
5115,2,LR,0,0
5129,2,LR,0,0
5140,2,LR,0,0
5148,2,LR,0,0
5150,2,LR,0,0
5156,2,LR,1,1
5157,2,LR,0,0
5166,2,LR,0,0
5168,2,LR,0,0
5179,2,LR,0,0
5182,2,LR,0,0
5185,2,LR,1,1
5187,2,LR,0,0
5190,2,LR,0,0
5193,2,LR,0,0
5194,2,LR,0,0
5197,2,LR,0,0
5201,2,LR,0,0
5202,2,LR,1,1
5206,2,LR,0,0
5207,2,LR,0,0
5208,2,LR,0,0
5217,2,LR,0,0
5223,2,LR,0,1
5228,2,LR,0,0
5239,2,LR,0,0
5241,2,LR,0,0
5245,2,LR,1,1
5254,2,LR,0,0
5258,2,LR,0,0
5259,2,LR,0,0
5281,2,LR,0,0
5287,2,LR,0,0
5292,2,LR,0,1
5304,2,LR,0,0
5313,2,LR,0,0
5318,2,LR,0,0
5322,2,LR,0,0
5324,2,LR,0,0
5341,2,LR,0,0
5342,2,LR,0,0
5349,2,LR,0,0
5350,2,LR,1,0
5351,2,LR,0,0
5355,2,LR,1,1
5356,2,LR,0,0
5364,2,LR,0,0
5366,2,LR,0,0
5372,2,LR,0,0
5375,2,LR,0,0
5377,2,LR,0,0
5379,2,LR,0,1
5389,2,LR,0,0
5392,2,LR,0,0
5397,2,LR,1,1
5398,2,LR,0,0
5401,2,LR,0,0
5402,2,LR,0,0
5410,2,LR,0,0
5413,2,LR,0,0
5415,2,LR,0,0
5419,2,LR,0,0
5425,2,LR,0,0
5427,2,LR,0,0
5442,2,LR,0,0
5447,2,LR,0,0
5449,2,LR,0,1
5451,2,LR,0,0
5455,2,LR,0,0
5457,2,LR,1,1
5464,2,LR,0,0
5465,2,LR,0,0
5469,2,LR,0,1
5472,2,LR,0,0
5475,2,LR,0,0
5479,2,LR,0,0
5490,2,LR,0,0
5497,2,LR,0,0
5500,2,LR,0,0
5508,2,LR,0,0
5509,2,LR,0,0
5510,2,LR,0,0
5511,2,LR,0,0
5532,2,LR,0,0
5540,2,LR,0,0
5545,2,LR,0,1
5547,2,LR,1,1
5552,2,LR,0,0
5563,2,LR,0,0
5571,2,LR,0,1
5579,2,LR,0,0
5581,2,LR,0,0
5582,2,LR,0,0
5584,2,LR,0,0
5587,2,LR,0,0
5589,2,LR,1,1
5590,2,LR,0,0
5593,2,LR,0,0
5595,2,LR,0,0
5601,2,LR,1,0
5602,2,LR,0,0
5606,2,LR,0,0
5620,2,LR,0,0
5638,2,LR,1,1
5663,2,LR,0,0
5666,2,LR,0,0
5679,2,LR,0,0
5681,2,LR,0,0
5682,2,LR,1,1
5688,2,LR,0,0
5706,2,LR,0,0
5722,2,LR,0,0
5730,2,LR,0,0
5748,2,LR,0,0
5750,2,LR,1,1
5754,2,LR,0,0
5755,2,LR,1,1
5759,2,LR,0,0
5781,2,LR,0,0
5782,2,LR,0,0
5800,2,LR,0,0
5806,2,LR,0,0
5808,2,LR,0,0
5809,2,LR,1,1
5811,2,LR,0,0
5826,2,LR,0,0
5828,2,LR,0,0
5833,2,LR,0,0
5841,2,LR,0,0
5842,2,LR,0,0
5845,2,LR,0,0
5852,2,LR,0,0
5855,2,LR,0,0
5859,2,LR,0,0
5869,2,LR,0,0
5870,2,LR,0,0
5874,2,LR,0,0
5885,2,LR,0,0
5892,2,LR,0,0
5900,2,LR,0,0
5908,2,LR,0,0
5914,2,LR,1,0
5915,2,LR,0,0
5918,2,LR,0,0
5922,2,LR,1,1
5924,2,LR,0,0
5925,2,LR,1,1
5928,2,LR,0,0
5935,2,LR,0,0
5939,2,LR,1,1
5942,2,LR,0,0
5963,2,LR,0,0
5968,2,LR,0,0
5969,2,LR,0,0
5973,2,LR,0,0
5978,2,LR,1,1
5996,2,LR,0,0
6012,2,LR,0,0
6014,2,LR,0,0
6015,2,LR,0,1
6017,2,LR,0,0
6018,2,LR,0,0
6021,2,LR,0,0
6023,2,LR,0,0
6026,2,LR,0,0
6031,2,LR,0,0
6037,2,LR,0,0
6038,2,LR,0,0
6044,2,LR,0,0
6046,2,LR,0,0
6049,2,LR,0,0
6050,2,LR,0,0
6063,2,LR,0,0
6065,2,LR,0,0
6069,2,LR,0,0
6072,2,LR,0,0
6087,2,LR,0,1
6098,2,LR,0,0
6102,2,LR,1,1
6110,2,LR,0,0
6111,2,LR,0,0
6113,2,LR,0,0
6121,2,LR,0,0
6138,2,LR,0,0
6142,2,LR,0,0
6144,2,LR,0,0
6151,2,LR,0,0
6154,2,LR,0,0
6165,2,LR,0,0
6180,2,LR,1,0
6183,2,LR,0,0
6184,2,LR,0,0
6203,2,LR,1,1
6204,2,LR,0,0
6206,2,LR,0,0
6209,2,LR,0,0
6216,2,LR,0,0
6219,2,LR,0,0
6221,2,LR,0,0
6225,2,LR,0,0
6239,2,LR,0,0
6240,2,LR,0,0
6241,2,LR,0,0
6244,2,LR,0,0
6245,2,LR,0,1
6252,2,LR,0,0
6256,2,LR,0,0
6258,2,LR,0,0
6263,2,LR,1,1
6266,2,LR,0,0
6268,2,LR,0,0
6270,2,LR,0,0
6271,2,LR,0,0
6275,2,LR,0,0
6282,2,LR,0,0
6284,2,LR,0,0
6285,2,LR,0,0
6287,2,LR,1,0
6289,2,LR,0,0
6296,2,LR,0,0
6298,2,LR,0,0
6299,2,LR,0,0
6313,2,LR,0,0
6317,2,LR,0,0
6322,2,LR,0,0
6324,2,LR,0,0
6325,2,LR,0,0
6336,2,LR,0,0
6338,2,LR,0,1
6344,2,LR,0,0
6346,2,LR,0,0
6348,2,LR,0,0
6355,2,LR,0,0
6356,2,LR,0,0
6362,2,LR,0,0
6363,2,LR,0,0
6370,2,LR,0,0
6371,2,LR,0,0
6372,2,LR,0,1
6385,2,LR,0,0
6386,2,LR,1,1
6400,2,LR,0,0
6401,2,LR,0,0
6420,2,LR,0,0
6422,2,LR,0,0
6424,2,LR,0,0
6426,2,LR,0,0
6429,2,LR,1,1
6433,2,LR,0,0
6440,2,LR,0,0
6443,2,LR,0,0
6444,2,LR,0,0
6451,2,LR,0,0
6454,2,LR,0,0
6455,2,LR,1,1
6457,2,LR,0,0
6459,2,LR,0,0
6465,2,LR,0,0
6466,2,LR,1,1
6468,2,LR,0,0
6469,2,LR,1,1
6471,2,LR,1,1
6474,2,LR,0,0
6478,2,LR,0,0
6484,2,LR,0,0
6492,2,LR,1,0
6497,2,LR,0,0
6499,2,LR,0,0
6502,2,LR,0,0
6504,2,LR,0,0
6513,2,LR,0,0
6515,2,LR,0,0
6519,2,LR,0,1
6520,2,LR,0,0
6527,2,LR,0,0
6531,2,LR,0,0
6532,2,LR,1,1
6535,2,LR,0,0
6541,2,LR,1,0
6548,2,LR,0,0
6561,2,LR,0,0
6562,2,LR,0,0
6566,2,LR,0,0
6572,2,LR,0,0
6574,2,LR,0,0
6585,2,LR,0,0
6588,2,LR,1,1
6589,2,LR,0,0
6592,2,LR,0,0
6597,2,LR,0,0
6600,2,LR,0,0
6604,2,LR,0,0
6608,2,LR,0,0
6609,2,LR,0,0
6610,2,LR,0,0
6611,2,LR,0,0
6615,2,LR,0,0
6616,2,LR,0,0
6618,2,LR,0,0
6628,2,LR,0,0
6631,2,LR,0,0
6633,2,LR,0,0
6635,2,LR,0,0
6639,2,LR,1,1
6645,2,LR,0,0
6651,2,LR,0,0
6671,2,LR,0,0
6677,2,LR,1,1
6680,2,LR,0,0
6682,2,LR,1,1
6684,2,LR,0,0
6686,2,LR,0,0
6692,2,LR,0,0
6706,2,LR,0,0
6712,2,LR,0,0
6726,2,LR,0,0
6733,2,LR,0,0
6736,2,LR,0,0
6742,2,LR,0,0
6748,2,LR,1,1
6751,2,LR,1,0
6760,2,LR,0,0
6764,2,LR,0,0
6769,2,LR,1,1
6774,2,LR,0,0
6775,2,LR,0,0
6783,2,LR,1,1
6790,2,LR,1,1
6793,2,LR,0,0
6795,2,LR,0,0
6797,2,LR,0,1
6800,2,LR,0,1
6801,2,LR,0,0
6804,2,LR,0,0
6808,2,LR,0,0
6810,2,LR,0,0
6815,2,LR,0,0
6818,2,LR,1,1
6827,2,LR,0,0
6829,2,LR,0,0
6839,2,LR,0,0
6841,2,LR,0,0
6845,2,LR,0,0
6848,2,LR,0,0
6851,2,LR,0,0
6866,2,LR,0,0
6868,2,LR,0,0
6869,2,LR,0,1
6877,2,LR,0,0
6880,2,LR,0,0
6892,2,LR,0,0
6893,2,LR,0,0
6894,2,LR,0,0
6895,2,LR,0,0
6897,2,LR,0,0
6901,2,LR,1,1
6903,2,LR,0,0
6907,2,LR,0,0
6913,2,LR,0,0
6930,2,LR,0,0
6944,2,LR,0,0
6948,2,LR,1,1
6950,2,LR,0,0
6951,2,LR,0,0
6953,2,LR,0,0
6961,2,LR,0,0
6962,2,LR,0,0
6967,2,LR,0,0
6968,2,LR,0,1
6985,2,LR,0,0
6986,2,LR,0,0
6987,2,LR,0,0
6994,2,LR,0,1
7000,2,LR,0,0
7002,2,LR,0,0
7013,2,LR,0,0
7014,2,LR,0,0
7015,2,LR,0,0
7017,2,LR,0,0
7021,2,LR,0,0
7029,2,LR,0,0
7034,2,LR,0,0
7048,2,LR,0,0
7049,2,LR,0,0
7056,2,LR,0,0
7061,2,LR,0,0
7063,2,LR,0,0
7069,2,LR,0,0
7071,2,LR,0,0
7074,2,LR,0,0
7075,2,LR,0,0
7078,2,LR,0,0
7080,2,LR,0,0
7083,2,LR,0,0
7085,2,LR,0,0
7089,2,LR,0,0
7101,2,LR,0,0
7102,2,LR,0,0
7109,2,LR,0,0
7116,2,LR,0,0
7123,2,LR,0,0
7124,2,LR,0,0
7134,2,LR,0,0
7138,2,LR,0,0
7158,2,LR,0,0
7166,2,LR,0,0
7168,2,LR,0,1
7170,2,LR,0,0
7173,2,LR,0,1
7183,2,LR,0,0
7187,2,LR,0,0
7195,2,LR,0,0
7210,2,LR,0,0
7216,2,LR,0,0
7219,2,LR,0,0
7226,2,LR,0,0
7229,2,LR,0,0
7232,2,LR,0,0
7239,2,LR,1,1
7246,2,LR,0,0
7262,2,LR,0,0
7268,2,LR,0,0
7275,2,LR,0,0
7277,2,LR,0,0
7279,2,LR,1,1
7283,2,LR,0,0
7285,2,LR,0,0
7299,2,LR,0,0
7300,2,LR,0,0
7303,2,LR,0,0
7308,2,LR,0,0
7309,2,LR,0,0
7313,2,LR,0,0
7316,2,LR,0,0
7329,2,LR,0,0
7334,2,LR,0,0
7336,2,LR,0,0
7339,2,LR,0,0
7361,2,LR,0,0
7363,2,LR,0,0
7364,2,LR,0,0
7372,2,LR,0,0
7373,2,LR,0,0
7377,2,LR,0,0
7386,2,LR,0,0
7393,2,LR,1,1
7401,2,LR,0,0
7403,2,LR,0,0
7405,2,LR,0,0
7408,2,LR,0,0
7410,2,LR,0,0
7413,2,LR,0,0
7414,2,LR,0,0
7422,2,LR,0,0
7426,2,LR,0,0
7432,2,LR,0,0
7443,2,LR,0,0
7444,2,LR,0,0
7454,2,LR,0,0
7457,2,LR,0,0
7467,2,LR,0,0
7482,2,LR,0,0
7486,2,LR,0,0
7489,2,LR,0,0
7491,2,LR,0,0
7493,2,LR,0,0
7497,2,LR,0,0
7505,2,LR,0,0
7506,2,LR,0,0
7512,2,LR,0,0
7517,2,LR,0,0
7520,2,LR,1,1
7524,2,LR,0,0
7527,2,LR,1,1
7536,2,LR,1,1
7540,2,LR,0,0
7548,2,LR,0,0
7549,2,LR,0,0
7556,2,LR,0,0
7558,2,LR,0,0
7564,2,LR,0,0
7569,2,LR,0,0
7572,2,LR,0,0
7589,2,LR,0,1
7596,2,LR,0,0
7597,2,LR,0,0
7598,2,LR,0,0
7611,2,LR,0,0
7612,2,LR,0,0
7616,2,LR,0,0
7619,2,LR,0,0
7622,2,LR,1,1
7627,2,LR,0,0
7630,2,LR,0,0
7641,2,LR,0,0
7643,2,LR,0,0
7644,2,LR,0,0
7645,2,LR,0,0
7665,2,LR,0,0
7671,2,LR,0,0
7681,2,LR,0,0
7690,2,LR,0,0
7703,2,LR,0,0
7710,2,LR,0,0
7717,2,LR,0,0
7718,2,LR,0,0
7719,2,LR,0,0
7725,2,LR,0,0
7733,2,LR,0,0
7734,2,LR,0,0
7737,2,LR,0,0
7739,2,LR,0,0
7740,2,LR,0,0
7746,2,LR,0,0
7747,2,LR,1,0
7759,2,LR,0,0
7762,2,LR,0,0
7767,2,LR,1,1
7768,2,LR,0,0
7772,2,LR,0,0
7773,2,LR,0,0
7775,2,LR,0,0
7778,2,LR,1,1
7788,2,LR,0,0
7795,2,LR,1,1
7797,2,LR,0,0
7801,2,LR,0,0
7803,2,LR,0,0
7807,2,LR,0,0
7813,2,LR,0,0
7819,2,LR,0,0
7821,2,LR,0,1
7829,2,LR,0,0
7837,2,LR,0,0
7838,2,LR,0,0
7841,2,LR,0,0
7843,2,LR,0,1
7849,2,LR,0,0
7852,2,LR,1,1
7859,2,LR,0,0
7861,2,LR,0,0
7869,2,LR,0,0
7870,2,LR,0,0
7872,2,LR,0,0
7879,2,LR,1,1
7880,2,LR,1,1
7885,2,LR,0,0
7886,2,LR,0,0
7891,2,LR,1,1
7899,2,LR,1,0
7904,2,LR,0,0
7910,2,LR,0,0
7914,2,LR,0,0
7919,2,LR,1,1
7923,2,LR,0,0
7924,2,LR,0,0
7934,2,LR,0,0
7950,2,LR,0,0
7957,2,LR,0,0
7964,2,LR,0,0
7965,2,LR,0,0
7966,2,LR,0,0
7968,2,LR,0,0
7972,2,LR,1,1
7973,2,LR,0,0
7974,2,LR,0,0
7987,2,LR,0,0
7990,2,LR,0,0
7999,2,LR,1,0
8000,2,LR,0,0
8018,2,LR,1,0
8021,2,LR,0,0
8025,2,LR,0,0
8029,2,LR,0,0
8034,2,LR,0,0
8046,2,LR,0,0
8054,2,LR,0,0
8056,2,LR,0,0
8059,2,LR,0,0
8060,2,LR,0,0
8064,2,LR,0,0
8069,2,LR,0,0
8074,2,LR,0,0
8076,2,LR,0,0
8088,2,LR,1,1
8092,2,LR,0,0
8094,2,LR,0,0
8096,2,LR,1,1
8097,2,LR,1,1
8102,2,LR,0,0
8104,2,LR,0,1
8109,2,LR,0,0
8110,2,LR,0,0
8113,2,LR,0,0
8117,2,LR,0,0
8122,2,LR,0,0
8126,2,LR,0,0
8132,2,LR,1,0
8136,2,LR,0,0
8137,2,LR,0,0
8142,2,LR,0,0
8150,2,LR,0,0
8153,2,LR,0,0
8175,2,LR,0,0
8182,2,LR,1,1
8184,2,LR,0,0
8187,2,LR,0,0
8192,2,LR,0,0
8198,2,LR,0,0
8204,2,LR,0,0
8205,2,LR,0,0
8206,2,LR,1,1
8212,2,LR,0,0
8213,2,LR,0,0
8216,2,LR,0,0
8217,2,LR,0,0
8221,2,LR,0,0
8223,2,LR,0,0
8234,2,LR,0,0
8235,2,LR,0,0
8244,2,LR,0,0
8245,2,LR,0,0
8247,2,LR,0,0
8252,2,LR,0,0
8256,2,LR,0,0
8259,2,LR,0,0
8263,2,LR,0,0
8275,2,LR,1,0
8277,2,LR,1,1
8283,2,LR,0,0
8284,2,LR,0,0
8285,2,LR,0,0
8296,2,LR,0,0
8304,2,LR,0,0
8305,2,LR,1,1
8306,2,LR,0,0
8312,2,LR,0,0
8317,2,LR,0,0
8328,2,LR,0,0
8336,2,LR,0,0
8337,2,LR,1,1
8340,2,LR,0,0
8341,2,LR,0,0
8349,2,LR,0,0
8350,2,LR,0,0
8356,2,LR,0,0
8360,2,LR,0,0
8364,2,LR,0,0
8365,2,LR,0,0
8367,2,LR,0,0
8368,2,LR,0,0
8385,2,LR,0,0
8389,2,LR,0,0
8390,2,LR,1,1
8398,2,LR,1,0
8399,2,LR,1,1
8402,2,LR,0,0
8403,2,LR,0,0
8406,2,LR,0,0
8411,2,LR,0,0
8413,2,LR,0,0
8417,2,LR,0,0
8421,2,LR,0,0
8425,2,LR,0,1
8436,2,LR,0,0
8447,2,LR,1,1
8453,2,LR,0,0
8459,2,LR,0,0
8461,2,LR,0,0
8469,2,LR,0,0
8473,2,LR,0,0
8475,2,LR,0,0
8477,2,LR,0,0
8479,2,LR,0,0
8484,2,LR,0,0
8493,2,LR,0,0
8496,2,LR,1,1
8504,2,LR,0,0
8511,2,LR,0,0
8512,2,LR,0,0
8518,2,LR,0,0
8523,2,LR,1,1
8525,2,LR,0,0
8537,2,LR,0,0
8539,2,LR,0,0
8542,2,LR,0,0
8545,2,LR,1,1
8550,2,LR,1,1
8552,2,LR,0,0
8557,2,LR,0,0
8558,2,LR,0,0
8559,2,LR,0,0
8567,2,LR,0,0
8571,2,LR,1,1
8574,2,LR,0,0
8588,2,LR,0,0
8595,2,LR,0,0
8598,2,LR,0,0
8602,2,LR,1,1
8604,2,LR,0,0
8607,2,LR,0,0
8609,2,LR,0,0
8616,2,LR,0,0
8618,2,LR,0,0
8619,2,LR,0,0
8620,2,LR,0,0
8630,2,LR,0,0
8633,2,LR,0,0
8639,2,LR,0,0
8647,2,LR,0,0
8649,2,LR,0,0
8654,2,LR,0,0
8659,2,LR,0,0
8662,2,LR,0,0
8667,2,LR,0,0
8671,2,LR,0,0
8678,2,LR,0,0
8680,2,LR,1,1
8689,2,LR,0,0
8692,2,LR,0,0
8694,2,LR,0,0
8706,2,LR,0,0
8707,2,LR,1,1
8709,2,LR,0,0
8716,2,LR,0,0
8720,2,LR,0,0
8723,2,LR,0,0
8725,2,LR,0,0
8730,2,LR,0,0
8733,2,LR,0,0
8735,2,LR,0,1
8741,2,LR,0,0
8747,2,LR,0,0
8749,2,LR,0,0
8751,2,LR,0,0
8758,2,LR,1,1
8760,2,LR,0,1
8763,2,LR,0,0
8766,2,LR,1,1
8769,2,LR,1,1
8770,2,LR,0,0
8779,2,LR,0,1
8785,2,LR,0,0
8792,2,LR,0,0
8793,2,LR,0,0
8795,2,LR,0,0
8796,2,LR,0,0
8798,2,LR,0,0
8803,2,LR,0,0
8805,2,LR,0,0
8813,2,LR,0,0
8815,2,LR,0,0
8816,2,LR,0,0
8823,2,LR,0,0
8824,2,LR,1,1
8831,2,LR,0,0
8842,2,LR,0,0
8845,2,LR,0,0
8846,2,LR,0,0
8847,2,LR,0,0
8855,2,LR,1,0
8857,2,LR,0,0
8865,2,LR,1,1
8867,2,LR,0,0
8874,2,LR,0,0
8878,2,LR,0,0
8885,2,LR,0,0
8901,2,LR,0,0
8905,2,LR,0,0
8908,2,LR,0,0
8911,2,LR,0,0
8919,2,LR,0,0
8923,2,LR,0,0
8927,2,LR,0,0
8941,2,LR,0,0
8942,2,LR,1,1
8943,2,LR,0,0
8951,2,LR,0,0
8952,2,LR,1,1
8953,2,LR,1,1
8954,2,LR,1,1
8967,2,LR,1,0
8971,2,LR,0,0
8972,2,LR,1,0
8974,2,LR,0,0
8977,2,LR,0,0
8984,2,LR,0,0
8988,2,LR,0,0
8991,2,LR,0,0
8998,2,LR,0,0
9002,2,LR,1,0
9003,2,LR,0,0
9010,2,LR,0,0
9013,2,LR,0,0
9021,2,LR,0,0
9025,2,LR,0,0
9027,2,LR,0,0
9035,2,LR,0,0
9043,2,LR,0,1
9046,2,LR,0,0
9051,2,LR,1,1
9060,2,LR,0,0
9063,2,LR,0,0
9064,2,LR,0,0
9074,2,LR,0,0
9077,2,LR,0,0
9081,2,LR,1,1
9082,2,LR,0,0
9087,2,LR,0,0
9098,2,LR,0,0
9099,2,LR,0,0
9101,2,LR,0,0
9106,2,LR,0,0
9109,2,LR,0,0
9115,2,LR,0,0
9120,2,LR,0,0
9126,2,LR,0,0
9129,2,LR,0,0
9132,2,LR,0,0
9133,2,LR,1,1
9141,2,LR,0,0
9154,2,LR,1,1
9161,2,LR,0,0
9186,2,LR,0,0
9190,2,LR,0,0
9207,2,LR,1,1
9220,2,LR,0,0
9222,2,LR,0,0
9224,2,LR,1,1
9229,2,LR,0,0
9237,2,LR,0,0
9238,2,LR,0,0
9249,2,LR,0,0
9253,2,LR,0,0
9256,2,LR,0,0
9273,2,LR,0,0
9276,2,LR,0,0
9277,2,LR,0,0
9278,2,LR,0,0
9287,2,LR,0,0
9293,2,LR,0,0
9307,2,LR,0,0
9308,2,LR,0,0
9311,2,LR,1,1
9323,2,LR,0,0
9331,2,LR,0,0
9342,2,LR,0,0
9347,2,LR,0,1
9352,2,LR,0,0
9370,2,LR,0,0
9371,2,LR,0,0
9376,2,LR,0,0
9377,2,LR,0,1
9378,2,LR,1,1
9381,2,LR,0,0
9390,2,LR,0,0
9393,2,LR,0,0
9395,2,LR,0,0
9396,2,LR,0,0
9399,2,LR,0,0
9402,2,LR,0,0
9404,2,LR,0,0
9413,2,LR,0,0
9414,2,LR,1,0
9416,2,LR,0,0
9417,2,LR,0,0
9419,2,LR,0,0
9429,2,LR,0,0
9439,2,LR,0,0
9442,2,LR,0,0
9450,2,LR,0,0
9452,2,LR,0,0
9454,2,LR,0,0
9458,2,LR,0,0
9471,2,LR,0,0
9472,2,LR,0,0
9476,2,LR,0,0
9480,2,LR,0,0
9482,2,LR,0,1
9500,2,LR,0,0
9501,2,LR,0,0
9508,2,LR,0,0
9528,2,LR,0,0
9549,2,LR,0,0
9562,2,LR,0,0
9563,2,LR,0,1
9564,2,LR,0,0
9565,2,LR,0,0
9578,2,LR,0,0
9590,2,LR,0,0
9609,2,LR,0,0
9626,2,LR,0,0
9628,2,LR,1,1
9630,2,LR,0,0
9631,2,LR,0,0
9633,2,LR,0,0
9640,2,LR,0,0
9643,2,LR,0,0
9646,2,LR,0,0
9648,2,LR,0,0
9650,2,LR,0,0
9661,2,LR,0,0
9663,2,LR,0,0
9665,2,LR,0,0
9668,2,LR,1,1
9669,2,LR,0,0
9677,2,LR,0,0
9680,2,LR,0,0
9692,2,LR,0,0
9696,2,LR,0,0
9697,2,LR,1,1
9701,2,LR,0,0
9710,2,LR,0,0
9713,2,LR,0,0
9718,2,LR,0,0
9721,2,LR,1,1
9725,2,LR,1,0
9731,2,LR,0,0
9733,2,LR,1,1
9738,2,LR,0,0
9743,2,LR,0,0
9754,2,LR,0,0
9761,2,LR,0,0
9765,2,LR,0,0
9772,2,LR,0,0
9774,2,LR,0,0
9777,2,LR,0,0
9778,2,LR,0,0
9780,2,LR,0,0
9785,2,LR,0,1
9795,2,LR,1,1
9796,2,LR,1,1
9804,2,LR,0,0
9805,2,LR,0,0
9822,2,LR,0,0
9826,2,LR,0,0
9830,2,LR,0,0
9832,2,LR,0,0
9847,2,LR,0,0
9852,2,LR,0,1
9853,2,LR,0,0
9854,2,LR,0,0
9873,2,LR,0,0
9879,2,LR,0,0
9881,2,LR,0,0
9883,2,LR,0,0
9889,2,LR,0,0
9896,2,LR,0,0
9897,2,LR,0,0
9906,2,LR,0,0
9913,2,LR,0,0
9914,2,LR,0,0
9916,2,LR,1,1
9918,2,LR,0,1
9922,2,LR,0,0
9925,2,LR,0,0
9935,2,LR,0,0
9944,2,LR,0,0
9945,2,LR,0,0
9949,2,LR,0,0
9970,2,LR,0,0
9976,2,LR,0,1
9978,2,LR,1,1
9982,2,LR,0,0
9986,2,LR,0,0
9990,2,LR,0,0
9999,2,LR,0,0
10005,2,LR,0,0
10011,2,LR,0,0
10023,2,LR,0,0
10028,2,LR,0,0
10029,2,LR,1,0
10030,2,LR,1,1
10031,2,LR,0,0
10049,2,LR,0,0
10057,2,LR,1,1
10058,2,LR,0,0
10071,2,LR,0,0
10075,2,LR,0,0
10085,2,LR,0,0
10090,2,LR,0,0
10092,2,LR,0,0
10099,2,LR,0,0
10100,2,LR,0,0
10105,2,LR,0,0
10107,2,LR,0,0
10112,2,LR,1,1
10120,2,LR,0,0
10123,2,LR,0,0
10129,2,LR,0,1
10133,2,LR,0,0
10137,2,LR,0,0
10138,2,LR,0,0
10147,2,LR,0,0
10150,2,LR,0,0
10156,2,LR,0,0
10161,2,LR,0,0
10175,2,LR,1,1
10190,2,LR,0,0
10209,2,LR,0,0
10212,2,LR,1,1
10215,2,LR,0,0
10216,2,LR,0,0
10220,2,LR,1,1
10223,2,LR,0,0
10225,2,LR,0,0
10227,2,LR,0,0
10233,2,LR,1,1
10255,2,LR,0,0
10261,2,LR,0,0
10265,2,LR,0,0
10268,2,LR,0,0
10273,2,LR,0,0
10275,2,LR,1,1
10278,2,LR,0,0
10292,2,LR,0,0
10297,2,LR,0,0
10300,2,LR,0,0
10301,2,LR,1,1
10302,2,LR,0,0
10309,2,LR,0,0
10310,2,LR,0,0
10319,2,LR,0,0
10322,2,LR,0,0
10325,2,LR,0,0
10335,2,LR,0,0
10339,2,LR,0,0
10343,2,LR,0,0
10356,2,LR,0,0
10357,2,LR,0,1
10363,2,LR,1,1
10367,2,LR,0,0
10370,2,LR,0,0
10377,2,LR,0,0
10385,2,LR,0,0
10387,2,LR,0,0
10392,2,LR,0,0
10393,2,LR,0,0
10394,2,LR,1,1
10397,2,LR,0,0
10406,2,LR,1,1
10425,2,LR,0,0
10430,2,LR,0,0
10431,2,LR,0,0
10432,2,LR,0,0
10439,2,LR,0,0
10450,2,LR,0,1
10451,2,LR,0,0
10462,2,LR,0,0
10471,2,LR,0,0
10492,2,LR,0,0
10493,2,LR,0,0
10496,2,LR,0,0
10497,2,LR,0,0
10500,2,LR,0,0
10503,2,LR,0,0
10504,2,LR,0,0
10505,2,LR,0,0
10507,2,LR,0,0
10510,2,LR,0,0
10515,2,LR,0,0
10516,2,LR,0,0
10525,2,LR,0,0
10531,2,LR,1,1
10532,2,LR,0,0
10542,2,LR,0,0
10545,2,LR,0,0
10550,2,LR,0,0
10559,2,LR,0,0
10561,2,LR,0,1
10572,2,LR,0,0
10574,2,LR,0,0
10576,2,LR,0,0
10577,2,LR,0,0
10585,2,LR,0,0
10588,2,LR,0,0
10591,2,LR,0,0
10595,2,LR,0,0
10596,2,LR,0,0
10597,2,LR,0,0
10598,2,LR,0,0
10599,2,LR,0,0
10601,2,LR,1,0
10602,2,LR,0,0
10609,2,LR,0,0
10611,2,LR,0,0
10616,2,LR,0,0
10627,2,LR,0,0
10640,2,LR,0,0
10656,2,LR,0,0
10661,2,LR,0,0
10668,2,LR,0,0
10674,2,LR,0,0
10677,2,LR,0,0
10681,2,LR,0,0
10685,2,LR,0,0
10686,2,LR,0,0
10700,2,LR,1,1
10707,2,LR,0,0
10719,2,LR,0,0
10720,2,LR,0,0
10727,2,LR,1,1
10728,2,LR,1,0
10729,2,LR,0,0
10731,2,LR,0,0
10737,2,LR,0,0
10738,2,LR,0,0
10740,2,LR,0,0
10749,2,LR,0,0
10750,2,LR,0,0
10763,2,LR,0,0
10767,2,LR,0,0
10768,2,LR,0,0
10772,2,LR,0,0
10785,2,LR,0,0
10789,2,LR,0,0
10796,2,LR,0,1
10802,2,LR,0,0
10814,2,LR,0,0
10824,2,LR,0,0
10827,2,LR,0,0
10829,2,LR,0,0
10832,2,LR,0,0
10834,2,LR,0,0
10835,2,LR,0,0
10837,2,LR,0,1
10838,2,LR,0,0
10857,2,LR,0,0
10861,2,LR,0,0
10865,2,LR,0,0
10868,2,LR,0,0
10869,2,LR,0,0
10870,2,LR,0,0
10873,2,LR,0,0
10874,2,LR,0,0
10875,2,LR,0,0
10876,2,LR,0,0
10878,2,LR,0,0
10885,2,LR,0,0
10886,2,LR,0,0
10895,2,LR,0,0
10897,2,LR,0,0
10898,2,LR,0,0
10899,2,LR,0,0
10901,2,LR,0,0
10904,2,LR,1,1
10910,2,LR,1,0
10920,2,LR,0,0
10926,2,LR,0,0
10932,2,LR,0,0
10944,2,LR,1,1
10947,2,LR,0,0
10952,2,LR,1,1
10959,2,LR,0,0
10961,2,LR,0,0
10964,2,LR,0,0
10967,2,LR,0,0
10984,2,LR,1,1
10985,2,LR,0,0
10998,2,LR,0,0
11005,2,LR,0,0
11033,2,LR,0,0
11037,2,LR,0,0
11038,2,LR,0,0
11039,2,LR,0,0
11041,2,LR,0,0
11047,2,LR,0,0
11051,2,LR,0,0
11055,2,LR,0,0
11056,2,LR,0,0
11064,2,LR,0,0
11072,2,LR,0,0
11073,2,LR,1,1
11095,2,LR,0,0
11108,2,LR,0,0
11111,2,LR,0,0
11115,2,LR,1,0
11116,2,LR,0,0
11117,2,LR,0,0
11118,2,LR,0,1
11123,2,LR,0,1
11129,2,LR,0,0
11130,2,LR,1,1
11134,2,LR,0,0
11140,2,LR,0,0
11143,2,LR,0,0
11146,2,LR,0,0
11149,2,LR,0,0
11152,2,LR,0,0
11154,2,LR,0,0
11155,2,LR,0,0
11157,2,LR,0,0
11158,2,LR,0,0
11160,2,LR,0,0
11161,2,LR,0,0
11165,2,LR,0,0
11169,2,LR,0,0
11172,2,LR,0,0
11177,2,LR,0,0
11179,2,LR,0,0
11181,2,LR,0,0
11187,2,LR,0,0
11189,2,LR,0,0
11190,2,LR,1,1
11192,2,LR,0,0
11193,2,LR,0,0
11198,2,LR,0,0
11199,2,LR,0,0
11202,2,LR,0,0
11205,2,LR,0,0
11208,2,LR,0,0
11216,2,LR,0,0
11225,2,LR,0,0
11229,2,LR,0,0
11241,2,LR,0,0
11243,2,LR,0,0
11249,2,LR,1,1
11251,2,LR,0,0
11254,2,LR,1,0
11262,2,LR,0,0
11269,2,LR,0,0
11275,2,LR,0,0
11276,2,LR,0,0
11279,2,LR,0,0
11281,2,LR,0,0
11286,2,LR,0,0
11297,2,LR,0,1
11301,2,LR,0,0
11302,2,LR,0,0
11309,2,LR,0,0
11311,2,LR,0,0
11313,2,LR,0,0
11317,2,LR,0,0
11318,2,LR,0,0
11319,2,LR,0,0
11328,2,LR,0,0
11333,2,LR,0,0
11340,2,LR,0,0
11342,2,LR,0,0
11345,2,LR,0,0
11353,2,LR,0,0
11360,2,LR,0,0
11361,2,LR,0,0
11366,2,LR,0,1
11374,2,LR,0,0
11384,2,LR,0,0
11387,2,LR,1,1
11388,2,LR,0,0
11394,2,LR,0,0
11396,2,LR,0,0
11397,2,LR,0,0
11398,2,LR,0,1
11407,2,LR,0,0
11418,2,LR,0,0
11422,2,LR,0,1
11445,2,LR,0,0
11446,2,LR,0,0
11449,2,LR,0,0
11452,2,LR,0,0
11456,2,LR,0,0
11458,2,LR,0,0
11460,2,LR,1,1
11462,2,LR,0,0
11468,2,LR,0,0
11470,2,LR,0,0
11475,2,LR,0,0
11477,2,LR,0,0
11499,2,LR,0,0
11501,2,LR,0,0
11504,2,LR,0,0
11509,2,LR,0,0
11510,2,LR,0,0
11511,2,LR,0,0
11519,2,LR,0,0
11523,2,LR,0,0
11524,2,LR,0,0
11525,2,LR,0,0
11527,2,LR,0,0
11533,2,LR,0,0
11535,2,LR,0,0
11539,2,LR,0,0
11541,2,LR,0,0
11542,2,LR,0,0
11544,2,LR,0,0
11552,2,LR,0,0
11554,2,LR,0,0
11555,2,LR,0,0
11559,2,LR,0,0
11564,2,LR,0,0
11567,2,LR,0,0
11576,2,LR,0,0
11580,2,LR,0,0
11582,2,LR,0,0
11595,2,LR,0,0
11599,2,LR,1,1
11607,2,LR,1,1
11626,2,LR,0,0
11629,2,LR,0,0
11631,2,LR,0,0
11638,2,LR,0,0
11641,2,LR,0,0
11643,2,LR,0,0
11650,2,LR,0,0
11660,2,LR,1,1
11661,2,LR,0,0
11669,2,LR,0,0
11671,2,LR,0,0
11681,2,LR,0,0
11682,2,LR,0,0
11683,2,LR,0,0
11688,2,LR,0,0
11695,2,LR,0,0
11699,2,LR,0,0
11700,2,LR,0,0
11705,2,LR,0,0
11710,2,LR,0,0
11713,2,LR,0,0
11724,2,LR,0,0
11733,2,LR,0,0
11737,2,LR,0,0
11743,2,LR,0,0
11744,2,LR,0,1
11747,2,LR,0,0
11749,2,LR,1,1
11750,2,LR,0,0
11756,2,LR,0,0
11772,2,LR,0,0
11773,2,LR,0,0
11775,2,LR,1,1
11782,2,LR,0,0
11787,2,LR,0,0
11791,2,LR,0,1
11793,2,LR,0,0
11796,2,LR,1,1
11809,2,LR,0,0
11814,2,LR,0,0
11824,2,LR,0,0
11834,2,LR,0,0
11839,2,LR,0,0
11841,2,LR,0,0
11842,2,LR,0,0
11854,2,LR,0,0
11856,2,LR,1,1
11860,2,LR,0,0
11864,2,LR,0,0
11890,2,LR,0,0
11893,2,LR,0,0
11898,2,LR,0,0
11902,2,LR,0,0
11903,2,LR,0,0
11905,2,LR,0,0
11906,2,LR,1,1
11909,2,LR,0,0
11911,2,LR,1,1
11913,2,LR,0,0
11922,2,LR,0,0
11925,2,LR,0,0
11926,2,LR,0,1
11927,2,LR,0,0
11930,2,LR,0,0
11934,2,LR,0,0
11935,2,LR,1,1
11953,2,LR,1,1
11955,2,LR,0,0
11983,2,LR,0,0
11990,2,LR,0,0
11993,2,LR,0,0
11994,2,LR,0,0
11995,2,LR,0,0
11996,2,LR,0,0
11997,2,LR,0,0
11998,2,LR,1,1
12010,2,LR,0,0
12016,2,LR,1,1
12021,2,LR,0,0
12023,2,LR,0,1
12025,2,LR,0,0
12028,2,LR,0,0
12040,2,LR,1,1
12046,2,LR,0,0
12065,2,LR,0,0
12070,2,LR,0,0
12073,2,LR,0,0
12076,2,LR,0,0
12077,2,LR,0,0
12082,2,LR,0,0
12083,2,LR,0,1
12087,2,LR,0,0
12105,2,LR,0,0
12106,2,LR,0,0
12109,2,LR,1,1
12110,2,LR,0,0
12113,2,LR,0,0
12114,2,LR,1,0
12118,2,LR,0,0
12120,2,LR,0,0
12126,2,LR,0,0
12135,2,LR,0,0
12136,2,LR,0,0
12138,2,LR,0,0
12156,2,LR,0,0
12182,2,LR,0,0
12190,2,LR,0,0
12193,2,LR,0,0
12198,2,LR,0,0
12199,2,LR,0,0
12201,2,LR,0,0
12203,2,LR,0,0
12205,2,LR,0,0
12213,2,LR,0,0
12216,2,LR,1,1
12228,2,LR,1,1
12231,2,LR,0,0
12233,2,LR,0,0
12235,2,LR,0,0
12238,2,LR,0,0
12239,2,LR,0,0
12240,2,LR,0,0
12245,2,LR,0,0
12247,2,LR,0,0
12258,2,LR,1,1
12261,2,LR,0,0
12267,2,LR,0,0
12270,2,LR,0,0
12272,2,LR,1,1
12273,2,LR,0,0
12274,2,LR,0,0
12276,2,LR,0,0
12277,2,LR,0,0
12279,2,LR,0,0
12285,2,LR,0,0
12286,2,LR,0,0
12299,2,LR,0,0
12305,2,LR,0,0
12311,2,LR,0,0
12326,2,LR,0,0
12327,2,LR,0,0
12335,2,LR,0,0
12339,2,LR,0,0
12345,2,LR,0,0
12347,2,LR,0,0
12349,2,LR,0,0
12355,2,LR,0,0
12356,2,LR,0,0
12375,2,LR,0,0
12383,2,LR,0,1
12411,2,LR,0,0
12412,2,LR,0,0
12414,2,LR,0,0
12421,2,LR,0,0
12426,2,LR,0,0
12438,2,LR,0,0
12443,2,LR,0,0
12446,2,LR,1,1
12451,2,LR,0,0
12455,2,LR,0,0
12461,2,LR,0,0
12471,2,LR,0,0
12474,2,LR,0,0
12480,2,LR,0,0
12485,2,LR,0,0
12490,2,LR,0,0
12498,2,LR,0,0
12512,2,LR,0,0
12524,2,LR,0,0
12527,2,LR,0,0
12531,2,LR,0,0
12534,2,LR,1,0
12538,2,LR,1,1
12539,2,LR,0,0
12540,2,LR,0,0
12541,2,LR,0,0
12543,2,LR,0,0
12547,2,LR,0,0
12549,2,LR,0,0
12556,2,LR,0,0
12563,2,LR,0,0
12565,2,LR,0,0
12566,2,LR,0,0
12571,2,LR,0,0
12573,2,LR,0,0
12575,2,LR,0,0
12584,2,LR,0,0
12585,2,LR,0,0
12597,2,LR,0,0
12599,2,LR,0,0
12602,2,LR,0,0
12614,2,LR,0,0
12630,2,LR,0,0
12635,2,LR,0,0
12636,2,LR,0,0
12646,2,LR,1,1
12650,2,LR,0,0
12652,2,LR,0,0
12656,2,LR,0,0
12665,2,LR,0,0
12677,2,LR,0,0
12681,2,LR,0,0
12685,2,LR,0,0
12687,2,LR,0,0
12688,2,LR,0,0
12695,2,LR,0,0
12698,2,LR,0,0
12699,2,LR,0,0
12707,2,LR,0,0
12708,2,LR,1,1
12712,2,LR,0,0
12723,2,LR,1,0
12724,2,LR,0,1
12726,2,LR,1,1
12727,2,LR,1,1
12729,2,LR,0,0
12738,2,LR,0,0
12739,2,LR,0,0
12741,2,LR,0,0
12749,2,LR,0,0
12763,2,LR,1,1
12765,2,LR,0,0
12766,2,LR,0,0
12767,2,LR,0,0
12797,2,LR,0,0
12798,2,LR,0,0
12799,2,LR,0,0
12808,2,LR,0,0
12816,2,LR,0,0
12819,2,LR,1,0
12822,2,LR,0,0
12823,2,LR,0,0
12830,2,LR,0,0
12832,2,LR,0,0
12833,2,LR,0,0
12834,2,LR,0,0
12839,2,LR,0,0
12849,2,LR,1,1
12855,2,LR,0,0
12856,2,LR,1,1
12857,2,LR,0,0
12864,2,LR,0,0
12866,2,LR,0,0
12869,2,LR,0,0
12882,2,LR,0,0
12885,2,LR,0,0
12889,2,LR,0,0
12894,2,LR,0,0
12900,2,LR,0,0
12901,2,LR,0,0
12914,2,LR,0,0
12915,2,LR,0,0
12921,2,LR,0,0
12922,2,LR,0,0
12926,2,LR,0,0
12927,2,LR,1,1
12929,2,LR,0,0
12943,2,LR,0,0
12945,2,LR,1,1
12946,2,LR,0,0
12948,2,LR,1,1
12949,2,LR,0,0
12951,2,LR,1,1
12955,2,LR,1,1
12960,2,LR,0,0
12964,2,LR,0,0
12975,2,LR,0,0
12979,2,LR,0,0
12986,2,LR,0,0
12991,2,LR,0,0
12994,2,LR,0,0
12998,2,LR,0,0
13004,2,LR,0,0
13009,2,LR,0,0
13013,2,LR,0,0
13018,2,LR,0,0
13019,2,LR,1,1
13020,2,LR,0,0
13022,2,LR,0,0
13028,2,LR,0,0
13033,2,LR,0,0
13035,2,LR,0,0
13036,2,LR,0,0
13043,2,LR,0,0
13047,2,LR,0,0
13048,2,LR,0,0
13050,2,LR,0,0
13057,2,LR,0,0
13061,2,LR,0,1
13070,2,LR,0,0
13072,2,LR,0,0
13076,2,LR,0,0
13078,2,LR,1,1
13079,2,LR,0,0
13088,2,LR,0,0
13094,2,LR,1,1
13095,2,LR,0,0
13096,2,LR,0,0
13097,2,LR,0,0
13099,2,LR,0,0
13102,2,LR,0,0
13107,2,LR,0,0
13116,2,LR,0,0
13120,2,LR,1,1
13121,2,LR,0,0
13123,2,LR,0,0
13124,2,LR,0,0
13125,2,LR,0,1
13130,2,LR,0,0
13134,2,LR,0,0
13138,2,LR,0,0
13139,2,LR,0,0
13151,2,LR,1,1
13153,2,LR,0,0
13171,2,LR,0,0
13176,2,LR,0,0
13177,2,LR,0,0
13180,2,LR,0,0
13181,2,LR,0,0
13183,2,LR,0,0
13184,2,LR,0,0
13201,2,LR,1,1
13205,2,LR,1,1
13207,2,LR,0,0
13215,2,LR,0,0
13216,2,LR,0,0
13220,2,LR,0,0
13231,2,LR,0,1
13234,2,LR,1,1
13239,2,LR,0,0
13251,2,LR,0,0
13256,2,LR,0,0
13263,2,LR,0,0
13265,2,LR,1,1
13268,2,LR,1,1
13270,2,LR,0,0
13272,2,LR,0,0
13274,2,LR,0,0
13279,2,LR,0,0
13280,2,LR,0,0
13285,2,LR,0,0
13286,2,LR,0,1
13288,2,LR,0,0
13298,2,LR,0,0
13306,2,LR,0,0
13311,2,LR,0,0
13324,2,LR,0,0
13327,2,LR,0,0
13328,2,LR,0,0
13329,2,LR,0,0
13333,2,LR,0,0
13336,2,LR,0,0
13337,2,LR,1,1
13343,2,LR,0,0
13345,2,LR,1,0
13351,2,LR,0,0
13354,2,LR,0,0
13363,2,LR,0,0
13369,2,LR,1,1
13375,2,LR,0,0
13383,2,LR,1,1
13409,2,LR,0,0
13422,2,LR,0,0
13425,2,LR,1,1
13426,2,LR,0,0
13438,2,LR,0,0
13453,2,LR,0,0
13455,2,LR,0,0
13456,2,LR,0,0
13459,2,LR,0,0
13466,2,LR,0,0
13469,2,LR,0,0
13471,2,LR,0,0
13474,2,LR,0,0
13476,2,LR,0,0
13477,2,LR,0,1
13486,2,LR,0,0
13488,2,LR,0,1
13492,2,LR,0,0
13495,2,LR,0,0
13496,2,LR,0,0
13507,2,LR,0,0
13510,2,LR,1,0
13532,2,LR,0,0
13535,2,LR,0,0
13544,2,LR,0,0
13557,2,LR,0,0
13564,2,LR,0,0
13576,2,LR,0,0
13577,2,LR,0,0
13587,2,LR,0,0
13596,2,LR,0,1
13597,2,LR,1,1
13605,2,LR,0,0
13607,2,LR,0,0
13608,2,LR,0,0
13612,2,LR,0,0
13619,2,LR,1,1
13620,2,LR,0,0
13621,2,LR,0,0
13624,2,LR,0,0
13631,2,LR,0,0
13637,2,LR,0,0
13640,2,LR,0,0
13642,2,LR,0,0
13643,2,LR,0,0
13644,2,LR,0,0
13655,2,LR,0,0
13677,2,LR,0,0
13686,2,LR,0,0
13689,2,LR,0,0
13698,2,LR,0,0
13700,2,LR,0,0
13702,2,LR,0,0
13712,2,LR,0,0
13714,2,LR,0,0
13723,2,LR,0,0
13726,2,LR,0,0
13730,2,LR,0,0
13733,2,LR,0,0
13739,2,LR,1,1
13743,2,LR,0,0
13744,2,LR,0,0
13745,2,LR,0,0
13751,2,LR,0,0
13752,2,LR,1,1
13753,2,LR,0,0
13755,2,LR,0,0
13757,2,LR,0,0
13758,2,LR,0,0
13764,2,LR,1,1
13766,2,LR,1,1
13772,2,LR,0,0
13784,2,LR,0,0
13789,2,LR,1,1
13795,2,LR,0,0
13798,2,LR,0,0
13804,2,LR,1,1
13805,2,LR,0,0
13809,2,LR,0,1
13826,2,LR,1,1
13827,2,LR,0,1
13832,2,LR,0,0
13834,2,LR,0,0
13842,2,LR,0,0
13845,2,LR,0,0
13849,2,LR,1,1
13852,2,LR,0,0
13859,2,LR,0,0
13867,2,LR,1,1
13873,2,LR,1,1
13878,2,LR,0,0
13881,2,LR,1,1
13888,2,LR,0,0
13889,2,LR,0,0
13890,2,LR,0,0
13891,2,LR,0,0
13896,2,LR,0,0
13901,2,LR,1,1
13904,2,LR,1,1
13911,2,LR,0,0
13912,2,LR,0,0
13915,2,LR,0,0
13917,2,LR,0,0
13924,2,LR,1,1
13926,2,LR,0,0
13931,2,LR,0,0
13939,2,LR,0,0
13946,2,LR,0,0
13950,2,LR,0,0
13952,2,LR,1,1
13962,2,LR,0,0
13966,2,LR,0,0
13967,2,LR,0,0
13979,2,LR,0,0
13985,2,LR,0,0
13988,2,LR,0,0
13991,2,LR,0,0
13994,2,LR,0,0
14003,2,LR,0,0
14005,2,LR,0,0
14006,2,LR,0,0
14009,2,LR,0,0
14011,2,LR,0,0
14016,2,LR,1,1
14022,2,LR,0,0
14023,2,LR,0,0
14025,2,LR,0,0
14032,2,LR,0,0
14055,2,LR,0,0
14062,2,LR,0,0
14070,2,LR,0,1
14073,2,LR,0,0
14079,2,LR,0,0
14082,2,LR,0,0
14092,2,LR,0,0
14100,2,LR,0,0
14102,2,LR,0,0
14103,2,LR,0,0
14105,2,LR,0,0
14107,2,LR,0,0
14109,2,LR,0,0
14110,2,LR,0,0
14115,2,LR,0,0
14121,2,LR,0,0
14124,2,LR,0,0
14131,2,LR,1,1
14133,2,LR,1,1
14136,2,LR,0,0
14138,2,LR,0,0
14141,2,LR,0,0
14145,2,LR,0,0
14146,2,LR,0,0
14151,2,LR,0,0
14154,2,LR,1,1
14155,2,LR,1,1
14161,2,LR,0,0
14162,2,LR,0,0
14163,2,LR,1,1
14169,2,LR,1,1
14170,2,LR,0,0
14175,2,LR,0,0
14181,2,LR,0,0
14184,2,LR,0,0
14185,2,LR,1,1
14193,2,LR,0,0
14195,2,LR,0,0
14197,2,LR,1,0
14210,2,LR,0,0
14214,2,LR,0,0
14217,2,LR,0,0
14221,2,LR,0,0
14223,2,LR,0,0
14228,2,LR,0,1
14229,2,LR,0,0
14234,2,LR,0,0
14238,2,LR,0,0
14243,2,LR,0,0
14247,2,LR,0,0
14248,2,LR,0,0
14255,2,LR,1,1
14275,2,LR,0,1
14286,2,LR,0,0
14289,2,LR,0,0
14297,2,LR,0,0
14300,2,LR,0,0
14304,2,LR,0,0
14312,2,LR,0,0
14318,2,LR,0,0
14320,2,LR,0,0
14323,2,LR,0,0
14328,2,LR,0,0
14329,2,LR,0,0
14331,2,LR,0,0
14346,2,LR,0,0
14347,2,LR,0,0
14348,2,LR,0,0
14353,2,LR,1,0
14354,2,LR,0,0
14355,2,LR,0,0
14362,2,LR,0,0
14365,2,LR,1,1
14367,2,LR,0,0
14370,2,LR,0,0
14372,2,LR,0,0
14376,2,LR,0,0
14382,2,LR,0,0
14399,2,LR,0,0
14418,2,LR,1,1
14420,2,LR,0,0
14422,2,LR,0,0
14428,2,LR,0,0
14439,2,LR,0,0
14441,2,LR,1,1
14442,2,LR,0,0
14445,2,LR,0,0
14447,2,LR,1,1
14448,2,LR,0,0
14458,2,LR,0,0
14463,2,LR,0,0
14476,2,LR,1,1
14478,2,LR,0,0
14484,2,LR,0,0
14485,2,LR,0,0
14492,2,LR,0,0
14494,2,LR,0,0
14513,2,LR,0,0
14514,2,LR,0,0
14516,2,LR,0,0
14518,2,LR,0,0
14519,2,LR,1,1
14522,2,LR,0,0
14524,2,LR,0,0
14533,2,LR,0,0
14537,2,LR,0,0
14539,2,LR,1,1
14542,2,LR,0,0
14543,2,LR,1,1
14545,2,LR,1,0
14548,2,LR,0,0
14549,2,LR,0,0
14553,2,LR,1,0
14560,2,LR,0,0
14563,2,LR,0,0
14565,2,LR,0,0
14568,2,LR,0,0
14571,2,LR,0,0
14580,2,LR,0,0
14582,2,LR,0,0
14586,2,LR,0,0
14590,2,LR,0,0
14594,2,LR,0,0
14597,2,LR,0,0
14598,2,LR,0,0
14617,2,LR,0,0
14620,2,LR,0,0
14625,2,LR,0,0
14630,2,LR,0,0
14631,2,LR,0,0
14634,2,LR,0,0
14643,2,LR,0,0
14645,2,LR,0,0
14660,2,LR,0,0
14662,2,LR,0,0
14668,2,LR,0,1
14673,2,LR,0,0
14674,2,LR,0,0
14679,2,LR,0,0
14687,2,LR,0,0
14697,2,LR,0,0
14709,2,LR,0,0
14713,2,LR,0,1
14716,2,LR,1,1
14730,2,LR,0,0
14732,2,LR,0,0
14737,2,LR,0,0
14745,2,LR,0,0
14746,2,LR,0,0
14749,2,LR,1,0
14757,2,LR,0,0
14771,2,LR,0,0
14772,2,LR,0,0
14788,2,LR,1,1
14789,2,LR,0,0
14791,2,LR,0,0
14795,2,LR,0,0
14798,2,LR,0,0
14799,2,LR,0,0
14801,2,LR,0,0
14802,2,LR,0,0
14803,2,LR,0,0
14814,2,LR,0,0
14816,2,LR,1,0
14819,2,LR,0,0
14834,2,LR,1,1
14841,2,LR,0,0
14843,2,LR,0,0
14863,2,LR,0,0
14866,2,LR,0,0
14867,2,LR,0,0
14880,2,LR,0,0
14889,2,LR,0,0
14894,2,LR,0,0
14899,2,LR,0,0
14904,2,LR,0,0
14910,2,LR,1,1
14913,2,LR,0,0
14916,2,LR,0,0
14917,2,LR,0,0
14919,2,LR,0,0
14934,2,LR,0,0
14942,2,LR,0,0
14944,2,LR,0,0
14945,2,LR,0,0
14948,2,LR,0,0
14949,2,LR,1,1
14950,2,LR,0,0
14956,2,LR,0,0
14960,2,LR,0,0
14961,2,LR,0,0
14969,2,LR,0,0
14970,2,LR,0,0
14972,2,LR,0,0
14973,2,LR,0,0
14979,2,LR,1,0
14980,2,LR,0,0
14982,2,LR,0,0
14983,2,LR,0,0
14993,2,LR,0,0
14998,2,LR,0,0
14999,2,LR,0,0
15001,2,LR,0,0
15004,2,LR,1,1
15011,2,LR,0,0
15013,2,LR,0,0
15015,2,LR,1,1
15023,2,LR,0,0
15027,2,LR,0,0
15028,2,LR,0,0
15037,2,LR,0,0
15047,2,LR,0,0
15048,2,LR,0,0
15049,2,LR,0,0
15053,2,LR,0,0
15056,2,LR,0,0
15058,2,LR,1,1
15061,2,LR,0,0
15066,2,LR,0,1
15068,2,LR,0,0
15073,2,LR,1,1
15076,2,LR,1,0
15081,2,LR,0,0
15082,2,LR,0,0
15086,2,LR,1,0
15097,2,LR,0,0
15099,2,LR,0,0
15105,2,LR,0,0
15116,2,LR,0,0
15117,2,LR,0,0
15128,2,LR,0,0
15132,2,LR,0,0
15135,2,LR,0,0
15141,2,LR,0,0
15142,2,LR,0,0
15146,2,LR,0,0
15158,2,LR,0,0
15162,2,LR,0,0
15165,2,LR,0,0
15170,2,LR,0,0
15178,2,LR,0,0
15188,2,LR,0,0
15190,2,LR,0,0
15192,2,LR,0,0
15193,2,LR,0,0
15196,2,LR,0,0
15205,2,LR,0,0
15207,2,LR,1,1
15208,2,LR,0,0
15210,2,LR,1,1
15213,2,LR,0,0
15219,2,LR,0,0
15233,2,LR,1,1
15242,2,LR,0,0
15252,2,LR,0,0
15255,2,LR,0,0
15264,2,LR,0,0
15268,2,LR,0,0
15277,2,LR,0,0
15289,2,LR,0,0
15294,2,LR,0,0
15306,2,LR,0,0
15309,2,LR,0,0
15312,2,LR,0,0
15315,2,LR,0,0
15322,2,LR,0,0
15323,2,LR,0,0
15326,2,LR,0,0
15328,2,LR,0,0
15335,2,LR,1,0
15340,2,LR,0,0
15342,2,LR,0,0
15347,2,LR,0,0
15352,2,LR,0,0
15358,2,LR,0,0
15361,2,LR,0,0
15362,2,LR,0,0
15370,2,LR,0,0
15371,2,LR,1,1
15375,2,LR,0,1
15377,2,LR,0,0
15380,2,LR,0,0
15389,2,LR,0,0
15391,2,LR,0,0
15397,2,LR,1,0
15398,2,LR,1,1
15399,2,LR,0,0
15411,2,LR,0,0
15422,2,LR,1,1
15423,2,LR,0,1
15426,2,LR,0,0
15436,2,LR,0,0
15437,2,LR,0,0
15445,2,LR,0,0
15451,2,LR,0,0
15452,2,LR,0,0
15459,2,LR,0,0
15461,2,LR,0,0
15467,2,LR,0,0
15479,2,LR,0,0
15484,2,LR,0,0
15485,2,LR,0,0
15488,2,LR,0,0
15489,2,LR,0,0
15491,2,LR,0,1
15494,2,LR,1,1
15497,2,LR,1,1
15502,2,LR,1,1
15505,2,LR,0,0
15510,2,LR,0,0
15525,2,LR,0,0
15529,2,LR,0,0
15547,2,LR,0,0
15548,2,LR,0,0
15550,2,LR,0,0
15552,2,LR,0,0
15553,2,LR,0,1
15555,2,LR,0,0
15560,2,LR,0,0
15561,2,LR,0,0
15565,2,LR,0,0
15571,2,LR,0,0
15573,2,LR,0,0
15582,2,LR,0,0
15583,2,LR,0,0
15593,2,LR,0,0
15604,2,LR,0,0
15607,2,LR,0,0
15617,2,LR,0,0
15621,2,LR,0,0
15630,2,LR,0,0
15642,2,LR,0,0
15653,2,LR,0,0
15655,2,LR,0,0
15664,2,LR,0,0
15665,2,LR,0,0
15666,2,LR,1,1
15668,2,LR,0,0
15669,2,LR,0,0
15671,2,LR,0,0
15678,2,LR,0,0
15682,2,LR,0,0
15686,2,LR,1,0
15688,2,LR,1,1
15689,2,LR,0,0
15692,2,LR,0,0
15694,2,LR,0,0
15697,2,LR,0,0
15702,2,LR,0,0
15708,2,LR,0,0
15711,2,LR,0,0
15719,2,LR,0,0
15724,2,LR,0,0
15731,2,LR,0,0
15732,2,LR,0,0
15733,2,LR,0,0
15735,2,LR,0,0
15737,2,LR,0,0
15738,2,LR,1,1
15748,2,LR,0,0
15753,2,LR,0,0
15761,2,LR,1,1
15764,2,LR,0,0
15767,2,LR,0,0
15771,2,LR,0,0
15773,2,LR,0,0
15776,2,LR,1,1
15777,2,LR,0,0
15778,2,LR,0,0
15779,2,LR,0,0
15783,2,LR,0,0
15789,2,LR,0,0
15796,2,LR,0,0
15801,2,LR,0,0
15802,2,LR,0,0
15817,2,LR,0,0
15826,2,LR,0,0
15828,2,LR,0,0
15829,2,LR,0,0
15830,2,LR,0,0
15842,2,LR,0,0
15852,2,LR,0,0
15853,2,LR,0,0
15855,2,LR,0,0
15859,2,LR,0,0
15866,2,LR,0,0
15867,2,LR,1,0
15877,2,LR,0,0
15878,2,LR,0,0
15895,2,LR,1,1
15896,2,LR,0,0
15923,2,LR,0,0
15926,2,LR,0,0
15928,2,LR,0,0
15937,2,LR,0,0
15939,2,LR,0,0
15940,2,LR,0,0
15941,2,LR,0,0
15942,2,LR,0,0
15944,2,LR,0,0
15961,2,LR,0,0
15974,2,LR,0,0
15978,2,LR,1,1
15984,2,LR,0,0
15986,2,LR,0,0
15987,2,LR,0,1
15988,2,LR,0,0
15989,2,LR,0,0
15990,2,LR,0,0
16011,2,LR,0,0
16012,2,LR,0,0
16014,2,LR,0,0
16028,2,LR,0,0
16033,2,LR,0,0
16039,2,LR,0,0
16041,2,LR,0,0
16053,2,LR,0,0
16059,2,LR,0,0
16066,2,LR,0,0
16067,2,LR,0,0
16074,2,LR,1,0
16076,2,LR,1,1
16085,2,LR,0,0
16094,2,LR,0,0
16095,2,LR,0,0
16105,2,LR,0,0
16108,2,LR,0,0
16109,2,LR,0,0
16114,2,LR,0,0
16117,2,LR,0,0
16123,2,LR,0,0
16126,2,LR,0,0
16127,2,LR,0,0
16129,2,LR,0,0
16131,2,LR,0,0
16136,2,LR,0,0
16137,2,LR,0,0
16143,2,LR,0,0
16144,2,LR,0,0
16153,2,LR,0,0
16158,2,LR,0,0
16162,2,LR,0,0
16186,2,LR,0,0
16188,2,LR,0,1
16195,2,LR,0,0
16203,2,LR,1,1
16209,2,LR,0,1
16210,2,LR,0,0
16224,2,LR,0,0
16243,2,LR,0,0
16247,2,LR,0,0
16249,2,LR,0,0
16258,2,LR,0,0
16261,2,LR,0,0
16262,2,LR,0,0
16264,2,LR,0,1
16279,2,LR,0,0
16289,2,LR,1,1
16291,2,LR,0,0
16292,2,LR,0,0
16293,2,LR,0,0
16300,2,LR,0,0
16311,2,LR,0,0
16314,2,LR,0,0
16317,2,LR,0,0
16319,2,LR,0,0
16320,2,LR,0,0
16322,2,LR,0,0
16329,2,LR,0,0
16332,2,LR,0,0
16334,2,LR,0,0
16341,2,LR,0,0
16352,2,LR,0,0
16356,2,LR,0,0
16358,2,LR,0,0
16359,2,LR,0,0
16360,2,LR,0,0
16368,2,LR,0,0
16375,2,LR,0,0
16382,2,LR,0,0
16383,2,LR,0,0
16385,2,LR,0,0
16394,2,LR,0,0
16395,2,LR,0,0
16396,2,LR,0,0
16399,2,LR,0,0
16401,2,LR,0,0
16413,2,LR,1,1
16415,2,LR,0,0
16419,2,LR,0,0
16422,2,LR,0,0
16425,2,LR,0,0
16439,2,LR,0,0
16448,2,LR,0,0
16455,2,LR,0,0
16463,2,LR,0,0
16465,2,LR,0,0
16474,2,LR,0,0
16498,2,LR,0,0
16506,2,LR,0,1
16510,2,LR,0,0
16527,2,LR,0,0
16538,2,LR,1,1
16539,2,LR,0,0
16545,2,LR,1,1
16554,2,LR,0,0
16557,2,LR,0,0
16563,2,LR,0,0
16564,2,LR,0,1
16568,2,LR,0,0
16570,2,LR,0,0
16578,2,LR,0,0
16579,2,LR,0,0
16583,2,LR,1,1
16584,2,LR,0,0
16588,2,LR,0,0
16590,2,LR,0,0
16593,2,LR,0,0
16595,2,LR,0,0
16604,2,LR,0,0
16608,2,LR,0,0
16614,2,LR,0,0
16615,2,LR,1,1
16616,2,LR,0,0
16619,2,LR,0,0
16621,2,LR,0,0
16623,2,LR,1,0
16625,2,LR,0,0
16630,2,LR,0,0
16631,2,LR,0,0
16632,2,LR,0,0
16635,2,LR,0,0
16643,2,LR,0,0
16646,2,LR,0,0
16647,2,LR,1,1
16648,2,LR,1,1
16656,2,LR,0,0
16658,2,LR,0,0
16664,2,LR,1,1
16669,2,LR,0,0
16679,2,LR,0,0
16680,2,LR,0,0
16682,2,LR,0,0
16709,2,LR,0,0
16716,2,LR,0,0
16719,2,LR,0,0
16723,2,LR,1,0
16724,2,LR,0,0
16735,2,LR,0,0
16737,2,LR,0,0
16738,2,LR,0,0
16742,2,LR,0,0
16749,2,LR,0,0
16751,2,LR,0,0
16756,2,LR,0,0
16758,2,LR,1,1
16767,2,LR,0,0
16768,2,LR,0,0
16775,2,LR,0,0
16778,2,LR,0,0
16780,2,LR,0,0
16782,2,LR,0,0
16785,2,LR,0,0
16788,2,LR,0,0
16789,2,LR,0,0
16790,2,LR,0,0
16794,2,LR,0,0
16800,2,LR,0,0
16804,2,LR,0,0
16805,2,LR,0,0
16809,2,LR,0,0
16811,2,LR,0,0
16818,2,LR,0,0
16822,2,LR,0,0
16829,2,LR,0,0
16831,2,LR,0,0
16842,2,LR,0,0
16843,2,LR,0,0
16854,2,LR,0,0
16860,2,LR,1,1
16861,2,LR,0,0
16863,2,LR,0,0
16870,2,LR,0,0
16878,2,LR,0,0
16885,2,LR,0,0
16892,2,LR,0,0
16895,2,LR,0,0
16901,2,LR,0,0
16903,2,LR,1,0
16913,2,LR,0,0
16918,2,LR,0,0
16924,2,LR,0,0
16932,2,LR,0,0
16939,2,LR,0,0
16940,2,LR,0,0
16941,2,LR,0,0
16951,2,LR,0,0
16967,2,LR,1,1
16973,2,LR,0,0
16994,2,LR,0,0
16995,2,LR,1,1
16999,2,LR,0,1
17002,2,LR,0,1
17010,2,LR,0,0
17033,2,LR,0,0
17041,2,LR,0,0
17045,2,LR,0,0
17049,2,LR,0,0
17052,2,LR,0,0
17056,2,LR,0,0
17060,2,LR,1,1
17063,2,LR,0,0
17090,2,LR,1,1
17101,2,LR,0,0
17103,2,LR,0,0
17110,2,LR,0,0
17111,2,LR,0,0
17117,2,LR,0,0
17132,2,LR,0,0
17134,2,LR,0,0
17136,2,LR,0,0
17138,2,LR,0,0
17146,2,LR,0,0
17149,2,LR,0,0
17154,2,LR,0,0
17166,2,LR,0,0
17175,2,LR,0,0
17199,2,LR,0,0
17205,2,LR,0,0
17206,2,LR,0,0
17214,2,LR,0,0
17216,2,LR,0,0
17222,2,LR,0,0
17224,2,LR,0,0
17227,2,LR,0,0
17232,2,LR,0,0
17233,2,LR,0,0
17247,2,LR,0,0
17251,2,LR,0,0
17253,2,LR,0,0
17257,2,LR,0,0
17258,2,LR,0,0
17260,2,LR,1,1
17263,2,LR,0,0
17266,2,LR,0,0
17279,2,LR,0,0
17291,2,LR,0,0
17294,2,LR,0,0
17300,2,LR,0,0
17314,2,LR,1,1
17315,2,LR,0,1
17316,2,LR,0,0
17317,2,LR,1,1
17318,2,LR,0,0
17319,2,LR,0,0
17320,2,LR,0,0
17335,2,LR,0,1
17337,2,LR,0,0
17342,2,LR,0,0
17343,2,LR,0,0
17345,2,LR,1,1
17346,2,LR,0,0
17348,2,LR,1,0
17352,2,LR,0,0
17359,2,LR,0,0
17370,2,LR,0,0
17376,2,LR,0,0
17377,2,LR,1,1
17383,2,LR,0,0
17389,2,LR,0,0
17397,2,LR,0,0
17398,2,LR,0,0
17400,2,LR,0,0
17424,2,LR,1,1
17425,2,LR,0,0
17428,2,LR,0,0
17436,2,LR,0,0
17439,2,LR,1,1
17456,2,LR,1,0
17457,2,LR,0,0
17461,2,LR,0,0
17462,2,LR,0,0
17464,2,LR,0,0
17470,2,LR,0,0
17474,2,LR,1,1
17475,2,LR,0,0
17487,2,LR,0,0
17492,2,LR,0,0
17495,2,LR,0,0
17501,2,LR,0,0
17503,2,LR,0,0
17505,2,LR,0,0
17507,2,LR,0,0
17508,2,LR,0,0
17512,2,LR,1,1
17514,2,LR,0,0
17518,2,LR,1,1
17523,2,LR,0,0
17529,2,LR,0,1
17530,2,LR,0,0
17533,2,LR,0,0
17536,2,LR,0,0
17539,2,LR,0,0
17542,2,LR,0,0
17545,2,LR,0,0
17547,2,LR,0,0
17556,2,LR,1,1
17563,2,LR,0,0
17569,2,LR,0,0
17578,2,LR,0,0
17579,2,LR,0,0
17583,2,LR,0,0
17585,2,LR,0,0
17588,2,LR,1,1
17591,2,LR,0,0
17596,2,LR,0,1
17599,2,LR,0,0
17603,2,LR,0,0
17604,2,LR,0,0
17606,2,LR,0,1
17609,2,LR,1,1
17612,2,LR,1,0
17614,2,LR,0,0
17619,2,LR,0,0
17625,2,LR,0,0
17627,2,LR,0,1
17646,2,LR,0,0
17656,2,LR,0,0
17660,2,LR,0,0
17662,2,LR,0,0
17663,2,LR,1,0
17669,2,LR,0,0
17671,2,LR,0,0
17672,2,LR,0,1
17673,2,LR,1,1
17676,2,LR,0,0
17678,2,LR,0,0
17679,2,LR,0,0
17697,2,LR,0,0
17703,2,LR,0,0
17706,2,LR,0,0
17707,2,LR,0,0
17712,2,LR,0,0
17719,2,LR,0,0
17720,2,LR,1,1
17725,2,LR,1,1
17733,2,LR,0,0
17734,2,LR,0,0
17735,2,LR,0,0
17736,2,LR,1,0
17744,2,LR,0,0
17745,2,LR,0,0
17750,2,LR,0,0
17751,2,LR,0,0
17765,2,LR,0,0
17766,2,LR,0,0
17784,2,LR,0,0
17798,2,LR,0,0
17803,2,LR,0,0
17813,2,LR,0,0
17827,2,LR,0,0
17833,2,LR,0,0
17835,2,LR,0,0
17842,2,LR,0,0
17844,2,LR,0,0
17853,2,LR,0,0
17854,2,LR,0,0
17857,2,LR,1,0
17865,2,LR,1,0
17869,2,LR,0,0
17872,2,LR,0,0
17875,2,LR,1,0
17879,2,LR,0,0
17883,2,LR,1,1
17885,2,LR,1,1
17888,2,LR,0,0
17889,2,LR,1,1
17913,2,LR,1,1
17916,2,LR,0,0
17918,2,LR,1,1
17920,2,LR,0,0
17924,2,LR,0,0
17925,2,LR,0,0
17926,2,LR,0,0
17933,2,LR,0,0
17938,2,LR,0,0
17943,2,LR,0,0
17947,2,LR,0,0
17951,2,LR,0,0
17956,2,LR,0,0
17957,2,LR,0,0
17963,2,LR,0,0
17964,2,LR,1,1
17967,2,LR,1,1
17968,2,LR,0,0
17969,2,LR,0,0
17975,2,LR,0,0
17983,2,LR,0,0
17986,2,LR,0,0
17999,2,LR,0,0
18002,2,LR,1,1
18008,2,LR,0,0
18010,2,LR,1,1
18012,2,LR,1,1
18013,2,LR,0,0
18020,2,LR,0,0
18023,2,LR,0,0
18024,2,LR,0,0
18025,2,LR,0,0
18028,2,LR,0,0
18049,2,LR,0,0
18050,2,LR,0,0
18052,2,LR,0,0
18060,2,LR,0,0
18063,2,LR,0,0
18072,2,LR,0,0
18093,2,LR,0,0
18100,2,LR,0,0
18101,2,LR,0,0
18109,2,LR,0,0
18110,2,LR,0,0
18122,2,LR,1,1
18124,2,LR,0,0
18125,2,LR,1,1
18129,2,LR,0,0
18132,2,LR,0,0
18138,2,LR,0,0
18157,2,LR,0,0
18158,2,LR,0,0
18159,2,LR,1,1
18168,2,LR,1,1
18171,2,LR,0,0
18173,2,LR,0,0
18176,2,LR,0,1
18187,2,LR,0,0
18194,2,LR,0,0
18200,2,LR,0,0
18201,2,LR,0,0
18202,2,LR,0,0
18208,2,LR,0,0
18209,2,LR,0,0
18210,2,LR,1,1
18223,2,LR,0,0
18228,2,LR,0,0
18234,2,LR,0,0
18235,2,LR,0,0
18237,2,LR,1,1
18240,2,LR,0,0
18242,2,LR,0,0
18251,2,LR,0,0
18265,2,LR,0,1
18270,2,LR,0,0
18273,2,LR,0,0
18278,2,LR,0,0
18279,2,LR,0,0
18283,2,LR,0,0
18286,2,LR,1,1
18291,2,LR,0,0
18296,2,LR,0,0
18297,2,LR,0,0
18307,2,LR,0,0
18313,2,LR,0,0
18316,2,LR,0,0
18326,2,LR,0,0
18332,2,LR,0,0
18340,2,LR,0,0
18347,2,LR,0,0
18353,2,LR,0,0
18355,2,LR,0,0
18363,2,LR,1,1
18365,2,LR,0,0
18367,2,LR,0,0
18374,2,LR,1,0
18381,2,LR,0,0
18387,2,LR,0,0
18389,2,LR,0,0
18396,2,LR,0,0
18409,2,LR,0,0
18416,2,LR,0,0
18417,2,LR,1,1
18418,2,LR,0,0
18430,2,LR,0,0
18431,2,LR,1,1
18435,2,LR,0,1
18437,2,LR,1,1
18441,2,LR,0,0
18449,2,LR,0,0
18463,2,LR,0,0
18466,2,LR,0,0
18490,2,LR,0,0
18491,2,LR,0,0
18499,2,LR,0,0
18503,2,LR,0,0
18516,2,LR,0,0
18524,2,LR,0,0
18529,2,LR,0,0
18534,2,LR,0,0
18553,2,LR,0,0
18560,2,LR,0,0
18564,2,LR,0,0
18565,2,LR,0,0
18568,2,LR,1,1
18577,2,LR,0,0
18579,2,LR,0,0
18583,2,LR,0,0
18586,2,LR,0,0
18587,2,LR,0,0
18604,2,LR,1,1
18608,2,LR,0,0
18610,2,LR,0,0
18612,2,LR,1,1
18613,2,LR,0,0
18618,2,LR,1,1
18621,2,LR,0,0
18623,2,LR,0,0
18629,2,LR,0,0
18630,2,LR,0,0
18633,2,LR,0,1
18634,2,LR,0,0
18637,2,LR,0,0
18639,2,LR,0,0
18651,2,LR,0,0
18656,2,LR,0,0
18665,2,LR,0,0
18668,2,LR,0,0
18669,2,LR,0,0
18676,2,LR,0,0
18677,2,LR,0,0
18685,2,LR,0,0
18694,2,LR,0,0
18719,2,LR,0,0
18721,2,LR,0,0
18724,2,LR,0,0
18727,2,LR,0,0
18730,2,LR,0,0
18732,2,LR,0,0
18751,2,LR,0,1
18761,2,LR,0,0
18766,2,LR,0,0
18768,2,LR,0,0
18770,2,LR,0,0
18779,2,LR,0,0
18781,2,LR,0,1
18794,2,LR,0,0
18795,2,LR,1,1
18799,2,LR,0,0
18804,2,LR,0,0
18811,2,LR,0,0
18813,2,LR,1,1
18820,2,LR,0,0
18821,2,LR,0,0
18823,2,LR,0,0
18832,2,LR,0,0
18838,2,LR,0,0
18859,2,LR,0,0
18861,2,LR,0,0
18872,2,LR,0,0
18881,2,LR,0,0
18896,2,LR,0,0
18901,2,LR,1,1
18906,2,LR,0,0
18910,2,LR,0,0
18922,2,LR,0,0
18931,2,LR,0,0
18933,2,LR,0,0
18940,2,LR,0,0
18943,2,LR,0,0
18947,2,LR,0,0
18952,2,LR,0,1
18955,2,LR,1,0
18957,2,LR,1,0
18961,2,LR,1,1
18969,2,LR,0,0
18971,2,LR,0,0
18972,2,LR,0,0
18983,2,LR,0,0
18993,2,LR,0,0
19003,2,LR,0,0
19007,2,LR,0,0
19010,2,LR,0,0
19012,2,LR,0,0
19019,2,LR,0,0
19028,2,LR,0,0
19035,2,LR,0,0
19042,2,LR,0,0
19059,2,LR,0,0
19062,2,LR,1,1
19063,2,LR,0,0
19072,2,LR,0,0
19073,2,LR,0,0
19088,2,LR,0,0
19104,2,LR,1,1
19105,2,LR,0,0
19111,2,LR,0,0
19113,2,LR,0,0
19114,2,LR,0,0
19116,2,LR,0,0
19118,2,LR,1,1
19130,2,LR,0,0
19132,2,LR,0,0
19133,2,LR,0,0
19136,2,LR,0,0
19137,2,LR,0,0
19140,2,LR,0,0
19146,2,LR,0,0
19149,2,LR,0,0
19150,2,LR,0,0
19161,2,LR,0,0
19162,2,LR,0,0
19166,2,LR,0,0
19167,2,LR,0,0
19181,2,LR,0,0
19185,2,LR,1,1
19190,2,LR,0,0
19191,2,LR,1,1
19194,2,LR,0,0
19213,2,LR,0,0
19217,2,LR,0,0
19221,2,LR,1,1
19222,2,LR,0,0
19228,2,LR,0,0
19233,2,LR,0,0
19234,2,LR,1,0
19236,2,LR,0,0
19237,2,LR,1,1
19246,2,LR,0,0
19247,2,LR,0,0
19252,2,LR,0,0
19253,2,LR,0,0
19260,2,LR,0,0
19261,2,LR,0,0
19262,2,LR,0,0
19265,2,LR,0,0
19276,2,LR,0,0
19279,2,LR,0,0
19281,2,LR,0,0
19282,2,LR,0,0
19297,2,LR,0,0
19308,2,LR,0,0
19309,2,LR,1,0
19315,2,LR,0,0
19317,2,LR,0,0
19318,2,LR,0,0
19322,2,LR,1,1
19324,2,LR,0,0
19333,2,LR,0,0
19343,2,LR,0,0
19346,2,LR,0,0
19352,2,LR,0,0
19353,2,LR,0,0
19355,2,LR,0,0
19364,2,LR,0,0
19371,2,LR,0,0
19377,2,LR,0,0
19379,2,LR,0,0
19380,2,LR,1,1
19381,2,LR,0,0
19382,2,LR,0,0
19386,2,LR,0,0
19387,2,LR,1,1
19391,2,LR,0,1
19396,2,LR,0,0
19400,2,LR,0,0
19401,2,LR,1,0
19402,2,LR,0,0
19403,2,LR,0,0
19406,2,LR,0,0
19407,2,LR,0,0
19421,2,LR,0,0
19426,2,LR,0,0
19432,2,LR,0,0
19433,2,LR,0,0
19436,2,LR,0,1
19442,2,LR,0,0
19449,2,LR,0,0
19450,2,LR,0,0
19453,2,LR,0,0
19456,2,LR,0,0
19457,2,LR,0,0
19458,2,LR,0,0
19459,2,LR,0,0
19462,2,LR,0,0
19465,2,LR,0,0
19467,2,LR,0,0
19468,2,LR,0,0
19471,2,LR,1,1
19472,2,LR,0,0
19475,2,LR,0,0
19476,2,LR,0,0
19479,2,LR,0,0
19481,2,LR,0,0
19484,2,LR,1,0
19488,2,LR,0,0
19492,2,LR,0,0
19503,2,LR,0,0
19504,2,LR,0,0
19507,2,LR,0,0
19510,2,LR,0,0
19513,2,LR,0,0
19515,2,LR,0,0
19528,2,LR,0,0
19529,2,LR,0,0
19530,2,LR,0,0
19536,2,LR,0,0
19539,2,LR,0,0
19541,2,LR,0,0
19546,2,LR,0,0
19549,2,LR,0,1
19550,2,LR,0,0
19551,2,LR,0,0
19554,2,LR,0,0
19570,2,LR,0,0
19571,2,LR,0,0
19576,2,LR,0,0
19584,2,LR,0,0
19591,2,LR,0,0
19595,2,LR,0,0
19597,2,LR,0,0
19600,2,LR,0,0
19602,2,LR,0,0
19607,2,LR,0,0
19609,2,LR,1,1
19614,2,LR,0,0
19622,2,LR,0,0
19624,2,LR,0,0
19625,2,LR,0,0
19626,2,LR,0,1
19628,2,LR,0,0
19630,2,LR,0,0
19637,2,LR,0,0
19639,2,LR,0,0
19643,2,LR,0,0
19644,2,LR,0,0
19658,2,LR,1,1
19662,2,LR,0,0
19667,2,LR,0,0
19668,2,LR,0,0
19672,2,LR,0,0
19679,2,LR,1,1
19680,2,LR,0,0
19692,2,LR,0,0
19694,2,LR,0,0
19696,2,LR,0,0
19698,2,LR,0,0
19700,2,LR,0,0
19701,2,LR,0,0
19705,2,LR,0,0
19708,2,LR,0,0
19709,2,LR,0,0
19721,2,LR,0,0
19722,2,LR,0,0
19731,2,LR,1,1
19746,2,LR,0,0
19752,2,LR,1,1
19755,2,LR,0,0
19758,2,LR,0,0
19764,2,LR,0,0
19765,2,LR,0,0
19768,2,LR,0,0
19771,2,LR,0,0
19782,2,LR,0,0
19790,2,LR,0,0
19792,2,LR,0,0
19796,2,LR,0,0
19800,2,LR,0,0
19803,2,LR,0,0
19817,2,LR,0,0
19822,2,LR,0,0
19825,2,LR,0,0
19829,2,LR,0,0
19848,2,LR,0,0
19852,2,LR,0,0
19854,2,LR,0,0
19857,2,LR,0,0
19863,2,LR,0,0
19867,2,LR,0,0
19869,2,LR,0,0
19873,2,LR,0,0
19874,2,LR,0,0
19878,2,LR,1,1
19886,2,LR,0,0
19891,2,LR,0,0
19894,2,LR,0,0
19895,2,LR,0,0
19904,2,LR,0,0
19915,2,LR,0,0
19919,2,LR,0,0
19922,2,LR,0,0
19931,2,LR,0,0
19947,2,LR,0,0
19951,2,LR,0,0
19952,2,LR,0,0
19955,2,LR,1,1
19956,2,LR,0,0
19960,2,LR,0,0
19964,2,LR,0,0
19971,2,LR,0,0
19972,2,LR,0,0
19976,2,LR,0,0
19983,2,LR,1,1
19986,2,LR,0,0
19998,2,LR,0,0
20007,2,LR,0,0
20011,2,LR,1,0
20015,2,LR,0,0
20021,2,LR,1,1
20026,2,LR,0,0
20027,2,LR,0,0
20028,2,LR,0,0
20032,2,LR,0,0
20034,2,LR,0,0
20043,2,LR,0,0
20046,2,LR,0,0
20050,2,LR,1,1
20056,2,LR,0,0
20059,2,LR,0,0
20060,2,LR,0,0
20068,2,LR,0,0
20086,2,LR,0,0
20087,2,LR,0,0
20095,2,LR,0,0
20096,2,LR,0,1
20097,2,LR,0,0
20098,2,LR,0,0
20106,2,LR,0,0
20108,2,LR,0,0
20111,2,LR,0,0
1,3,RF,0,1
6,3,RF,0,0
7,3,RF,0,0
10,3,RF,1,1
27,3,RF,1,1
29,3,RF,0,0
30,3,RF,0,0
33,3,RF,0,0
36,3,RF,0,1
39,3,RF,0,0
49,3,RF,0,0
50,3,RF,0,0
51,3,RF,0,0
56,3,RF,0,1
66,3,RF,1,1
74,3,RF,0,0
78,3,RF,0,0
79,3,RF,0,0
80,3,RF,0,0
85,3,RF,0,0
90,3,RF,0,0
97,3,RF,0,0
98,3,RF,0,0
103,3,RF,0,0
110,3,RF,0,0
111,3,RF,0,0
115,3,RF,0,0
117,3,RF,1,1
123,3,RF,1,0
125,3,RF,0,0
127,3,RF,1,1
129,3,RF,0,0
131,3,RF,0,0
136,3,RF,0,0
137,3,RF,0,0
149,3,RF,0,0
152,3,RF,1,1
154,3,RF,0,0
168,3,RF,1,1
172,3,RF,0,0
181,3,RF,1,1
186,3,RF,0,0
193,3,RF,0,0
199,3,RF,0,1
202,3,RF,0,0
205,3,RF,0,0
210,3,RF,0,0
212,3,RF,0,0
215,3,RF,1,1
217,3,RF,0,0
224,3,RF,0,0
235,3,RF,0,0
237,3,RF,0,0
247,3,RF,0,0
250,3,RF,0,0
256,3,RF,0,0
259,3,RF,0,0
264,3,RF,0,0
266,3,RF,0,0
270,3,RF,0,0
271,3,RF,0,0
275,3,RF,0,0
278,3,RF,0,0
280,3,RF,0,0
288,3,RF,0,0
292,3,RF,0,0
293,3,RF,1,1
297,3,RF,0,0
300,3,RF,0,0
306,3,RF,0,0
307,3,RF,0,0
310,3,RF,1,0
314,3,RF,0,0
321,3,RF,0,0
322,3,RF,0,0
326,3,RF,0,0
339,3,RF,0,0
340,3,RF,0,0
352,3,RF,0,0
354,3,RF,0,0
355,3,RF,0,0
356,3,RF,0,0
362,3,RF,0,0
364,3,RF,1,0
367,3,RF,0,0
371,3,RF,1,0
402,3,RF,0,0
405,3,RF,0,0
407,3,RF,0,0
411,3,RF,0,0
412,3,RF,0,0
413,3,RF,0,0
419,3,RF,0,0
429,3,RF,0,0
432,3,RF,0,0
436,3,RF,0,0
441,3,RF,0,0
442,3,RF,0,1
447,3,RF,1,1
450,3,RF,0,0
463,3,RF,0,0
466,3,RF,0,0
467,3,RF,0,0
479,3,RF,0,0
487,3,RF,0,0
494,3,RF,0,0
499,3,RF,0,0
502,3,RF,0,0
503,3,RF,0,0
507,3,RF,0,0
513,3,RF,0,0
515,3,RF,0,0
524,3,RF,0,0
533,3,RF,1,1
541,3,RF,0,0
542,3,RF,0,0
543,3,RF,0,0
546,3,RF,0,0
555,3,RF,0,0
564,3,RF,1,1
569,3,RF,0,0
572,3,RF,0,0
575,3,RF,0,0
580,3,RF,0,0
595,3,RF,0,0
596,3,RF,0,0
614,3,RF,1,1
619,3,RF,1,1
625,3,RF,0,0
626,3,RF,0,0
633,3,RF,1,1
637,3,RF,0,0
643,3,RF,0,0
646,3,RF,0,0
653,3,RF,0,0
654,3,RF,0,0
661,3,RF,0,0
673,3,RF,0,0
678,3,RF,1,1
679,3,RF,0,0
681,3,RF,0,0
683,3,RF,0,0
692,3,RF,0,0
696,3,RF,0,0
700,3,RF,0,0
702,3,RF,0,0
715,3,RF,0,0
722,3,RF,1,0
727,3,RF,0,0
736,3,RF,0,0
747,3,RF,0,0
754,3,RF,0,0
756,3,RF,0,0
763,3,RF,0,0
765,3,RF,0,0
768,3,RF,0,0
794,3,RF,1,1
796,3,RF,0,0
804,3,RF,0,0
809,3,RF,0,0
811,3,RF,0,0
812,3,RF,0,0
821,3,RF,1,0
822,3,RF,1,1
825,3,RF,0,0
831,3,RF,0,0
832,3,RF,0,0
837,3,RF,0,0
840,3,RF,0,0
849,3,RF,0,0
851,3,RF,0,0
852,3,RF,0,0
856,3,RF,0,0
866,3,RF,0,0
868,3,RF,0,0
876,3,RF,0,0
877,3,RF,0,0
885,3,RF,0,0
891,3,RF,0,0
895,3,RF,0,0
902,3,RF,1,1
903,3,RF,0,0
908,3,RF,0,0
909,3,RF,0,0
923,3,RF,0,0
925,3,RF,0,1
929,3,RF,0,0
931,3,RF,0,0
938,3,RF,0,0
941,3,RF,0,0
947,3,RF,0,0
952,3,RF,0,0
954,3,RF,0,0
964,3,RF,0,0
970,3,RF,0,0
977,3,RF,0,0
982,3,RF,0,0
985,3,RF,0,0
1004,3,RF,0,0
1006,3,RF,0,0
1007,3,RF,0,0
1015,3,RF,0,0
1017,3,RF,0,0
1019,3,RF,0,0
1024,3,RF,1,1
1025,3,RF,0,0
1026,3,RF,0,0
1029,3,RF,0,0
1031,3,RF,0,0
1038,3,RF,0,0
1047,3,RF,0,0
1050,3,RF,0,0
1051,3,RF,0,0
1054,3,RF,0,0
1062,3,RF,0,0
1070,3,RF,0,0
1075,3,RF,1,1
1077,3,RF,1,1
1078,3,RF,0,0
1089,3,RF,0,0
1093,3,RF,1,1
1100,3,RF,0,0
1111,3,RF,0,0
1124,3,RF,0,0
1128,3,RF,0,0
1129,3,RF,1,1
1147,3,RF,0,0
1151,3,RF,1,1
1152,3,RF,0,0
1154,3,RF,0,0
1161,3,RF,0,0
1162,3,RF,1,0
1164,3,RF,0,0
1168,3,RF,0,0
1176,3,RF,0,0
1177,3,RF,0,0
1179,3,RF,0,0
1184,3,RF,0,0
1185,3,RF,0,0
1187,3,RF,0,0
1188,3,RF,0,0
1190,3,RF,0,0
1204,3,RF,0,0
1207,3,RF,0,0
1224,3,RF,0,0
1226,3,RF,0,0
1230,3,RF,0,0
1237,3,RF,0,0
1240,3,RF,0,0
1243,3,RF,0,0
1251,3,RF,0,0
1252,3,RF,0,0
1255,3,RF,0,0
1256,3,RF,0,0
1258,3,RF,0,0
1264,3,RF,0,0
1265,3,RF,0,0
1270,3,RF,0,0
1271,3,RF,0,0
1275,3,RF,0,0
1287,3,RF,0,0
1291,3,RF,0,0
1308,3,RF,0,0
1312,3,RF,0,0
1316,3,RF,0,0
1322,3,RF,0,0
1338,3,RF,0,0
1340,3,RF,0,0
1351,3,RF,0,0
1353,3,RF,0,0
1360,3,RF,0,0
1363,3,RF,0,0
1365,3,RF,0,0
1366,3,RF,0,0
1380,3,RF,0,0
1382,3,RF,0,0
1388,3,RF,1,1
1394,3,RF,0,0
1396,3,RF,0,0
1400,3,RF,0,0
1402,3,RF,0,0
1407,3,RF,0,0
1411,3,RF,0,0
1415,3,RF,0,0
1416,3,RF,0,0
1420,3,RF,0,0
1442,3,RF,0,0
1443,3,RF,0,0
1445,3,RF,0,0
1448,3,RF,0,0
1451,3,RF,0,0
1453,3,RF,0,0
1455,3,RF,1,0
1464,3,RF,0,0
1468,3,RF,0,0
1469,3,RF,0,0
1471,3,RF,0,0
1474,3,RF,0,0
1477,3,RF,1,1
1483,3,RF,0,1
1484,3,RF,0,0
1500,3,RF,0,0
1502,3,RF,1,1
1503,3,RF,0,0
1507,3,RF,0,0
1508,3,RF,0,0
1509,3,RF,0,0
1513,3,RF,0,1
1518,3,RF,0,0
1529,3,RF,1,1
1532,3,RF,0,0
1540,3,RF,0,0
1544,3,RF,0,0
1547,3,RF,0,0
1551,3,RF,1,0
1558,3,RF,0,0
1574,3,RF,0,0
1579,3,RF,1,1
1582,3,RF,0,0
1594,3,RF,0,0
1595,3,RF,0,0
1601,3,RF,0,0
1617,3,RF,0,0
1618,3,RF,0,0
1623,3,RF,0,0
1624,3,RF,0,0
1625,3,RF,0,0
1627,3,RF,0,0
1633,3,RF,0,0
1639,3,RF,0,0
1640,3,RF,0,0
1645,3,RF,1,1
1648,3,RF,0,0
1650,3,RF,1,1
1666,3,RF,0,0
1676,3,RF,0,0
1683,3,RF,0,0
1696,3,RF,0,0
1697,3,RF,0,0
1704,3,RF,0,0
1706,3,RF,0,0
1711,3,RF,0,0
1714,3,RF,0,0
1723,3,RF,0,0
1732,3,RF,0,0
1739,3,RF,0,0
1745,3,RF,1,1
1748,3,RF,0,0
1750,3,RF,0,0
1753,3,RF,0,0
1754,3,RF,1,0
1758,3,RF,0,0
1765,3,RF,0,0
1767,3,RF,0,0
1773,3,RF,0,0
1779,3,RF,0,0
1786,3,RF,0,0
1788,3,RF,0,0
1796,3,RF,0,0
1799,3,RF,0,0
1802,3,RF,0,0
1807,3,RF,0,0
1813,3,RF,0,0
1826,3,RF,0,0
1827,3,RF,1,1
1831,3,RF,0,0
1834,3,RF,0,0
1835,3,RF,1,1
1839,3,RF,0,0
1844,3,RF,1,0
1846,3,RF,0,0
1851,3,RF,0,0
1860,3,RF,0,0
1865,3,RF,0,0
1880,3,RF,0,0
1888,3,RF,0,0
1896,3,RF,0,0
1908,3,RF,0,0
1911,3,RF,0,0
1917,3,RF,0,0
1928,3,RF,0,0
1942,3,RF,0,0
1948,3,RF,0,0
1950,3,RF,0,0
1951,3,RF,0,0
1955,3,RF,0,0
1959,3,RF,0,0
1963,3,RF,0,0
1964,3,RF,0,0
1970,3,RF,0,0
1971,3,RF,0,0
1976,3,RF,1,0
1984,3,RF,0,0
1987,3,RF,0,0
1988,3,RF,0,0
1989,3,RF,0,0
1990,3,RF,0,0
2005,3,RF,1,1
2010,3,RF,0,0
2016,3,RF,0,0
2020,3,RF,1,0
2025,3,RF,0,0
2031,3,RF,0,0
2033,3,RF,0,0
2041,3,RF,0,0
2049,3,RF,0,0
2055,3,RF,0,0
2062,3,RF,0,0
2066,3,RF,0,0
2074,3,RF,0,0
2076,3,RF,0,0
2085,3,RF,0,0
2089,3,RF,0,0
2099,3,RF,0,0
2105,3,RF,0,0
2107,3,RF,0,0
2120,3,RF,0,0
2133,3,RF,0,0
2135,3,RF,0,0
2136,3,RF,1,1
2137,3,RF,0,0
2138,3,RF,1,1
2154,3,RF,0,0
2156,3,RF,0,0
2157,3,RF,0,0
2159,3,RF,0,0
2165,3,RF,0,0
2173,3,RF,0,0
2174,3,RF,0,0
2175,3,RF,0,0
2178,3,RF,0,0
2182,3,RF,1,0
2184,3,RF,0,0
2186,3,RF,0,0
2187,3,RF,0,0
2195,3,RF,0,0
2196,3,RF,0,0
2208,3,RF,1,1
2210,3,RF,0,1
2212,3,RF,0,0
2218,3,RF,0,0
2222,3,RF,0,0
2223,3,RF,0,0
2240,3,RF,0,0
2242,3,RF,1,0
2243,3,RF,0,0
2244,3,RF,0,0
2245,3,RF,0,0
2248,3,RF,0,0
2261,3,RF,1,0
2266,3,RF,0,0
2274,3,RF,0,0
2278,3,RF,0,0
2290,3,RF,0,0
2299,3,RF,0,0
2309,3,RF,0,0
2315,3,RF,0,0
2320,3,RF,0,0
2326,3,RF,0,0
2338,3,RF,1,1
2340,3,RF,0,0
2342,3,RF,0,0
2344,3,RF,0,0
2347,3,RF,1,1
2348,3,RF,0,0
2349,3,RF,0,0
2353,3,RF,0,0
2358,3,RF,0,0
2363,3,RF,0,0
2364,3,RF,0,1
2371,3,RF,0,0
2379,3,RF,0,0
2381,3,RF,0,0
2396,3,RF,0,0
2399,3,RF,0,0
2403,3,RF,0,0
2410,3,RF,0,0
2412,3,RF,1,1
2420,3,RF,0,0
2421,3,RF,0,0
2423,3,RF,0,0
2425,3,RF,0,0
2427,3,RF,0,0
2428,3,RF,0,0
2434,3,RF,0,0
2436,3,RF,0,0
2439,3,RF,0,0
2453,3,RF,0,0
2454,3,RF,0,0
2455,3,RF,0,0
2458,3,RF,0,0
2459,3,RF,1,1
2461,3,RF,0,0
2466,3,RF,0,0
2471,3,RF,0,0
2480,3,RF,0,1
2488,3,RF,0,0
2490,3,RF,0,1
2493,3,RF,0,0
2499,3,RF,0,0
2513,3,RF,0,0
2516,3,RF,0,0
2524,3,RF,0,0
2526,3,RF,0,0
2528,3,RF,0,0
2529,3,RF,0,0
2533,3,RF,1,1
2534,3,RF,0,0
2545,3,RF,0,0
2546,3,RF,0,0
2548,3,RF,0,1
2551,3,RF,0,0
2556,3,RF,0,0
2558,3,RF,0,0
2559,3,RF,0,0
2563,3,RF,0,0
2568,3,RF,1,1
2570,3,RF,0,0
2571,3,RF,1,1
2585,3,RF,0,0
2591,3,RF,0,0
2595,3,RF,0,0
2599,3,RF,0,0
2603,3,RF,0,0
2604,3,RF,0,0
2613,3,RF,0,0
2614,3,RF,0,0
2615,3,RF,0,0
2617,3,RF,0,0
2620,3,RF,0,0
2625,3,RF,0,0
2626,3,RF,0,0
2632,3,RF,0,0
2634,3,RF,1,1
2636,3,RF,0,0
2640,3,RF,0,0
2643,3,RF,0,0
2648,3,RF,0,0
2652,3,RF,0,0
2655,3,RF,1,1
2657,3,RF,0,0
2664,3,RF,0,0
2667,3,RF,0,0
2670,3,RF,0,0
2671,3,RF,0,0
2674,3,RF,0,0
2675,3,RF,0,0
2682,3,RF,0,1
2685,3,RF,0,0
2692,3,RF,0,0
2693,3,RF,1,1
2694,3,RF,0,0
2696,3,RF,0,0
2700,3,RF,0,0
2701,3,RF,0,0
2704,3,RF,0,0
2708,3,RF,0,0
2735,3,RF,0,0
2740,3,RF,1,1
2743,3,RF,0,1
2744,3,RF,0,0
2760,3,RF,0,0
2765,3,RF,0,0
2769,3,RF,0,0
2772,3,RF,0,0
2781,3,RF,0,0
2788,3,RF,0,0
2802,3,RF,0,0
2803,3,RF,0,0
2806,3,RF,1,1
2807,3,RF,0,0
2808,3,RF,0,0
2813,3,RF,0,0
2816,3,RF,0,0
2819,3,RF,0,0
2820,3,RF,0,0
2828,3,RF,0,0
2829,3,RF,0,0
2836,3,RF,0,0
2842,3,RF,0,0
2847,3,RF,0,0
2854,3,RF,0,0
2859,3,RF,0,0
2860,3,RF,0,0
2863,3,RF,0,0
2864,3,RF,0,0
2866,3,RF,1,1
2868,3,RF,0,0
2870,3,RF,0,0
2871,3,RF,0,0
2875,3,RF,0,0
2879,3,RF,0,0
2880,3,RF,0,0
2886,3,RF,0,0
2893,3,RF,0,0
2898,3,RF,0,0
2909,3,RF,0,0
2914,3,RF,0,0
2918,3,RF,0,0
2934,3,RF,0,0
2935,3,RF,0,0
2939,3,RF,0,0
2943,3,RF,0,0
2948,3,RF,0,0
2965,3,RF,1,1
2967,3,RF,0,0
2974,3,RF,0,1
2976,3,RF,0,0
2980,3,RF,0,0
2982,3,RF,0,0
2984,3,RF,0,0
2988,3,RF,0,0
2990,3,RF,0,0
2995,3,RF,0,0
2998,3,RF,0,0
3002,3,RF,0,0
3012,3,RF,0,0
3022,3,RF,0,0
3023,3,RF,0,0
3043,3,RF,0,0
3057,3,RF,0,0
3065,3,RF,1,1
3066,3,RF,0,0
3067,3,RF,0,0
3077,3,RF,0,0
3078,3,RF,1,0
3083,3,RF,0,0
3085,3,RF,0,0
3088,3,RF,1,1
3099,3,RF,1,1
3102,3,RF,0,0
3106,3,RF,1,1
3107,3,RF,0,0
3109,3,RF,0,0
3119,3,RF,0,0
3120,3,RF,0,0
3126,3,RF,0,0
3142,3,RF,0,0
3145,3,RF,0,0
3149,3,RF,0,0
3151,3,RF,1,1
3153,3,RF,0,0
3173,3,RF,0,0
3176,3,RF,0,0
3177,3,RF,0,0
3183,3,RF,0,0
3192,3,RF,0,0
3194,3,RF,0,0
3208,3,RF,0,0
3209,3,RF,0,0
3216,3,RF,1,1
3223,3,RF,0,0
3224,3,RF,0,1
3232,3,RF,0,0
3237,3,RF,0,0
3242,3,RF,0,0
3249,3,RF,0,0
3259,3,RF,0,0
3263,3,RF,0,0
3265,3,RF,0,0
3266,3,RF,0,0
3269,3,RF,0,0
3274,3,RF,0,0
3282,3,RF,0,0
3300,3,RF,0,0
3302,3,RF,0,0
3316,3,RF,0,0
3319,3,RF,0,0
3325,3,RF,0,0
3327,3,RF,0,0
3329,3,RF,0,0
3330,3,RF,0,0
3336,3,RF,0,0
3339,3,RF,0,0
3340,3,RF,0,0
3343,3,RF,0,0
3344,3,RF,0,0
3347,3,RF,1,1
3361,3,RF,0,0
3369,3,RF,0,0
3380,3,RF,0,0
3383,3,RF,0,0
3384,3,RF,0,1
3386,3,RF,0,0
3389,3,RF,0,0
3392,3,RF,0,0
3397,3,RF,1,1
3402,3,RF,0,0
3415,3,RF,0,0
3417,3,RF,0,0
3424,3,RF,0,0
3428,3,RF,1,1
3437,3,RF,0,0
3438,3,RF,0,0
3443,3,RF,0,0
3449,3,RF,1,1
3452,3,RF,0,0
3461,3,RF,0,1
3472,3,RF,0,0
3482,3,RF,0,0
3489,3,RF,1,1
3493,3,RF,1,1
3501,3,RF,0,0
3502,3,RF,0,0
3508,3,RF,0,0
3515,3,RF,0,0
3519,3,RF,0,0
3524,3,RF,0,0
3525,3,RF,1,1
3530,3,RF,0,0
3531,3,RF,0,0
3545,3,RF,0,0
3548,3,RF,0,1
3550,3,RF,0,0
3558,3,RF,1,1
3562,3,RF,0,0
3569,3,RF,1,1
3586,3,RF,1,1
3587,3,RF,0,0
3597,3,RF,0,0
3598,3,RF,0,0
3612,3,RF,0,0
3615,3,RF,0,0
3617,3,RF,0,0
3619,3,RF,0,0
3624,3,RF,0,0
3629,3,RF,0,0
3633,3,RF,0,0
3641,3,RF,0,0
3645,3,RF,0,0
3649,3,RF,0,0
3652,3,RF,0,0
3668,3,RF,0,0
3672,3,RF,0,0
3688,3,RF,0,0
3692,3,RF,0,0
3698,3,RF,0,0
3702,3,RF,0,0
3706,3,RF,0,0
3707,3,RF,0,0
3708,3,RF,0,0
3728,3,RF,0,0
3730,3,RF,0,0
3734,3,RF,0,0
3737,3,RF,0,0
3741,3,RF,0,0
3744,3,RF,0,0
3747,3,RF,0,0
3748,3,RF,0,0
3759,3,RF,0,0
3773,3,RF,0,1
3774,3,RF,0,0
3777,3,RF,0,0
3780,3,RF,0,0
3781,3,RF,0,0
3783,3,RF,0,0
3789,3,RF,0,1
3791,3,RF,0,0
3792,3,RF,0,0
3814,3,RF,0,0
3817,3,RF,0,0
3828,3,RF,0,0
3829,3,RF,0,0
3830,3,RF,0,1
3832,3,RF,0,0
3834,3,RF,0,0
3837,3,RF,1,1
3838,3,RF,0,0
3839,3,RF,0,0
3841,3,RF,0,0
3843,3,RF,0,0
3849,3,RF,0,0
3851,3,RF,0,0
3854,3,RF,0,0
3862,3,RF,0,0
3863,3,RF,0,0
3869,3,RF,0,0
3870,3,RF,0,0
3897,3,RF,0,0
3899,3,RF,0,0
3908,3,RF,0,0
3910,3,RF,0,0
3912,3,RF,0,0
3916,3,RF,0,0
3917,3,RF,1,1
3939,3,RF,0,0
3940,3,RF,0,0
3941,3,RF,0,0
3951,3,RF,0,0
3953,3,RF,0,0
3958,3,RF,1,0
3967,3,RF,0,0
3973,3,RF,0,1
3974,3,RF,0,0
3980,3,RF,0,0
3994,3,RF,0,0
3995,3,RF,0,0
3996,3,RF,0,0
3998,3,RF,0,0
4001,3,RF,0,0
4010,3,RF,0,0
4014,3,RF,0,0
4017,3,RF,0,0
4019,3,RF,0,0
4022,3,RF,0,0
4023,3,RF,0,0
4032,3,RF,0,0
4042,3,RF,1,1
4045,3,RF,0,0
4047,3,RF,0,0
4048,3,RF,1,1
4058,3,RF,0,0
4059,3,RF,0,0
4060,3,RF,0,0
4064,3,RF,0,0
4070,3,RF,0,0
4092,3,RF,0,0
4094,3,RF,0,0
4097,3,RF,1,1
4099,3,RF,0,0
4103,3,RF,0,0
4112,3,RF,0,0
4114,3,RF,0,0
4124,3,RF,0,0
4127,3,RF,0,0
4129,3,RF,1,1
4135,3,RF,0,0
4138,3,RF,0,0
4159,3,RF,1,1
4166,3,RF,0,0
4188,3,RF,0,0
4192,3,RF,0,0
4196,3,RF,0,0
4197,3,RF,0,0
4201,3,RF,0,0
4203,3,RF,0,0
4209,3,RF,0,0
4211,3,RF,0,0
4224,3,RF,0,0
4225,3,RF,0,0
4236,3,RF,1,1
4240,3,RF,0,0
4247,3,RF,0,0
4248,3,RF,0,0
4249,3,RF,0,0
4267,3,RF,0,0
4269,3,RF,0,0
4279,3,RF,0,0
4281,3,RF,0,0
4293,3,RF,0,0
4295,3,RF,0,0
4296,3,RF,0,0
4298,3,RF,0,0
4308,3,RF,0,0
4310,3,RF,1,0
4314,3,RF,0,0
4321,3,RF,0,0
4328,3,RF,0,0
4331,3,RF,0,0
4334,3,RF,0,0
4339,3,RF,0,0
4343,3,RF,0,0
4350,3,RF,1,0
4352,3,RF,0,0
4354,3,RF,0,0
4356,3,RF,1,1
4358,3,RF,0,0
4360,3,RF,0,0
4363,3,RF,0,0
4364,3,RF,0,0
4365,3,RF,0,0
4375,3,RF,0,0
4389,3,RF,1,1
4395,3,RF,0,0
4397,3,RF,0,1
4400,3,RF,0,0
4402,3,RF,1,0
4406,3,RF,0,0
4410,3,RF,0,0
4411,3,RF,0,1
4416,3,RF,0,0
4422,3,RF,0,0
4424,3,RF,0,0
4427,3,RF,0,0
4428,3,RF,0,0
4431,3,RF,0,0
4432,3,RF,1,1
4434,3,RF,0,0
4436,3,RF,1,1
4439,3,RF,0,0
4441,3,RF,0,0
4444,3,RF,0,0
4450,3,RF,0,0
4457,3,RF,0,0
4460,3,RF,0,0
4463,3,RF,0,0
4467,3,RF,0,0
4468,3,RF,0,0
4469,3,RF,0,0
4471,3,RF,0,0
4476,3,RF,0,0
4477,3,RF,0,0
4483,3,RF,0,0
4489,3,RF,0,0
4491,3,RF,0,0
4493,3,RF,0,0
4496,3,RF,1,1
4501,3,RF,0,0
4504,3,RF,1,1
4518,3,RF,0,0
4532,3,RF,0,0
4537,3,RF,1,1
4543,3,RF,1,0
4544,3,RF,0,0
4558,3,RF,0,0
4571,3,RF,0,1
4575,3,RF,1,1
4576,3,RF,0,0
4577,3,RF,0,0
4578,3,RF,0,0
4582,3,RF,0,0
4584,3,RF,0,0
4586,3,RF,0,0
4598,3,RF,0,0
4604,3,RF,0,0
4608,3,RF,0,0
4615,3,RF,0,0
4620,3,RF,0,0
4624,3,RF,0,0
4632,3,RF,0,0
4633,3,RF,0,0
4634,3,RF,0,0
4640,3,RF,0,0
4646,3,RF,0,0
4647,3,RF,0,0
4649,3,RF,0,0
4655,3,RF,0,0
4656,3,RF,0,0
4664,3,RF,0,0
4671,3,RF,0,0
4674,3,RF,0,0
4675,3,RF,0,0
4683,3,RF,0,0
4687,3,RF,0,0
4697,3,RF,0,0
4698,3,RF,0,0
4711,3,RF,0,0
4731,3,RF,0,0
4734,3,RF,0,0
4737,3,RF,0,0
4738,3,RF,0,0
4747,3,RF,0,0
4760,3,RF,0,0
4764,3,RF,0,0
4780,3,RF,1,1
4781,3,RF,0,0
4785,3,RF,0,0
4786,3,RF,1,1
4802,3,RF,0,0
4803,3,RF,0,0
4807,3,RF,0,0
4810,3,RF,1,1
4812,3,RF,0,0
4823,3,RF,0,0
4825,3,RF,0,0
4836,3,RF,0,0
4840,3,RF,0,0
4842,3,RF,0,0
4846,3,RF,0,0
4850,3,RF,0,0
4855,3,RF,0,0
4864,3,RF,0,0
4868,3,RF,0,0
4871,3,RF,0,0
4874,3,RF,0,0
4875,3,RF,1,0
4879,3,RF,0,0
4882,3,RF,0,0
4889,3,RF,0,0
4898,3,RF,0,0
4900,3,RF,1,1
4901,3,RF,0,0
4907,3,RF,0,0
4908,3,RF,0,0
4911,3,RF,0,0
4913,3,RF,0,0
4919,3,RF,0,0
4926,3,RF,0,0
4931,3,RF,0,0
4932,3,RF,1,1
4933,3,RF,1,1
4940,3,RF,0,0
4942,3,RF,0,0
4946,3,RF,0,0
4956,3,RF,0,0
4957,3,RF,0,0
4961,3,RF,0,0
4965,3,RF,0,0
4966,3,RF,1,0
4968,3,RF,0,0
4973,3,RF,0,0
4978,3,RF,0,0
4981,3,RF,0,0
4983,3,RF,1,1
5006,3,RF,0,0
5007,3,RF,1,0
5011,3,RF,1,1
5017,3,RF,0,0
5023,3,RF,0,0
5024,3,RF,0,0
5029,3,RF,0,0
5030,3,RF,0,0
5031,3,RF,0,0
5032,3,RF,0,0
5039,3,RF,0,0
5043,3,RF,0,0
5048,3,RF,0,0
5052,3,RF,0,0
5060,3,RF,0,0
5062,3,RF,1,1
5064,3,RF,0,1
5072,3,RF,0,0
5074,3,RF,0,0
5076,3,RF,0,0
5086,3,RF,0,0
5092,3,RF,0,0
5094,3,RF,1,1
5100,3,RF,0,0
5107,3,RF,0,0
5108,3,RF,1,1
5110,3,RF,0,0
5118,3,RF,1,1
5128,3,RF,0,0
5131,3,RF,0,0
5133,3,RF,0,0
5139,3,RF,0,0
5143,3,RF,0,0
5149,3,RF,0,0
5151,3,RF,0,0
5152,3,RF,0,0
5159,3,RF,0,1
5160,3,RF,0,0
5165,3,RF,0,0
5169,3,RF,0,0
5170,3,RF,0,0
5173,3,RF,0,0
5178,3,RF,0,0
5184,3,RF,0,0
5205,3,RF,0,0
5210,3,RF,0,0
5224,3,RF,0,0
5227,3,RF,0,1
5229,3,RF,0,0
5230,3,RF,1,0
5231,3,RF,0,0
5232,3,RF,0,0
5234,3,RF,0,0
5235,3,RF,0,0
5236,3,RF,0,0
5247,3,RF,0,0
5253,3,RF,0,0
5256,3,RF,1,0
5261,3,RF,0,0
5263,3,RF,0,0
5270,3,RF,0,0
5274,3,RF,0,0
5280,3,RF,0,0
5285,3,RF,1,1
5297,3,RF,0,0
5306,3,RF,0,0
5309,3,RF,1,1
5317,3,RF,0,0
5320,3,RF,0,0
5321,3,RF,0,0
5327,3,RF,0,0
5330,3,RF,0,0
5331,3,RF,1,1
5332,3,RF,0,0
5333,3,RF,0,0
5340,3,RF,0,0
5343,3,RF,0,0
5344,3,RF,0,0
5347,3,RF,0,0
5360,3,RF,0,0
5365,3,RF,0,0
5376,3,RF,0,0
5388,3,RF,1,1
5396,3,RF,0,0
5399,3,RF,0,0
5408,3,RF,0,0
5412,3,RF,0,0
5422,3,RF,0,0
5426,3,RF,0,0
5431,3,RF,0,0
5434,3,RF,0,0
5436,3,RF,1,1
5438,3,RF,0,0
5445,3,RF,0,0
5448,3,RF,0,0
5460,3,RF,0,0
5466,3,RF,0,0
5467,3,RF,0,0
5480,3,RF,0,0
5481,3,RF,0,0
5483,3,RF,0,0
5491,3,RF,0,0
5507,3,RF,0,0
5514,3,RF,0,0
5515,3,RF,0,0
5519,3,RF,0,0
5521,3,RF,0,0
5523,3,RF,0,0
5524,3,RF,0,0
5528,3,RF,0,0
5530,3,RF,1,1
5533,3,RF,0,0
5542,3,RF,0,0
5544,3,RF,0,0
5548,3,RF,0,0
5549,3,RF,0,1
5551,3,RF,0,0
5556,3,RF,0,0
5558,3,RF,0,0
5562,3,RF,0,0
5565,3,RF,1,1
5569,3,RF,0,0
5570,3,RF,0,0
5572,3,RF,0,0
5576,3,RF,0,1
5585,3,RF,1,1
5592,3,RF,0,0
5598,3,RF,0,0
5605,3,RF,0,0
5611,3,RF,0,0
5613,3,RF,0,0
5614,3,RF,0,0
5616,3,RF,0,0
5618,3,RF,0,0
5621,3,RF,0,0
5625,3,RF,0,0
5629,3,RF,0,0
5635,3,RF,0,0
5641,3,RF,0,0
5645,3,RF,0,0
5652,3,RF,0,0
5653,3,RF,0,0
5655,3,RF,0,0
5658,3,RF,0,0
5659,3,RF,0,0
5661,3,RF,0,0
5664,3,RF,1,1
5667,3,RF,0,1
5673,3,RF,0,0
5686,3,RF,1,0
5687,3,RF,0,0
5695,3,RF,0,0
5700,3,RF,0,0
5703,3,RF,0,0
5705,3,RF,0,0
5707,3,RF,0,0
5708,3,RF,0,0
5709,3,RF,0,1
5718,3,RF,0,0
5720,3,RF,1,0
5735,3,RF,0,0
5742,3,RF,0,0
5746,3,RF,0,0
5749,3,RF,0,0
5753,3,RF,0,0
5756,3,RF,0,0
5761,3,RF,0,0
5774,3,RF,0,0
5776,3,RF,0,0
5777,3,RF,0,0
5783,3,RF,0,0
5784,3,RF,0,0
5788,3,RF,0,0
5789,3,RF,0,0
5791,3,RF,0,0
5792,3,RF,0,0
5793,3,RF,0,0
5794,3,RF,0,0
5795,3,RF,0,0
5802,3,RF,0,0
5804,3,RF,0,0
5810,3,RF,0,0
5812,3,RF,0,0
5815,3,RF,0,0
5816,3,RF,0,0
5819,3,RF,0,0
5822,3,RF,0,0
5827,3,RF,0,0
5829,3,RF,0,0
5830,3,RF,0,0
5839,3,RF,0,0
5843,3,RF,0,0
5847,3,RF,1,0
5848,3,RF,1,1
5850,3,RF,0,0
5861,3,RF,0,0
5865,3,RF,0,0
5878,3,RF,0,0
5879,3,RF,0,0
5880,3,RF,0,0
5884,3,RF,0,0
5889,3,RF,0,0
5902,3,RF,0,0
5910,3,RF,0,0
5911,3,RF,0,0
5912,3,RF,0,0
5921,3,RF,0,0
5926,3,RF,0,0
5930,3,RF,0,0
5938,3,RF,0,0
5940,3,RF,0,0
5943,3,RF,0,0
5945,3,RF,0,0
5947,3,RF,0,0
5954,3,RF,1,1
5956,3,RF,0,0
5958,3,RF,0,0
5961,3,RF,0,0
5975,3,RF,0,0
5979,3,RF,0,0
5984,3,RF,0,0
5987,3,RF,1,1
5990,3,RF,0,0
5993,3,RF,0,0
5999,3,RF,0,0
6003,3,RF,0,0
6006,3,RF,0,0
6010,3,RF,0,0
6011,3,RF,0,0
6016,3,RF,0,0
6022,3,RF,0,0
6027,3,RF,0,0
6034,3,RF,0,0
6039,3,RF,1,1
6040,3,RF,0,0
6042,3,RF,0,0
6047,3,RF,0,0
6073,3,RF,0,0
6076,3,RF,0,1
6093,3,RF,0,0
6094,3,RF,0,0
6095,3,RF,0,0
6097,3,RF,0,0
6103,3,RF,0,0
6106,3,RF,0,0
6108,3,RF,0,0
6109,3,RF,0,0
6112,3,RF,0,0
6116,3,RF,1,0
6135,3,RF,0,0
6136,3,RF,1,1
6141,3,RF,0,0
6146,3,RF,0,0
6147,3,RF,0,0
6152,3,RF,0,0
6156,3,RF,0,0
6158,3,RF,0,0
6161,3,RF,0,0
6167,3,RF,0,0
6169,3,RF,0,0
6171,3,RF,1,0
6172,3,RF,1,1
6173,3,RF,1,1
6174,3,RF,0,0
6176,3,RF,0,0
6177,3,RF,0,0
6181,3,RF,0,0
6186,3,RF,0,0
6189,3,RF,0,0
6193,3,RF,0,0
6194,3,RF,0,1
6195,3,RF,0,0
6197,3,RF,0,0
6200,3,RF,0,0
6201,3,RF,0,0
6211,3,RF,0,0
6213,3,RF,0,0
6215,3,RF,1,1
6217,3,RF,1,1
6224,3,RF,0,0
6227,3,RF,0,0
6228,3,RF,0,0
6242,3,RF,0,0
6243,3,RF,0,0
6247,3,RF,0,0
6248,3,RF,1,1
6249,3,RF,0,0
6253,3,RF,0,0
6261,3,RF,0,0
6264,3,RF,0,0
6272,3,RF,1,1
6274,3,RF,0,0
6276,3,RF,1,1
6281,3,RF,0,0
6286,3,RF,0,0
6288,3,RF,0,0
6301,3,RF,1,1
6302,3,RF,0,0
6303,3,RF,0,0
6304,3,RF,0,0
6310,3,RF,0,0
6315,3,RF,0,1
6316,3,RF,1,1
6318,3,RF,0,0
6321,3,RF,0,0
6330,3,RF,0,0
6333,3,RF,0,0
6334,3,RF,0,0
6341,3,RF,0,0
6342,3,RF,0,0
6343,3,RF,1,0
6360,3,RF,1,0
6366,3,RF,0,0
6368,3,RF,0,0
6373,3,RF,0,0
6374,3,RF,0,0
6381,3,RF,0,0
6390,3,RF,0,0
6397,3,RF,0,0
6402,3,RF,0,0
6406,3,RF,0,0
6407,3,RF,1,1
6413,3,RF,1,1
6416,3,RF,0,0
6418,3,RF,0,0
6419,3,RF,0,0
6427,3,RF,0,0
6435,3,RF,1,1
6436,3,RF,1,0
6442,3,RF,0,0
6445,3,RF,0,0
6449,3,RF,0,0
6453,3,RF,1,1
6463,3,RF,1,0
6464,3,RF,1,0
6494,3,RF,0,0
6505,3,RF,0,0
6511,3,RF,0,0
6514,3,RF,0,0
6523,3,RF,0,1
6525,3,RF,0,0
6526,3,RF,0,0
6534,3,RF,0,1
6539,3,RF,0,0
6543,3,RF,1,0
6559,3,RF,0,0
6571,3,RF,0,0
6575,3,RF,0,0
6579,3,RF,0,1
6594,3,RF,1,1
6612,3,RF,0,0
6626,3,RF,0,0
6642,3,RF,0,0
6644,3,RF,0,0
6652,3,RF,0,0
6654,3,RF,0,0
6664,3,RF,0,0
6670,3,RF,0,0
6672,3,RF,0,0
6674,3,RF,0,0
6679,3,RF,0,0
6683,3,RF,0,0
6689,3,RF,0,0
6696,3,RF,0,0
6700,3,RF,0,0
6703,3,RF,0,0
6705,3,RF,0,0
6707,3,RF,0,0
6710,3,RF,0,0
6714,3,RF,0,1
6718,3,RF,0,0
6719,3,RF,0,0
6735,3,RF,0,0
6746,3,RF,0,0
6749,3,RF,0,0
6754,3,RF,0,0
6755,3,RF,0,0
6756,3,RF,0,0
6757,3,RF,0,0
6762,3,RF,1,1
6763,3,RF,0,0
6770,3,RF,0,0
6771,3,RF,0,0
6781,3,RF,0,0
6784,3,RF,0,0
6785,3,RF,0,0
6786,3,RF,0,0
6792,3,RF,1,0
6794,3,RF,0,0
6802,3,RF,0,0
6803,3,RF,0,0
6812,3,RF,0,0
6817,3,RF,0,0
6820,3,RF,0,0
6824,3,RF,1,1
6825,3,RF,0,0
6836,3,RF,0,0
6842,3,RF,0,0
6847,3,RF,0,0
6863,3,RF,0,0
6864,3,RF,0,0
6865,3,RF,0,0
6873,3,RF,0,0
6875,3,RF,0,0
6881,3,RF,0,0
6887,3,RF,0,0
6898,3,RF,0,0
6909,3,RF,0,0
6911,3,RF,0,0
6920,3,RF,1,0
6926,3,RF,0,0
6938,3,RF,0,0
6947,3,RF,0,0
6963,3,RF,0,0
6964,3,RF,0,0
6969,3,RF,0,0
6972,3,RF,0,0
6991,3,RF,0,0
6995,3,RF,0,0
6999,3,RF,0,0
7001,3,RF,1,1
7004,3,RF,0,0
7006,3,RF,0,0
7011,3,RF,0,0
7020,3,RF,0,0
7024,3,RF,0,0
7028,3,RF,1,1
7032,3,RF,0,0
7033,3,RF,0,0
7045,3,RF,0,0
7047,3,RF,1,0
7053,3,RF,0,0
7054,3,RF,0,0
7055,3,RF,0,0
7058,3,RF,0,0
7067,3,RF,0,0
7072,3,RF,1,1
7077,3,RF,0,0
7081,3,RF,0,0
7082,3,RF,0,0
7086,3,RF,0,0
7100,3,RF,0,0
7107,3,RF,0,0
7110,3,RF,0,0
7115,3,RF,0,0
7117,3,RF,1,1
7125,3,RF,1,1
7146,3,RF,0,0
7148,3,RF,0,0
7150,3,RF,0,0
7151,3,RF,0,1
7153,3,RF,0,0
7155,3,RF,0,0
7163,3,RF,1,1
7164,3,RF,0,0
7165,3,RF,0,0
7169,3,RF,0,0
7172,3,RF,0,1
7182,3,RF,0,0
7190,3,RF,1,1
7192,3,RF,1,1
7193,3,RF,0,0
7194,3,RF,0,0
7201,3,RF,1,0
7204,3,RF,0,0
7207,3,RF,0,0
7208,3,RF,0,0
7211,3,RF,0,0
7213,3,RF,0,0
7214,3,RF,0,0
7215,3,RF,0,0
7220,3,RF,0,0
7223,3,RF,1,1
7227,3,RF,0,0
7228,3,RF,0,0
7231,3,RF,0,0
7234,3,RF,1,1
7235,3,RF,0,0
7238,3,RF,0,0
7240,3,RF,0,0
7244,3,RF,0,0
7245,3,RF,0,0
7247,3,RF,0,0
7266,3,RF,0,0
7270,3,RF,0,0
7282,3,RF,0,0
7284,3,RF,0,0
7288,3,RF,0,0
7295,3,RF,0,0
7296,3,RF,0,0
7304,3,RF,0,0
7305,3,RF,0,0
7306,3,RF,0,0
7311,3,RF,0,0
7315,3,RF,0,0
7317,3,RF,0,0
7320,3,RF,0,0
7328,3,RF,0,0
7330,3,RF,0,0
7331,3,RF,1,1
7332,3,RF,0,0
7342,3,RF,0,1
7350,3,RF,0,0
7351,3,RF,1,1
7356,3,RF,0,0
7359,3,RF,0,0
7360,3,RF,0,0
7365,3,RF,0,0
7366,3,RF,0,0
7367,3,RF,0,0
7369,3,RF,1,1
7374,3,RF,0,0
7375,3,RF,0,0
7384,3,RF,0,0
7394,3,RF,0,0
7396,3,RF,0,0
7397,3,RF,1,1
7400,3,RF,0,0
7402,3,RF,0,0
7415,3,RF,1,1
7416,3,RF,1,1
7418,3,RF,0,0
7419,3,RF,0,0
7421,3,RF,0,0
7423,3,RF,0,0
7427,3,RF,0,0
7441,3,RF,0,0
7447,3,RF,0,0
7470,3,RF,0,0
7472,3,RF,1,0
7487,3,RF,0,0
7498,3,RF,0,0
7499,3,RF,0,0
7509,3,RF,1,0
7510,3,RF,1,1
7522,3,RF,0,0
7523,3,RF,0,0
7533,3,RF,0,0
7541,3,RF,0,0
7547,3,RF,0,0
7550,3,RF,0,0
7555,3,RF,0,0
7560,3,RF,1,1
7561,3,RF,0,0
7567,3,RF,1,1
7576,3,RF,0,0
7577,3,RF,0,0
7578,3,RF,0,1
7582,3,RF,0,0
7587,3,RF,0,0
7594,3,RF,0,0
7595,3,RF,1,0
7601,3,RF,1,1
7618,3,RF,1,0
7624,3,RF,0,0
7629,3,RF,0,0
7635,3,RF,0,0
7639,3,RF,0,0
7646,3,RF,0,0
7648,3,RF,0,0
7653,3,RF,0,0
7654,3,RF,1,1
7661,3,RF,0,0
7662,3,RF,0,0
7666,3,RF,0,0
7678,3,RF,1,1
7679,3,RF,1,1
7684,3,RF,0,0
7687,3,RF,0,0
7705,3,RF,1,1
7720,3,RF,0,0
7723,3,RF,0,0
7726,3,RF,0,0
7729,3,RF,0,0
7731,3,RF,0,0
7754,3,RF,0,0
7764,3,RF,0,0
7766,3,RF,0,0
7771,3,RF,0,0
7782,3,RF,0,0
7785,3,RF,0,0
7787,3,RF,0,0
7790,3,RF,0,0
7805,3,RF,1,1
7812,3,RF,0,0
7818,3,RF,0,0
7822,3,RF,1,1
7825,3,RF,0,0
7826,3,RF,0,0
7827,3,RF,0,0
7832,3,RF,0,0
7833,3,RF,1,1
7835,3,RF,1,1
7840,3,RF,0,0
7860,3,RF,0,0
7862,3,RF,0,0
7873,3,RF,0,0
7877,3,RF,0,0
7890,3,RF,1,1
7892,3,RF,0,0
7897,3,RF,0,0
7900,3,RF,0,0
7901,3,RF,0,0
7907,3,RF,0,0
7926,3,RF,0,0
7930,3,RF,0,0
7949,3,RF,0,0
7952,3,RF,0,0
7956,3,RF,0,0
7963,3,RF,0,0
7967,3,RF,0,0
7975,3,RF,0,0
7984,3,RF,1,1
7988,3,RF,0,0
7989,3,RF,0,0
8004,3,RF,0,0
8009,3,RF,0,0
8010,3,RF,0,0
8013,3,RF,0,0
8016,3,RF,0,0
8020,3,RF,0,0
8022,3,RF,0,0
8026,3,RF,0,0
8033,3,RF,0,0
8036,3,RF,0,0
8037,3,RF,0,0
8038,3,RF,0,0
8039,3,RF,0,0
8040,3,RF,0,0
8043,3,RF,0,0
8045,3,RF,0,0
8049,3,RF,0,0
8050,3,RF,0,0
8058,3,RF,0,0
8062,3,RF,0,0
8063,3,RF,0,0
8065,3,RF,0,0
8067,3,RF,0,0
8068,3,RF,0,0
8071,3,RF,1,0
8073,3,RF,0,0
8075,3,RF,0,0
8078,3,RF,0,0
8085,3,RF,0,0
8087,3,RF,0,0
8093,3,RF,0,0
8101,3,RF,1,1
8112,3,RF,0,0
8130,3,RF,0,0
8133,3,RF,0,0
8139,3,RF,0,0
8140,3,RF,0,0
8141,3,RF,0,0
8149,3,RF,0,0
8154,3,RF,0,0
8157,3,RF,0,0
8161,3,RF,1,1
8164,3,RF,0,0
8166,3,RF,0,0
8170,3,RF,0,0
8176,3,RF,0,0
8177,3,RF,0,0
8178,3,RF,0,0
8186,3,RF,0,0
8193,3,RF,0,0
8195,3,RF,0,0
8196,3,RF,0,0
8203,3,RF,0,0
8209,3,RF,1,1
8211,3,RF,0,1
8226,3,RF,0,0
8232,3,RF,0,0
8236,3,RF,0,0
8240,3,RF,0,0
8255,3,RF,0,0
8260,3,RF,1,1
8265,3,RF,0,0
8267,3,RF,0,0
8274,3,RF,1,1
8278,3,RF,0,0
8279,3,RF,0,0
8282,3,RF,0,0
8286,3,RF,0,0
8287,3,RF,0,0
8291,3,RF,0,0
8294,3,RF,0,0
8308,3,RF,0,0
8309,3,RF,0,0
8314,3,RF,0,0
8315,3,RF,0,0
8325,3,RF,0,0
8332,3,RF,0,0
8333,3,RF,0,0
8339,3,RF,0,0
8342,3,RF,0,0
8346,3,RF,1,1
8348,3,RF,0,0
8351,3,RF,0,0
8353,3,RF,0,0
8357,3,RF,0,0
8361,3,RF,0,0
8363,3,RF,0,1
8366,3,RF,0,0
8372,3,RF,0,0
8376,3,RF,1,1
8378,3,RF,0,0
8379,3,RF,0,0
8388,3,RF,0,0
8391,3,RF,0,0
8392,3,RF,0,0
8393,3,RF,0,0
8396,3,RF,0,0
8401,3,RF,0,0
8407,3,RF,0,0
8410,3,RF,0,0
8418,3,RF,0,0
8420,3,RF,0,0
8423,3,RF,0,1
8428,3,RF,0,0
8438,3,RF,0,0
8444,3,RF,0,0
8445,3,RF,0,0
8449,3,RF,0,1
8451,3,RF,0,0
8454,3,RF,0,0
8456,3,RF,0,0
8458,3,RF,0,0
8468,3,RF,0,0
8470,3,RF,0,0
8474,3,RF,0,0
8480,3,RF,0,0
8488,3,RF,0,0
8494,3,RF,0,0
8495,3,RF,0,0
8509,3,RF,0,0
8510,3,RF,1,1
8514,3,RF,0,0
8516,3,RF,0,0
8517,3,RF,1,1
8528,3,RF,0,0
8532,3,RF,0,0
8535,3,RF,0,0
8540,3,RF,0,0
8541,3,RF,0,0
8544,3,RF,0,0
8549,3,RF,0,0
8551,3,RF,0,0
8554,3,RF,0,0
8556,3,RF,0,0
8560,3,RF,0,0
8562,3,RF,1,1
8573,3,RF,0,0
8582,3,RF,0,0
8584,3,RF,0,0
8587,3,RF,0,0
8589,3,RF,0,0
8591,3,RF,1,1
8594,3,RF,0,0
8597,3,RF,0,0
8599,3,RF,0,0
8600,3,RF,0,0
8605,3,RF,1,0
8614,3,RF,0,0
8617,3,RF,1,0
8621,3,RF,0,0
8623,3,RF,0,0
8624,3,RF,0,0
8625,3,RF,0,0
8628,3,RF,0,0
8634,3,RF,0,0
8635,3,RF,1,1
8637,3,RF,0,0
8642,3,RF,0,0
8652,3,RF,0,0
8660,3,RF,0,0
8665,3,RF,0,0
8669,3,RF,0,0
8670,3,RF,0,0
8674,3,RF,0,0
8677,3,RF,0,0
8679,3,RF,0,0
8685,3,RF,0,0
8686,3,RF,0,0
8695,3,RF,1,0
8696,3,RF,0,0
8697,3,RF,0,0
8699,3,RF,0,1
8702,3,RF,0,0
8703,3,RF,1,1
8710,3,RF,0,0
8713,3,RF,0,0
8719,3,RF,0,0
8721,3,RF,0,1
8724,3,RF,0,0
8731,3,RF,1,0
8732,3,RF,0,0
8736,3,RF,0,0
8737,3,RF,0,0
8739,3,RF,0,0
8742,3,RF,0,0
8744,3,RF,0,0
8745,3,RF,0,0
8748,3,RF,0,0
8756,3,RF,0,0
8761,3,RF,0,0
8767,3,RF,0,0
8781,3,RF,0,0
8782,3,RF,0,0
8787,3,RF,0,0
8801,3,RF,0,0
8808,3,RF,0,0
8809,3,RF,0,0
8821,3,RF,0,0
8826,3,RF,0,0
8828,3,RF,0,0
8830,3,RF,1,1
8833,3,RF,0,0
8838,3,RF,0,0
8839,3,RF,0,0
8841,3,RF,0,0
8843,3,RF,0,0
8849,3,RF,0,0
8851,3,RF,0,0
8854,3,RF,0,0
8858,3,RF,1,0
8859,3,RF,0,0
8863,3,RF,0,0
8866,3,RF,0,0
8868,3,RF,0,0
8870,3,RF,0,0
8888,3,RF,1,1
8891,3,RF,0,0
8897,3,RF,0,0
8903,3,RF,0,0
8916,3,RF,0,0
8931,3,RF,0,0
8932,3,RF,0,0
8933,3,RF,0,0
8936,3,RF,1,1
8944,3,RF,0,0
8945,3,RF,0,0
8950,3,RF,0,0
8958,3,RF,0,0
8961,3,RF,0,0
8962,3,RF,0,0
8963,3,RF,0,0
8975,3,RF,0,1
8986,3,RF,0,0
8990,3,RF,0,1
8992,3,RF,0,0
8997,3,RF,0,0
9001,3,RF,0,0
9006,3,RF,0,0
9008,3,RF,0,0
9009,3,RF,1,1
9016,3,RF,0,0
9020,3,RF,0,0
9022,3,RF,0,0
9023,3,RF,0,0
9033,3,RF,0,0
9054,3,RF,0,0
9073,3,RF,0,0
9085,3,RF,0,0
9100,3,RF,0,0
9103,3,RF,0,0
9108,3,RF,0,0
9110,3,RF,0,0
9112,3,RF,1,1
9118,3,RF,0,0
9131,3,RF,0,0
9136,3,RF,0,0
9138,3,RF,1,0
9140,3,RF,0,0
9146,3,RF,0,0
9149,3,RF,0,0
9152,3,RF,0,0
9157,3,RF,0,0
9158,3,RF,0,0
9159,3,RF,0,0
9163,3,RF,1,1
9166,3,RF,0,0
9177,3,RF,1,1
9181,3,RF,0,0
9188,3,RF,0,0
9189,3,RF,0,0
9192,3,RF,1,1
9195,3,RF,0,0
9208,3,RF,1,1
9221,3,RF,0,0
9228,3,RF,0,0
9234,3,RF,0,0
9243,3,RF,0,0
9245,3,RF,1,1
9252,3,RF,0,0
9254,3,RF,0,0
9257,3,RF,1,0
9259,3,RF,0,0
9262,3,RF,0,0
9265,3,RF,0,0
9266,3,RF,0,0
9270,3,RF,0,0
9275,3,RF,0,0
9279,3,RF,0,0
9283,3,RF,0,0
9294,3,RF,0,0
9295,3,RF,0,0
9296,3,RF,0,0
9299,3,RF,0,0
9301,3,RF,1,1
9309,3,RF,0,0
9310,3,RF,0,0
9312,3,RF,0,0
9315,3,RF,1,0
9320,3,RF,0,0
9322,3,RF,0,0
9325,3,RF,0,0
9326,3,RF,1,1
9328,3,RF,1,1
9329,3,RF,1,1
9337,3,RF,0,0
9361,3,RF,1,1
9362,3,RF,0,0
9363,3,RF,0,0
9365,3,RF,0,0
9366,3,RF,0,0
9369,3,RF,0,0
9375,3,RF,0,0
9389,3,RF,0,0
9392,3,RF,0,0
9394,3,RF,0,0
9406,3,RF,0,0
9409,3,RF,0,0
9411,3,RF,1,1
9412,3,RF,1,1
9427,3,RF,0,0
9430,3,RF,0,0
9436,3,RF,0,0
9441,3,RF,0,1
9446,3,RF,0,0
9448,3,RF,0,0
9449,3,RF,0,0
9455,3,RF,0,0
9460,3,RF,0,0
9468,3,RF,0,0
9478,3,RF,0,0
9481,3,RF,0,0
9483,3,RF,1,0
9484,3,RF,0,0
9485,3,RF,0,0
9487,3,RF,0,0
9492,3,RF,0,0
9493,3,RF,0,0
9496,3,RF,0,0
9512,3,RF,0,0
9516,3,RF,0,0
9522,3,RF,0,0
9529,3,RF,0,0
9531,3,RF,0,0
9534,3,RF,0,0
9535,3,RF,0,0
9537,3,RF,0,0
9540,3,RF,0,0
9550,3,RF,0,1
9551,3,RF,0,0
9558,3,RF,0,0
9569,3,RF,0,0
9570,3,RF,1,0
9572,3,RF,1,0
9573,3,RF,0,0
9575,3,RF,0,0
9583,3,RF,0,0
9587,3,RF,1,0
9589,3,RF,0,0
9591,3,RF,0,0
9593,3,RF,0,0
9595,3,RF,0,0
9600,3,RF,0,0
9602,3,RF,0,0
9605,3,RF,0,0
9607,3,RF,0,0
9617,3,RF,0,0
9622,3,RF,1,0
9634,3,RF,0,0
9638,3,RF,1,1
9642,3,RF,0,0
9664,3,RF,0,0
9673,3,RF,1,1
9678,3,RF,0,0
9679,3,RF,0,0
9685,3,RF,0,0
9698,3,RF,0,0
9699,3,RF,1,1
9705,3,RF,0,0
9715,3,RF,0,0
9716,3,RF,0,0
9729,3,RF,0,0
9734,3,RF,0,0
9735,3,RF,0,0
9737,3,RF,0,0
9739,3,RF,0,0
9741,3,RF,0,0
9742,3,RF,0,0
9748,3,RF,0,1
9749,3,RF,0,0
9758,3,RF,0,0
9770,3,RF,0,0
9773,3,RF,0,0
9776,3,RF,0,0
9779,3,RF,0,0
9781,3,RF,0,0
9786,3,RF,0,0
9789,3,RF,1,1
9791,3,RF,0,0
9794,3,RF,0,0
9811,3,RF,0,1
9814,3,RF,0,0
9815,3,RF,0,0
9818,3,RF,0,0
9834,3,RF,0,0
9841,3,RF,1,1
9844,3,RF,0,0
9845,3,RF,0,0
9848,3,RF,0,0
9850,3,RF,0,0
9851,3,RF,0,0
9864,3,RF,0,0
9866,3,RF,0,0
9867,3,RF,1,1
9874,3,RF,0,0
9882,3,RF,0,0
9886,3,RF,0,0
9887,3,RF,0,0
9888,3,RF,1,1
9892,3,RF,0,0
9898,3,RF,0,0
9900,3,RF,1,0
9901,3,RF,0,0
9903,3,RF,0,0
9910,3,RF,0,0
9919,3,RF,0,0
9930,3,RF,0,0
9936,3,RF,0,0
9946,3,RF,0,0
9947,3,RF,0,0
9950,3,RF,0,0
9961,3,RF,0,0
9963,3,RF,0,0
9968,3,RF,0,0
9972,3,RF,0,0
9987,3,RF,0,0
9988,3,RF,0,0
10002,3,RF,0,0
10004,3,RF,0,0
10018,3,RF,0,0
10032,3,RF,0,0
10041,3,RF,0,0
10044,3,RF,0,0
10048,3,RF,0,0
10051,3,RF,0,0
10053,3,RF,0,0
10056,3,RF,0,0
10059,3,RF,0,0
10060,3,RF,0,0
10066,3,RF,0,0
10068,3,RF,0,0
10069,3,RF,0,0
10074,3,RF,0,0
10077,3,RF,0,0
10082,3,RF,0,0
10084,3,RF,0,0
10089,3,RF,0,0
10094,3,RF,0,0
10095,3,RF,0,0
10104,3,RF,0,0
10108,3,RF,0,0
10109,3,RF,1,1
10116,3,RF,0,0
10121,3,RF,0,0
10127,3,RF,0,0
10128,3,RF,0,0
10131,3,RF,0,0
10141,3,RF,0,0
10144,3,RF,0,0
10148,3,RF,0,0
10149,3,RF,1,1
10151,3,RF,0,0
10152,3,RF,0,0
10154,3,RF,0,0
10155,3,RF,0,0
10159,3,RF,0,0
10168,3,RF,0,0
10170,3,RF,0,0
10177,3,RF,0,0
10182,3,RF,0,0
10186,3,RF,0,0
10196,3,RF,0,0
10197,3,RF,0,0
10199,3,RF,0,0
10204,3,RF,0,0
10206,3,RF,0,0
10211,3,RF,0,0
10214,3,RF,0,0
10224,3,RF,0,0
10234,3,RF,0,0
10239,3,RF,0,0
10241,3,RF,0,0
10243,3,RF,0,0
10249,3,RF,0,0
10251,3,RF,0,0
10276,3,RF,0,0
10280,3,RF,0,0
10283,3,RF,0,0
10284,3,RF,1,1
10285,3,RF,0,0
10287,3,RF,0,0
10291,3,RF,0,0
10299,3,RF,0,0
10312,3,RF,1,1
10318,3,RF,0,0
10321,3,RF,0,0
10329,3,RF,0,0
10336,3,RF,0,0
10341,3,RF,0,0
10346,3,RF,0,0
10350,3,RF,0,0
10355,3,RF,0,0
10358,3,RF,0,0
10360,3,RF,0,0
10372,3,RF,0,0
10373,3,RF,0,0
10375,3,RF,0,0
10376,3,RF,0,0
10381,3,RF,0,0
10389,3,RF,1,0
10401,3,RF,0,1
10403,3,RF,0,0
10408,3,RF,0,0
10414,3,RF,0,0
10427,3,RF,0,0
10428,3,RF,0,0
10448,3,RF,0,0
10463,3,RF,0,0
10473,3,RF,0,0
10477,3,RF,0,0
10478,3,RF,0,0
10482,3,RF,0,0
10483,3,RF,0,0
10491,3,RF,0,0
10495,3,RF,0,0
10521,3,RF,0,0
10528,3,RF,1,0
10533,3,RF,1,1
10543,3,RF,0,0
10548,3,RF,0,0
10552,3,RF,0,0
10554,3,RF,1,0
10565,3,RF,1,1
10573,3,RF,0,0
10575,3,RF,1,1
10580,3,RF,0,0
10582,3,RF,0,0
10583,3,RF,0,0
10584,3,RF,0,0
10589,3,RF,0,0
10594,3,RF,0,0
10600,3,RF,1,1
10605,3,RF,0,0
10617,3,RF,0,0
10620,3,RF,0,0
10623,3,RF,1,1
10633,3,RF,0,0
10636,3,RF,0,0
10639,3,RF,0,1
10644,3,RF,1,1
10645,3,RF,0,0
10647,3,RF,0,0
10648,3,RF,0,0
10652,3,RF,0,0
10657,3,RF,0,0
10669,3,RF,0,0
10670,3,RF,0,0
10680,3,RF,0,0
10684,3,RF,0,0
10688,3,RF,0,0
10693,3,RF,0,0
10694,3,RF,0,0
10696,3,RF,0,0
10703,3,RF,0,0
10704,3,RF,0,0
10708,3,RF,0,0
10714,3,RF,0,0
10715,3,RF,1,1
10732,3,RF,0,0
10748,3,RF,0,0
10751,3,RF,0,0
10753,3,RF,0,0
10766,3,RF,0,0
10773,3,RF,0,0
10782,3,RF,0,0
10791,3,RF,0,0
10797,3,RF,0,0
10803,3,RF,1,1
10805,3,RF,0,0
10809,3,RF,0,0
10812,3,RF,0,0
10828,3,RF,0,0
10836,3,RF,1,1
10840,3,RF,0,0
10843,3,RF,0,0
10844,3,RF,1,0
10847,3,RF,0,0
10854,3,RF,0,0
10860,3,RF,0,0
10862,3,RF,0,0
10864,3,RF,0,0
10872,3,RF,1,1
10882,3,RF,0,0
10883,3,RF,0,0
10884,3,RF,0,0
10889,3,RF,0,0
10893,3,RF,0,0
10894,3,RF,0,0
10902,3,RF,0,0
10903,3,RF,0,0
10908,3,RF,0,0
10912,3,RF,0,0
10913,3,RF,0,1
10918,3,RF,1,1
10923,3,RF,1,1
10927,3,RF,0,0
10930,3,RF,0,0
10942,3,RF,0,0
10951,3,RF,0,0
10953,3,RF,0,0
10956,3,RF,0,0
10958,3,RF,0,0
10976,3,RF,0,0
10977,3,RF,0,0
10978,3,RF,0,0
10988,3,RF,0,0
10999,3,RF,0,0
11010,3,RF,0,0
11014,3,RF,0,0
11015,3,RF,0,0
11018,3,RF,0,0
11019,3,RF,0,0
11025,3,RF,0,0
11028,3,RF,0,0
11031,3,RF,0,0
11036,3,RF,0,0
11040,3,RF,0,0
11050,3,RF,0,0
11054,3,RF,0,0
11060,3,RF,1,1
11068,3,RF,0,0
11071,3,RF,0,0
11077,3,RF,0,0
11080,3,RF,0,0
11083,3,RF,0,0
11085,3,RF,0,0
11088,3,RF,0,0
11089,3,RF,1,1
11106,3,RF,0,0
11110,3,RF,0,0
11112,3,RF,0,0
11114,3,RF,0,0
11124,3,RF,0,0
11127,3,RF,0,0
11132,3,RF,0,0
11136,3,RF,0,0
11137,3,RF,0,0
11138,3,RF,0,0
11145,3,RF,0,0
11156,3,RF,0,0
11164,3,RF,0,0
11170,3,RF,0,1
11178,3,RF,0,0
11182,3,RF,1,0
11184,3,RF,0,0
11200,3,RF,0,0
11207,3,RF,0,0
11222,3,RF,0,0
11226,3,RF,0,0
11227,3,RF,0,1
11233,3,RF,1,1
11234,3,RF,0,0
11246,3,RF,0,0
11250,3,RF,0,0
11257,3,RF,0,0
11259,3,RF,0,0
11265,3,RF,0,1
11274,3,RF,0,0
11282,3,RF,0,0
11289,3,RF,0,0
11290,3,RF,0,0
11299,3,RF,1,0
11300,3,RF,0,0
11303,3,RF,0,0
11320,3,RF,0,0
11325,3,RF,1,1
11326,3,RF,0,0
11329,3,RF,0,0
11330,3,RF,0,0
11335,3,RF,0,0
11338,3,RF,0,0
11348,3,RF,0,0
11354,3,RF,0,0
11357,3,RF,1,1
11358,3,RF,1,1
11368,3,RF,0,0
11372,3,RF,0,0
11378,3,RF,0,0
11382,3,RF,0,0
11390,3,RF,1,0
11391,3,RF,0,0
11392,3,RF,0,0
11400,3,RF,0,0
11403,3,RF,0,0
11409,3,RF,0,0
11413,3,RF,0,0
11415,3,RF,1,0
11423,3,RF,0,0
11429,3,RF,0,0
11431,3,RF,0,0
11433,3,RF,0,1
11434,3,RF,0,0
11437,3,RF,0,0
11439,3,RF,0,0
11440,3,RF,0,0
11453,3,RF,0,0
11459,3,RF,0,0
11461,3,RF,0,0
11463,3,RF,1,1
11464,3,RF,0,0
11471,3,RF,0,0
11472,3,RF,1,1
11479,3,RF,0,0
11485,3,RF,0,0
11486,3,RF,0,0
11487,3,RF,0,0
11488,3,RF,0,0
11490,3,RF,0,0
11493,3,RF,1,1
11497,3,RF,0,0
11502,3,RF,0,0
11506,3,RF,0,0
11508,3,RF,0,0
11526,3,RF,0,0
11529,3,RF,0,0
11534,3,RF,0,0
11545,3,RF,0,0
11547,3,RF,0,0
11550,3,RF,0,0
11551,3,RF,1,0
11565,3,RF,0,0
11566,3,RF,0,0
11571,3,RF,0,0
11578,3,RF,0,0
11590,3,RF,0,0
11591,3,RF,0,0
11604,3,RF,0,0
11609,3,RF,0,0
11614,3,RF,0,0
11617,3,RF,0,0
11618,3,RF,0,0
11622,3,RF,0,0
11628,3,RF,0,0
11633,3,RF,0,0
11635,3,RF,0,0
11636,3,RF,0,0
11642,3,RF,0,0
11649,3,RF,0,0
11652,3,RF,0,0
11653,3,RF,1,1
11657,3,RF,0,0
11662,3,RF,0,0
11665,3,RF,0,0
11687,3,RF,0,0
11694,3,RF,0,0
11696,3,RF,0,0
11711,3,RF,0,0
11712,3,RF,1,1
11725,3,RF,0,0
11734,3,RF,1,0
11735,3,RF,0,0
11738,3,RF,0,0
11742,3,RF,0,0
11745,3,RF,0,0
11748,3,RF,1,1
11761,3,RF,0,0
11762,3,RF,0,0
11763,3,RF,1,1
11764,3,RF,0,0
11777,3,RF,0,0
11781,3,RF,0,0
11783,3,RF,0,0
11790,3,RF,0,0
11792,3,RF,0,0
11807,3,RF,0,0
11817,3,RF,0,0
11818,3,RF,1,1
11821,3,RF,0,0
11823,3,RF,0,0
11826,3,RF,0,0
11827,3,RF,0,0
11829,3,RF,0,0
11837,3,RF,0,0
11838,3,RF,0,0
11840,3,RF,0,0
11844,3,RF,0,0
11850,3,RF,0,0
11859,3,RF,0,0
11862,3,RF,0,0
11866,3,RF,0,0
11867,3,RF,0,0
11880,3,RF,0,0
11885,3,RF,1,0
11888,3,RF,0,0
11894,3,RF,0,0
11896,3,RF,0,0
11900,3,RF,1,1
11919,3,RF,0,0
11920,3,RF,0,0
11931,3,RF,1,1
11933,3,RF,0,0
11938,3,RF,0,0
11939,3,RF,0,0
11943,3,RF,0,0
11944,3,RF,1,1
11949,3,RF,1,1
11959,3,RF,0,0
11963,3,RF,0,0
11969,3,RF,0,0
11976,3,RF,0,0
11977,3,RF,0,0
11979,3,RF,0,0
11988,3,RF,0,0
11999,3,RF,1,1
12001,3,RF,0,0
12002,3,RF,0,0
12004,3,RF,1,1
12009,3,RF,1,1
12014,3,RF,0,0
12015,3,RF,0,0
12020,3,RF,0,0
12038,3,RF,0,0
12039,3,RF,0,0
12044,3,RF,0,0
12047,3,RF,0,0
12052,3,RF,0,0
12053,3,RF,0,0
12055,3,RF,0,0
12066,3,RF,0,0
12069,3,RF,0,0
12079,3,RF,0,0
12080,3,RF,1,1
12081,3,RF,0,0
12085,3,RF,0,0
12086,3,RF,0,0
12092,3,RF,0,0
12104,3,RF,0,0
12111,3,RF,0,0
12117,3,RF,0,0
12125,3,RF,0,0
12133,3,RF,0,0
12145,3,RF,0,0
12147,3,RF,0,0
12150,3,RF,0,0
12152,3,RF,0,0
12157,3,RF,0,0
12159,3,RF,0,0
12161,3,RF,0,0
12165,3,RF,0,0
12166,3,RF,0,0
12167,3,RF,0,0
12170,3,RF,0,0
12180,3,RF,0,0
12188,3,RF,0,0
12202,3,RF,0,0
12207,3,RF,1,1
12209,3,RF,0,0
12210,3,RF,0,0
12215,3,RF,0,0
12221,3,RF,0,0
12224,3,RF,0,0
12227,3,RF,1,1
12230,3,RF,1,1
12237,3,RF,0,0
12246,3,RF,0,0
12256,3,RF,0,0
12262,3,RF,0,0
12269,3,RF,1,1
12271,3,RF,0,0
12275,3,RF,1,0
12280,3,RF,0,0
12298,3,RF,0,0
12304,3,RF,0,0
12307,3,RF,0,0
12310,3,RF,0,0
12313,3,RF,0,0
12317,3,RF,0,0
12329,3,RF,0,0
12331,3,RF,0,0
12334,3,RF,0,0
12341,3,RF,0,0
12344,3,RF,0,0
12362,3,RF,0,0
12364,3,RF,0,0
12365,3,RF,0,0
12372,3,RF,0,0
12376,3,RF,1,0
12379,3,RF,0,0
12380,3,RF,0,0
12382,3,RF,1,1
12390,3,RF,0,0
12391,3,RF,0,0
12397,3,RF,0,0
12402,3,RF,0,0
12406,3,RF,0,0
12409,3,RF,0,1
12428,3,RF,0,0
12435,3,RF,1,1
12439,3,RF,0,0
12454,3,RF,0,0
12459,3,RF,0,0
12460,3,RF,0,0
12463,3,RF,0,0
12466,3,RF,1,0
12467,3,RF,0,0
12468,3,RF,0,0
12470,3,RF,0,1
12476,3,RF,0,0
12487,3,RF,0,0
12493,3,RF,0,0
12502,3,RF,0,0
12505,3,RF,0,0
12506,3,RF,0,0
12514,3,RF,0,0
12516,3,RF,0,0
12519,3,RF,0,0
12526,3,RF,1,0
12550,3,RF,0,0
12562,3,RF,0,0
12567,3,RF,0,0
12574,3,RF,0,0
12576,3,RF,1,1
12582,3,RF,0,0
12583,3,RF,0,1
12587,3,RF,0,0
12588,3,RF,0,0
12589,3,RF,0,0
12593,3,RF,0,0
12598,3,RF,1,0
12600,3,RF,1,1
12607,3,RF,0,0
12610,3,RF,0,0
12613,3,RF,1,1
12615,3,RF,0,0
12617,3,RF,0,0
12618,3,RF,0,0
12626,3,RF,0,0
12628,3,RF,0,0
12632,3,RF,0,0
12647,3,RF,0,0
12651,3,RF,0,0
12655,3,RF,0,0
12657,3,RF,0,0
12669,3,RF,0,0
12671,3,RF,0,0
12673,3,RF,0,1
12679,3,RF,0,0
12683,3,RF,0,0
12689,3,RF,0,0
12691,3,RF,1,1
12692,3,RF,0,0
12694,3,RF,1,1
12696,3,RF,0,0
12713,3,RF,0,0
12716,3,RF,0,0
12718,3,RF,0,0
12721,3,RF,1,1
12728,3,RF,0,0
12731,3,RF,0,0
12732,3,RF,1,1
12733,3,RF,0,0
12734,3,RF,0,0
12737,3,RF,0,0
12742,3,RF,0,0
12752,3,RF,0,0
12754,3,RF,0,0
12757,3,RF,0,0
12759,3,RF,0,0
12760,3,RF,0,0
12768,3,RF,0,0
12770,3,RF,0,0
12772,3,RF,0,0
12773,3,RF,0,0
12774,3,RF,0,0
12779,3,RF,0,1
12781,3,RF,0,0
12782,3,RF,0,0
12784,3,RF,0,0
12787,3,RF,0,0
12789,3,RF,0,0
12791,3,RF,0,0
12792,3,RF,1,0
12795,3,RF,0,0
12796,3,RF,0,0
12801,3,RF,0,0
12812,3,RF,0,0
12814,3,RF,0,0
12817,3,RF,0,0
12818,3,RF,1,1
12824,3,RF,0,0
12825,3,RF,0,0
12831,3,RF,0,0
12835,3,RF,0,0
12841,3,RF,0,0
12842,3,RF,0,0
12845,3,RF,0,0
12850,3,RF,0,0
12854,3,RF,0,0
12863,3,RF,0,0
12867,3,RF,0,0
12875,3,RF,1,1
12881,3,RF,0,0
12886,3,RF,0,0
12890,3,RF,0,0
12893,3,RF,0,0
12895,3,RF,0,0
12899,3,RF,0,0
12903,3,RF,0,0
12907,3,RF,1,0
12908,3,RF,0,0
12910,3,RF,0,0
12917,3,RF,0,0
12936,3,RF,0,0
12953,3,RF,0,0
12956,3,RF,0,0
12959,3,RF,1,1
12962,3,RF,0,0
12965,3,RF,0,0
12967,3,RF,0,0
12969,3,RF,0,0
12973,3,RF,0,0
12974,3,RF,0,0
12976,3,RF,0,0
12984,3,RF,0,0
12995,3,RF,0,0
12996,3,RF,1,1
12997,3,RF,0,0
12999,3,RF,1,1
13002,3,RF,1,1
13003,3,RF,0,0
13014,3,RF,0,0
13015,3,RF,0,0
13016,3,RF,0,0
13023,3,RF,0,0
13024,3,RF,0,0
13026,3,RF,0,1
13027,3,RF,0,0
13037,3,RF,0,0
13038,3,RF,1,1
13039,3,RF,0,0
13046,3,RF,1,1
13053,3,RF,1,1
13055,3,RF,0,0
13059,3,RF,0,0
13064,3,RF,1,1
13065,3,RF,1,1
13066,3,RF,0,0
13067,3,RF,0,0
13068,3,RF,0,0
13077,3,RF,0,0
13080,3,RF,0,0
13081,3,RF,0,0
13086,3,RF,0,0
13091,3,RF,0,0
13103,3,RF,0,0
13104,3,RF,0,0
13114,3,RF,0,0
13115,3,RF,0,0
13117,3,RF,0,0
13127,3,RF,0,0
13128,3,RF,0,0
13135,3,RF,0,0
13140,3,RF,0,0
13147,3,RF,0,0
13148,3,RF,0,0
13152,3,RF,0,0
13156,3,RF,0,0
13169,3,RF,0,0
13172,3,RF,0,0
13182,3,RF,1,1
13187,3,RF,0,0
13191,3,RF,0,0
13194,3,RF,0,0
13195,3,RF,0,0
13203,3,RF,0,0
13204,3,RF,0,0
13208,3,RF,0,0
13212,3,RF,1,1
13218,3,RF,0,0
13221,3,RF,0,0
13226,3,RF,0,0
13229,3,RF,0,0
13240,3,RF,1,1
13246,3,RF,0,1
13249,3,RF,0,0
13252,3,RF,0,0
13258,3,RF,0,0
13259,3,RF,0,0
13266,3,RF,1,1
13267,3,RF,0,0
13273,3,RF,0,0
13277,3,RF,0,0
13278,3,RF,0,0
13283,3,RF,1,1
13284,3,RF,0,0
13299,3,RF,0,0
13300,3,RF,0,0
13307,3,RF,1,1
13313,3,RF,1,0
13321,3,RF,0,0
13326,3,RF,0,0
13330,3,RF,0,0
13334,3,RF,0,0
13335,3,RF,0,0
13344,3,RF,0,0
13347,3,RF,0,0
13349,3,RF,1,1
13352,3,RF,0,0
13359,3,RF,0,0
13364,3,RF,0,0
13365,3,RF,0,0
13366,3,RF,0,0
13367,3,RF,0,0
13372,3,RF,0,0
13391,3,RF,1,1
13398,3,RF,0,0
13404,3,RF,0,0
13406,3,RF,1,1
13407,3,RF,1,1
13411,3,RF,0,0
13416,3,RF,0,0
13430,3,RF,0,0
13431,3,RF,0,0
13439,3,RF,0,0
13448,3,RF,0,0
13449,3,RF,1,1
13451,3,RF,0,0
13454,3,RF,0,0
13461,3,RF,0,0
13463,3,RF,0,0
13480,3,RF,0,0
13484,3,RF,0,0
13493,3,RF,0,0
13499,3,RF,0,0
13509,3,RF,0,0
13512,3,RF,0,0
13516,3,RF,0,0
13523,3,RF,0,0
13526,3,RF,1,1
13527,3,RF,0,0
13530,3,RF,0,0
13534,3,RF,0,0
13537,3,RF,1,0
13538,3,RF,0,0
13546,3,RF,0,0
13552,3,RF,0,0
13556,3,RF,0,0
13560,3,RF,0,0
13570,3,RF,1,1
13579,3,RF,1,1
13582,3,RF,0,0
13595,3,RF,0,0
13598,3,RF,0,0
13602,3,RF,0,0
13609,3,RF,0,0
13614,3,RF,0,0
13641,3,RF,1,1
13646,3,RF,0,0
13648,3,RF,0,0
13649,3,RF,0,1
13652,3,RF,0,0
13653,3,RF,0,0
13657,3,RF,0,0
13663,3,RF,0,0
13665,3,RF,0,0
13668,3,RF,0,0
13669,3,RF,0,0
13670,3,RF,0,0
13675,3,RF,0,0
13684,3,RF,0,0
13688,3,RF,1,1
13699,3,RF,0,0
13711,3,RF,1,1
13713,3,RF,0,0
13717,3,RF,0,0
13718,3,RF,0,0
13728,3,RF,0,0
13731,3,RF,1,1
13732,3,RF,0,0
13735,3,RF,0,0
13754,3,RF,0,0
13756,3,RF,0,0
13775,3,RF,0,0
13776,3,RF,0,0
13781,3,RF,0,0
13782,3,RF,0,0
13783,3,RF,0,0
13785,3,RF,0,0
13787,3,RF,0,0
13790,3,RF,0,0
13792,3,RF,0,0
13797,3,RF,0,0
13802,3,RF,0,0
13808,3,RF,0,0
13810,3,RF,0,0
13811,3,RF,1,1
13817,3,RF,0,0
13822,3,RF,0,0
13862,3,RF,0,0
13863,3,RF,0,0
13866,3,RF,1,1
13875,3,RF,0,0
13876,3,RF,0,0
13877,3,RF,0,0
13899,3,RF,0,0
13902,3,RF,1,1
13903,3,RF,1,1
13921,3,RF,0,0
13929,3,RF,0,0
13935,3,RF,0,0
13936,3,RF,0,0
13937,3,RF,0,0
13945,3,RF,0,0
13947,3,RF,0,0
13951,3,RF,1,0
13970,3,RF,0,0
13976,3,RF,1,1
13978,3,RF,0,0
13984,3,RF,0,0
13995,3,RF,0,0
14002,3,RF,0,0
14004,3,RF,0,0
14007,3,RF,0,0
14021,3,RF,0,0
14024,3,RF,0,0
14027,3,RF,0,0
14034,3,RF,1,1
14036,3,RF,0,0
14044,3,RF,0,0
14048,3,RF,0,0
14064,3,RF,0,0
14069,3,RF,1,1
14072,3,RF,0,0
14074,3,RF,1,1
14076,3,RF,0,0
14078,3,RF,0,0
14081,3,RF,0,0
14084,3,RF,0,0
14086,3,RF,0,0
14093,3,RF,0,0
14114,3,RF,0,0
14119,3,RF,0,0
14123,3,RF,1,1
14125,3,RF,0,0
14126,3,RF,0,0
14132,3,RF,0,0
14137,3,RF,0,0
14142,3,RF,0,0
14148,3,RF,0,0
14152,3,RF,1,1
14156,3,RF,0,0
14164,3,RF,0,0
14166,3,RF,0,0
14168,3,RF,0,0
14187,3,RF,0,0
14189,3,RF,0,0
14196,3,RF,0,0
14208,3,RF,0,0
14215,3,RF,0,0
14216,3,RF,0,0
14226,3,RF,0,0
14230,3,RF,1,0
14240,3,RF,0,0
14242,3,RF,1,1
14249,3,RF,0,0
14250,3,RF,1,0
14259,3,RF,0,0
14265,3,RF,0,0
14272,3,RF,0,0
14290,3,RF,0,0
14292,3,RF,0,0
14293,3,RF,0,0
14306,3,RF,0,0
14319,3,RF,0,0
14325,3,RF,0,0
14330,3,RF,0,0
14334,3,RF,0,0
14337,3,RF,0,0
14339,3,RF,0,0
14357,3,RF,1,1
14361,3,RF,0,0
14374,3,RF,0,0
14381,3,RF,0,0
14391,3,RF,0,0
14395,3,RF,1,1
14398,3,RF,0,0
14402,3,RF,0,0
14414,3,RF,0,0
14416,3,RF,0,0
14417,3,RF,1,1
14423,3,RF,0,0
14424,3,RF,0,0
14432,3,RF,0,0
14435,3,RF,0,0
14452,3,RF,0,0
14456,3,RF,1,1
14457,3,RF,0,0
14460,3,RF,1,1
14464,3,RF,0,0
14469,3,RF,0,0
14474,3,RF,0,0
14482,3,RF,0,0
14489,3,RF,0,0
14491,3,RF,0,0
14498,3,RF,1,0
14502,3,RF,0,0
14508,3,RF,0,0
14523,3,RF,1,1
14529,3,RF,0,0
14531,3,RF,0,0
14536,3,RF,0,0
14540,3,RF,0,0
14552,3,RF,0,0
14583,3,RF,0,0
14585,3,RF,0,0
14593,3,RF,0,0
14596,3,RF,0,0
14606,3,RF,0,0
14608,3,RF,0,0
14610,3,RF,0,0
14615,3,RF,0,0
14616,3,RF,0,0
14618,3,RF,1,1
14619,3,RF,0,0
14638,3,RF,1,1
14644,3,RF,0,0
14648,3,RF,0,0
14657,3,RF,1,0
14669,3,RF,0,1
14671,3,RF,0,0
14675,3,RF,0,0
14678,3,RF,0,0
14696,3,RF,0,0
14699,3,RF,0,0
14700,3,RF,0,0
14703,3,RF,0,0
14705,3,RF,0,0
14707,3,RF,0,0
14708,3,RF,0,0
14711,3,RF,0,0
14718,3,RF,0,0
14729,3,RF,0,1
14740,3,RF,1,0
14741,3,RF,0,0
14748,3,RF,0,0
14750,3,RF,0,0
14751,3,RF,1,1
14754,3,RF,1,0
14756,3,RF,0,0
14759,3,RF,0,0
14763,3,RF,0,0
14770,3,RF,0,0
14786,3,RF,1,0
14792,3,RF,0,0
14793,3,RF,0,0
14805,3,RF,0,0
14806,3,RF,1,1
14810,3,RF,0,0
14813,3,RF,0,0
14815,3,RF,0,0
14824,3,RF,0,0
14833,3,RF,0,0
14844,3,RF,0,0
14846,3,RF,0,0
14851,3,RF,0,0
14858,3,RF,1,1
14859,3,RF,0,0
14860,3,RF,0,0
14865,3,RF,0,0
14869,3,RF,0,0
14872,3,RF,1,1
14877,3,RF,0,0
14883,3,RF,0,0
14914,3,RF,1,0
14918,3,RF,0,0
14921,3,RF,0,0
14930,3,RF,0,0
14931,3,RF,0,0
14940,3,RF,0,0
14951,3,RF,0,0
14954,3,RF,0,0
14957,3,RF,0,0
14962,3,RF,0,0
14963,3,RF,0,0
14966,3,RF,0,0
14968,3,RF,0,0
14981,3,RF,0,0
14985,3,RF,0,0
14990,3,RF,0,1
14995,3,RF,0,0
15003,3,RF,0,0
15017,3,RF,0,0
15021,3,RF,0,0
15022,3,RF,1,0
15024,3,RF,0,0
15025,3,RF,1,1
15030,3,RF,0,0
15043,3,RF,0,0
15059,3,RF,0,1
15067,3,RF,0,0
15069,3,RF,0,0
15078,3,RF,0,0
15079,3,RF,0,0
15087,3,RF,1,1
15089,3,RF,0,0
15090,3,RF,0,0
15095,3,RF,0,0
15110,3,RF,0,0
15112,3,RF,0,0
15115,3,RF,0,0
15118,3,RF,0,0
15122,3,RF,1,0
15127,3,RF,0,0
15149,3,RF,0,0
15152,3,RF,0,0
15155,3,RF,0,0
15166,3,RF,1,1
15167,3,RF,0,0
15169,3,RF,0,0
15174,3,RF,0,0
15179,3,RF,0,0
15187,3,RF,0,0
15191,3,RF,0,0
15198,3,RF,1,0
15204,3,RF,0,0
15209,3,RF,0,0
15214,3,RF,0,0
15222,3,RF,0,0
15237,3,RF,0,0
15248,3,RF,1,1
15251,3,RF,0,0
15259,3,RF,0,0
15261,3,RF,0,0
15266,3,RF,0,0
15275,3,RF,0,0
15282,3,RF,0,0
15285,3,RF,0,0
15286,3,RF,1,0
15290,3,RF,0,0
15293,3,RF,0,0
15299,3,RF,0,0
15307,3,RF,0,0
15316,3,RF,0,0
15329,3,RF,0,0
15332,3,RF,0,0
15333,3,RF,1,1
15334,3,RF,0,0
15341,3,RF,0,0
15345,3,RF,1,1
15354,3,RF,0,0
15355,3,RF,0,0
15368,3,RF,0,0
15378,3,RF,0,0
15382,3,RF,0,0
15385,3,RF,0,0
15403,3,RF,0,0
15404,3,RF,0,0
15406,3,RF,0,0
15409,3,RF,0,0
15412,3,RF,0,0
15414,3,RF,0,0
15416,3,RF,0,0
15417,3,RF,0,0
15420,3,RF,0,0
15428,3,RF,0,0
15430,3,RF,0,0
15448,3,RF,0,0
15462,3,RF,0,0
15463,3,RF,0,0
15464,3,RF,0,0
15469,3,RF,0,0
15472,3,RF,1,1
15473,3,RF,0,0
15474,3,RF,0,0
15475,3,RF,1,1
15476,3,RF,0,0
15481,3,RF,0,0
15503,3,RF,0,0
15506,3,RF,0,0
15514,3,RF,0,0
15516,3,RF,0,0
15520,3,RF,0,0
15532,3,RF,1,1
15535,3,RF,0,0
15537,3,RF,0,0
15549,3,RF,0,0
15562,3,RF,0,0
15568,3,RF,0,0
15577,3,RF,0,0
15585,3,RF,0,0
15589,3,RF,0,0
15592,3,RF,0,0
15600,3,RF,0,0
15601,3,RF,0,0
15606,3,RF,0,0
15615,3,RF,0,0
15620,3,RF,0,0
15624,3,RF,1,1
15629,3,RF,0,0
15638,3,RF,0,0
15639,3,RF,0,0
15640,3,RF,0,0
15643,3,RF,0,0
15645,3,RF,0,0
15646,3,RF,0,0
15657,3,RF,0,0
15659,3,RF,0,0
15667,3,RF,0,0
15670,3,RF,0,0
15673,3,RF,0,0
15679,3,RF,0,0
15690,3,RF,0,0
15693,3,RF,0,0
15700,3,RF,1,1
15701,3,RF,0,0
15703,3,RF,0,0
15713,3,RF,0,0
15715,3,RF,0,0
15728,3,RF,0,0
15730,3,RF,0,0
15739,3,RF,0,0
15740,3,RF,0,0
15744,3,RF,0,0
15746,3,RF,1,0
15749,3,RF,0,0
15755,3,RF,0,0
15762,3,RF,0,0
15763,3,RF,0,0
15780,3,RF,0,0
15786,3,RF,0,0
15787,3,RF,1,1
15793,3,RF,0,0
15794,3,RF,0,0
15800,3,RF,0,0
15803,3,RF,0,0
15808,3,RF,0,0
15812,3,RF,0,0
15819,3,RF,1,1
15823,3,RF,0,0
15824,3,RF,1,1
15827,3,RF,0,0
15831,3,RF,0,0
15835,3,RF,0,0
15838,3,RF,0,0
15843,3,RF,1,1
15844,3,RF,0,0
15846,3,RF,0,0
15847,3,RF,0,0
15848,3,RF,0,0
15854,3,RF,0,0
15860,3,RF,0,0
15865,3,RF,0,0
15875,3,RF,0,0
15876,3,RF,0,0
15879,3,RF,1,1
15887,3,RF,0,0
15892,3,RF,0,0
15894,3,RF,0,0
15900,3,RF,0,0
15907,3,RF,0,0
15911,3,RF,1,1
15917,3,RF,0,0
15918,3,RF,0,0
15921,3,RF,0,0
15922,3,RF,0,0
15924,3,RF,0,0
15949,3,RF,0,0
15952,3,RF,0,0
15953,3,RF,0,0
15954,3,RF,1,1
15959,3,RF,0,0
15966,3,RF,0,0
15967,3,RF,0,0
16002,3,RF,0,0
16003,3,RF,0,0
16005,3,RF,0,0
16007,3,RF,0,0
16009,3,RF,1,1
16016,3,RF,0,0
16025,3,RF,0,0
16027,3,RF,0,0
16031,3,RF,0,0
16036,3,RF,0,0
16042,3,RF,0,0
16046,3,RF,0,0
16047,3,RF,1,1
16050,3,RF,0,0
16056,3,RF,0,0
16064,3,RF,0,0
16065,3,RF,0,0
16068,3,RF,0,0
16072,3,RF,0,0
16078,3,RF,0,0
16079,3,RF,0,0
16087,3,RF,0,0
16090,3,RF,0,0
16096,3,RF,0,0
16103,3,RF,0,0
16106,3,RF,0,0
16111,3,RF,0,0
16119,3,RF,0,0
16120,3,RF,1,1
16121,3,RF,0,0
16133,3,RF,0,0
16135,3,RF,0,0
16138,3,RF,0,0
16139,3,RF,0,0
16142,3,RF,0,0
16148,3,RF,0,0
16151,3,RF,0,0
16157,3,RF,0,0
16163,3,RF,0,0
16177,3,RF,1,0
16178,3,RF,0,0
16182,3,RF,1,1
16183,3,RF,1,1
16187,3,RF,0,0
16194,3,RF,0,0
16198,3,RF,0,0
16216,3,RF,0,0
16222,3,RF,0,0
16227,3,RF,0,0
16228,3,RF,1,1
16236,3,RF,0,0
16238,3,RF,0,0
16242,3,RF,0,0
16244,3,RF,0,0
16248,3,RF,0,0
16251,3,RF,0,0
16275,3,RF,0,0
16281,3,RF,1,1
16282,3,RF,0,0
16285,3,RF,0,0
16296,3,RF,0,0
16299,3,RF,1,1
16309,3,RF,0,0
16327,3,RF,0,0
16336,3,RF,1,0
16346,3,RF,0,0
16354,3,RF,0,0
16365,3,RF,0,0
16387,3,RF,0,0
16389,3,RF,1,1
16392,3,RF,0,0
16402,3,RF,0,1
16406,3,RF,0,0
16407,3,RF,0,0
16409,3,RF,0,0
16414,3,RF,0,0
16416,3,RF,0,0
16420,3,RF,0,0
16424,3,RF,0,0
16426,3,RF,0,0
16437,3,RF,0,0
16438,3,RF,1,1
16447,3,RF,1,1
16453,3,RF,0,0
16458,3,RF,0,0
16461,3,RF,0,0
16469,3,RF,0,0
16475,3,RF,0,0
16476,3,RF,0,0
16479,3,RF,1,1
16481,3,RF,0,0
16483,3,RF,0,0
16484,3,RF,0,0
16485,3,RF,0,0
16487,3,RF,1,1
16488,3,RF,0,0
16499,3,RF,0,0
16500,3,RF,0,0
16502,3,RF,0,0
16515,3,RF,0,0
16518,3,RF,1,1
16519,3,RF,0,0
16537,3,RF,0,0
16540,3,RF,0,0
16551,3,RF,0,0
16553,3,RF,0,0
16555,3,RF,0,0
16556,3,RF,0,0
16558,3,RF,0,0
16562,3,RF,0,0
16573,3,RF,0,0
16582,3,RF,0,0
16591,3,RF,0,0
16594,3,RF,0,0
16598,3,RF,0,0
16599,3,RF,0,0
16605,3,RF,1,0
16606,3,RF,0,0
16609,3,RF,0,0
16613,3,RF,0,0
16617,3,RF,0,0
16626,3,RF,0,0
16627,3,RF,0,0
16628,3,RF,0,0
16629,3,RF,0,0
16638,3,RF,0,0
16640,3,RF,0,0
16641,3,RF,1,1
16650,3,RF,0,0
16652,3,RF,0,0
16653,3,RF,0,0
16659,3,RF,0,0
16662,3,RF,0,0
16663,3,RF,1,1
16673,3,RF,0,0
16674,3,RF,0,0
16676,3,RF,0,0
16677,3,RF,0,0
16683,3,RF,0,0
16684,3,RF,0,0
16688,3,RF,0,0
16693,3,RF,0,0
16704,3,RF,0,0
16713,3,RF,0,0
16717,3,RF,0,0
16725,3,RF,0,0
16727,3,RF,0,0
16734,3,RF,0,0
16739,3,RF,0,0
16740,3,RF,1,0
16741,3,RF,0,0
16743,3,RF,0,0
16750,3,RF,0,0
16753,3,RF,0,0
16755,3,RF,0,0
16761,3,RF,0,0
16764,3,RF,0,0
16784,3,RF,1,1
16786,3,RF,0,0
16792,3,RF,0,0
16793,3,RF,0,0
16797,3,RF,0,0
16810,3,RF,0,0
16813,3,RF,0,0
16815,3,RF,0,0
16816,3,RF,0,1
16817,3,RF,0,0
16820,3,RF,1,1
16821,3,RF,1,1
16828,3,RF,0,0
16833,3,RF,0,0
16849,3,RF,0,0
16850,3,RF,0,0
16853,3,RF,0,0
16857,3,RF,0,0
16864,3,RF,0,0
16865,3,RF,0,0
16866,3,RF,0,0
16898,3,RF,0,0
16899,3,RF,1,1
16902,3,RF,0,0
16907,3,RF,0,0
16914,3,RF,0,0
16915,3,RF,0,0
16917,3,RF,0,0
16925,3,RF,0,0
16928,3,RF,0,0
16953,3,RF,0,0
16957,3,RF,0,0
16975,3,RF,0,0
16979,3,RF,0,0
16980,3,RF,0,0
16986,3,RF,0,0
16987,3,RF,1,1
16989,3,RF,1,0
16991,3,RF,1,1
16997,3,RF,0,0
17000,3,RF,0,0
17007,3,RF,0,0
17008,3,RF,0,0
17011,3,RF,0,0
17018,3,RF,0,0
17025,3,RF,0,0
17034,3,RF,0,0
17036,3,RF,0,0
17038,3,RF,0,0
17042,3,RF,0,0
17048,3,RF,0,0
17053,3,RF,0,0
17059,3,RF,0,0
17065,3,RF,0,0
17071,3,RF,0,0
17076,3,RF,0,0
17085,3,RF,0,0
17089,3,RF,0,0
17092,3,RF,0,0
17099,3,RF,0,0
17105,3,RF,0,0
17106,3,RF,0,0
17114,3,RF,0,0
17129,3,RF,1,1
17151,3,RF,0,0
17158,3,RF,0,0
17160,3,RF,0,0
17167,3,RF,0,0
17171,3,RF,0,0
17176,3,RF,0,0
17177,3,RF,1,1
17182,3,RF,0,0
17183,3,RF,0,0
17188,3,RF,0,0
17191,3,RF,0,0
17193,3,RF,0,0
17202,3,RF,0,1
17211,3,RF,0,0
17221,3,RF,0,0
17225,3,RF,0,0
17226,3,RF,0,0
17230,3,RF,0,0
17231,3,RF,0,0
17240,3,RF,0,0
17241,3,RF,0,0
17248,3,RF,0,0
17249,3,RF,0,0
17254,3,RF,0,0
17256,3,RF,0,0
17265,3,RF,1,1
17268,3,RF,0,0
17271,3,RF,0,0
17274,3,RF,0,0
17280,3,RF,0,0
17285,3,RF,0,0
17288,3,RF,0,0
17312,3,RF,0,0
17313,3,RF,1,1
17323,3,RF,0,0
17324,3,RF,0,0
17326,3,RF,0,0
17330,3,RF,0,0
17338,3,RF,0,0
17344,3,RF,0,0
17350,3,RF,0,0
17354,3,RF,0,0
17356,3,RF,0,0
17357,3,RF,0,0
17358,3,RF,0,0
17362,3,RF,0,0
17366,3,RF,1,1
17369,3,RF,0,0
17374,3,RF,0,0
17381,3,RF,1,1
17386,3,RF,0,0
17390,3,RF,0,0
17401,3,RF,0,0
17402,3,RF,1,0
17412,3,RF,1,1
17415,3,RF,0,0
17416,3,RF,0,0
17418,3,RF,0,0
17426,3,RF,0,0
17435,3,RF,0,0
17438,3,RF,0,0
17441,3,RF,0,0
17450,3,RF,0,0
17451,3,RF,0,0
17453,3,RF,0,0
17459,3,RF,0,0
17460,3,RF,0,0
17465,3,RF,0,0
17479,3,RF,0,0
17480,3,RF,1,1
17484,3,RF,0,0
17485,3,RF,1,0
17494,3,RF,0,0
17498,3,RF,0,0
17510,3,RF,0,0
17517,3,RF,0,0
17521,3,RF,1,0
17522,3,RF,0,0
17526,3,RF,1,1
17528,3,RF,0,0
17531,3,RF,0,0
17532,3,RF,0,0
17535,3,RF,0,0
17540,3,RF,0,0
17548,3,RF,0,0
17552,3,RF,0,0
17557,3,RF,1,1
17561,3,RF,1,0
17564,3,RF,0,0
17565,3,RF,0,0
17566,3,RF,0,0
17568,3,RF,1,1
17574,3,RF,0,0
17577,3,RF,0,0
17582,3,RF,0,0
17584,3,RF,0,0
17586,3,RF,0,0
17595,3,RF,0,0
17597,3,RF,0,1
17600,3,RF,0,0
17608,3,RF,0,0
17611,3,RF,0,0
17630,3,RF,0,0
17636,3,RF,0,0
17639,3,RF,0,0
17643,3,RF,0,0
17650,3,RF,0,0
17655,3,RF,0,0
17658,3,RF,0,0
17661,3,RF,0,0
17674,3,RF,0,0
17680,3,RF,0,0
17683,3,RF,0,0
17684,3,RF,0,0
17690,3,RF,0,0
17699,3,RF,0,0
17705,3,RF,0,0
17708,3,RF,0,0
17709,3,RF,0,0
17711,3,RF,0,0
17716,3,RF,0,0
17729,3,RF,0,0
17740,3,RF,0,0
17747,3,RF,0,0
17749,3,RF,0,0
17752,3,RF,1,1
17757,3,RF,0,0
17761,3,RF,0,0
17764,3,RF,1,1
17767,3,RF,0,0
17773,3,RF,1,1
17774,3,RF,0,0
17776,3,RF,0,0
17782,3,RF,0,0
17791,3,RF,0,0
17792,3,RF,0,0
17800,3,RF,0,0
17801,3,RF,1,1
17804,3,RF,0,0
17806,3,RF,1,1
17814,3,RF,0,0
17815,3,RF,0,0
17821,3,RF,0,0
17823,3,RF,0,0
17848,3,RF,0,0
17855,3,RF,1,1
17856,3,RF,0,1
17873,3,RF,0,0
17886,3,RF,0,0
17887,3,RF,0,0
17893,3,RF,0,0
17894,3,RF,0,0
17895,3,RF,0,0
17896,3,RF,0,0
17897,3,RF,0,0
17902,3,RF,0,0
17909,3,RF,0,0
17914,3,RF,0,0
17917,3,RF,1,1
17923,3,RF,0,0
17937,3,RF,0,0
17949,3,RF,0,0
17955,3,RF,0,0
17958,3,RF,0,0
17959,3,RF,0,0
17962,3,RF,0,0
17966,3,RF,0,0
17970,3,RF,0,1
17971,3,RF,0,0
17974,3,RF,0,0
17978,3,RF,0,0
17990,3,RF,0,0
17996,3,RF,1,1
18000,3,RF,0,0
18005,3,RF,0,0
18006,3,RF,0,0
18021,3,RF,0,0
18027,3,RF,0,0
18032,3,RF,1,1
18033,3,RF,0,0
18034,3,RF,0,0
18041,3,RF,0,0
18042,3,RF,0,0
18043,3,RF,1,0
18056,3,RF,0,0
18064,3,RF,0,0
18067,3,RF,0,0
18070,3,RF,0,0
18077,3,RF,1,1
18080,3,RF,0,0
18087,3,RF,0,0
18092,3,RF,0,0
18095,3,RF,0,0
18097,3,RF,0,0
18098,3,RF,0,0
18104,3,RF,0,0
18108,3,RF,0,0
18111,3,RF,0,0
18117,3,RF,0,0
18130,3,RF,0,0
18134,3,RF,0,0
18141,3,RF,0,0
18147,3,RF,0,0
18160,3,RF,0,0
18167,3,RF,0,0
18183,3,RF,0,0
18186,3,RF,0,0
18188,3,RF,0,0
18189,3,RF,0,0
18190,3,RF,0,0
18191,3,RF,0,0
18192,3,RF,0,0
18193,3,RF,0,0
18205,3,RF,0,0
18206,3,RF,0,0
18211,3,RF,0,0
18215,3,RF,0,0
18216,3,RF,1,1
18218,3,RF,0,0
18227,3,RF,0,0
18229,3,RF,0,0
18232,3,RF,0,0
18246,3,RF,0,1
18247,3,RF,0,0
18263,3,RF,0,0
18264,3,RF,0,0
18266,3,RF,0,0
18267,3,RF,0,0
18272,3,RF,1,1
18277,3,RF,0,0
18284,3,RF,0,0
18292,3,RF,0,0
18298,3,RF,0,0
18304,3,RF,1,1
18309,3,RF,0,0
18315,3,RF,0,0
18317,3,RF,0,0
18320,3,RF,0,0
18321,3,RF,0,0
18327,3,RF,0,0
18333,3,RF,1,0
18344,3,RF,0,0
18349,3,RF,0,0
18354,3,RF,0,0
18358,3,RF,0,0
18368,3,RF,0,0
18375,3,RF,0,0
18377,3,RF,0,0
18384,3,RF,1,0
18385,3,RF,0,0
18399,3,RF,0,0
18403,3,RF,0,0
18406,3,RF,0,1
18412,3,RF,0,0
18420,3,RF,1,0
18422,3,RF,0,0
18426,3,RF,0,0
18428,3,RF,0,0
18433,3,RF,0,0
18434,3,RF,0,0
18438,3,RF,0,0
18440,3,RF,0,1
18448,3,RF,0,0
18458,3,RF,0,0
18459,3,RF,0,0
18465,3,RF,0,0
18467,3,RF,0,0
18470,3,RF,0,0
18480,3,RF,0,0
18482,3,RF,0,0
18485,3,RF,0,0
18488,3,RF,0,0
18492,3,RF,0,0
18495,3,RF,0,0
18496,3,RF,0,0
18504,3,RF,0,0
18508,3,RF,0,0
18513,3,RF,0,0
18519,3,RF,0,0
18522,3,RF,0,0
18531,3,RF,0,0
18535,3,RF,0,0
18536,3,RF,0,1
18544,3,RF,0,0
18551,3,RF,0,0
18555,3,RF,1,1
18563,3,RF,0,0
18566,3,RF,0,0
18567,3,RF,0,0
18574,3,RF,0,0
18575,3,RF,0,0
18581,3,RF,0,0
18590,3,RF,0,0
18593,3,RF,0,0
18600,3,RF,0,0
18605,3,RF,0,0
18611,3,RF,0,0
18626,3,RF,0,0
18627,3,RF,0,0
18641,3,RF,0,0
18644,3,RF,0,0
18645,3,RF,1,1
18647,3,RF,0,0
18655,3,RF,0,0
18664,3,RF,1,0
18688,3,RF,0,0
18690,3,RF,0,0
18697,3,RF,0,0
18701,3,RF,0,0
18712,3,RF,0,0
18714,3,RF,0,0
18715,3,RF,0,0
18722,3,RF,0,0
18725,3,RF,0,0
18728,3,RF,0,0
18733,3,RF,0,0
18735,3,RF,0,0
18736,3,RF,0,0
18738,3,RF,0,0
18744,3,RF,0,0
18748,3,RF,0,0
18752,3,RF,0,0
18753,3,RF,0,0
18760,3,RF,0,0
18774,3,RF,0,0
18775,3,RF,0,0
18777,3,RF,1,1
18780,3,RF,0,0
18782,3,RF,1,1
18791,3,RF,0,0
18802,3,RF,0,0
18810,3,RF,0,0
18814,3,RF,0,0
18816,3,RF,0,0
18817,3,RF,0,0
18818,3,RF,0,0
18826,3,RF,0,0
18829,3,RF,0,0
18830,3,RF,1,1
18840,3,RF,0,0
18842,3,RF,0,0
18843,3,RF,0,0
18845,3,RF,0,0
18846,3,RF,0,0
18850,3,RF,1,0
18851,3,RF,0,0
18852,3,RF,0,0
18856,3,RF,0,0
18860,3,RF,0,0
18870,3,RF,0,0
18878,3,RF,0,0
18879,3,RF,0,0
18884,3,RF,0,1
18895,3,RF,0,0
18900,3,RF,0,0
18904,3,RF,0,0
18909,3,RF,0,0
18912,3,RF,0,0
18915,3,RF,0,0
18917,3,RF,1,0
18919,3,RF,0,0
18923,3,RF,0,0
18929,3,RF,0,0
18935,3,RF,0,0
18941,3,RF,1,0
18942,3,RF,0,0
18946,3,RF,0,0
18953,3,RF,1,1
18954,3,RF,0,0
18974,3,RF,0,0
18975,3,RF,0,0
18980,3,RF,0,0
18988,3,RF,0,0
19000,3,RF,1,1
19001,3,RF,0,0
19002,3,RF,0,0
19016,3,RF,0,0
19021,3,RF,0,0
19023,3,RF,0,0
19027,3,RF,0,0
19030,3,RF,0,0
19032,3,RF,0,0
19034,3,RF,0,0
19039,3,RF,1,0
19048,3,RF,1,1
19051,3,RF,0,0
19064,3,RF,0,0
19065,3,RF,1,0
19066,3,RF,0,0
19068,3,RF,0,0
19077,3,RF,0,0
19080,3,RF,0,1
19086,3,RF,0,0
19090,3,RF,0,0
19098,3,RF,0,0
19101,3,RF,0,0
19108,3,RF,0,0
19109,3,RF,1,1
19119,3,RF,0,0
19125,3,RF,0,0
19128,3,RF,0,0
19129,3,RF,0,0
19135,3,RF,0,0
19152,3,RF,0,0
19154,3,RF,0,0
19155,3,RF,0,0
19156,3,RF,0,0
19157,3,RF,1,1
19159,3,RF,0,0
19163,3,RF,0,1
19184,3,RF,0,0
19188,3,RF,0,0
19195,3,RF,0,0
19199,3,RF,0,0
19200,3,RF,0,0
19203,3,RF,0,0
19207,3,RF,1,1
19216,3,RF,0,0
19225,3,RF,1,1
19227,3,RF,0,0
19245,3,RF,0,0
19249,3,RF,0,0
19259,3,RF,0,0
19263,3,RF,0,0
19266,3,RF,0,0
19267,3,RF,0,0
19269,3,RF,0,0
19272,3,RF,0,0
19274,3,RF,0,0
19280,3,RF,0,0
19283,3,RF,0,0
19288,3,RF,0,0
19289,3,RF,0,0
19294,3,RF,0,0
19298,3,RF,0,0
19299,3,RF,1,1
19301,3,RF,0,0
19304,3,RF,1,1
19312,3,RF,0,0
19323,3,RF,0,0
19325,3,RF,1,1
19338,3,RF,0,0
19340,3,RF,0,0
19344,3,RF,0,0
19358,3,RF,0,0
19367,3,RF,1,1
19368,3,RF,0,0
19372,3,RF,1,0
19374,3,RF,0,0
19375,3,RF,0,0
19376,3,RF,0,0
19389,3,RF,0,0
19392,3,RF,0,0
19397,3,RF,0,0
19398,3,RF,0,0
19412,3,RF,0,0
19413,3,RF,0,0
19423,3,RF,0,0
19425,3,RF,0,1
19427,3,RF,0,0
19430,3,RF,0,0
19435,3,RF,1,1
19441,3,RF,0,0
19445,3,RF,0,0
19446,3,RF,0,0
19452,3,RF,0,0
19461,3,RF,0,0
19464,3,RF,0,0
19466,3,RF,0,0
19469,3,RF,0,0
19470,3,RF,0,0
19473,3,RF,0,0
19474,3,RF,0,0
19487,3,RF,0,0
19489,3,RF,0,0
19490,3,RF,0,0
19491,3,RF,0,0
19493,3,RF,0,0
19496,3,RF,0,0
19500,3,RF,0,0
19517,3,RF,0,0
19519,3,RF,1,0
19521,3,RF,0,0
19524,3,RF,0,0
19525,3,RF,0,0
19526,3,RF,0,0
19533,3,RF,0,0
19538,3,RF,0,0
19547,3,RF,0,0
19553,3,RF,0,0
19556,3,RF,1,1
19557,3,RF,0,0
19563,3,RF,0,0
19564,3,RF,0,0
19566,3,RF,0,0
19569,3,RF,0,0
19590,3,RF,0,0
19592,3,RF,0,0
19593,3,RF,0,0
19608,3,RF,0,0
19610,3,RF,0,0
19611,3,RF,0,0
19619,3,RF,0,0
19623,3,RF,1,1
19627,3,RF,0,0
19629,3,RF,0,1
19631,3,RF,1,1
19635,3,RF,0,0
19638,3,RF,0,0
19649,3,RF,0,0
19653,3,RF,0,0
19654,3,RF,1,1
19661,3,RF,0,0
19665,3,RF,0,0
19675,3,RF,0,0
19676,3,RF,0,0
19682,3,RF,0,0
19686,3,RF,0,0
19697,3,RF,0,0
19703,3,RF,1,1
19712,3,RF,1,0
19713,3,RF,0,0
19714,3,RF,0,0
19715,3,RF,0,0
19718,3,RF,0,0
19724,3,RF,0,0
19729,3,RF,0,0
19732,3,RF,0,0
19736,3,RF,0,0
19739,3,RF,0,0
19747,3,RF,0,0
19751,3,RF,0,0
19756,3,RF,0,0
19761,3,RF,0,0
19766,3,RF,0,0
19767,3,RF,0,0
19783,3,RF,0,0
19791,3,RF,0,0
19798,3,RF,0,0
19804,3,RF,0,0
19805,3,RF,0,0
19807,3,RF,0,0
19808,3,RF,0,0
19818,3,RF,0,0
19820,3,RF,1,0
19831,3,RF,0,0
19845,3,RF,0,0
19846,3,RF,0,0
19850,3,RF,0,0
19851,3,RF,0,1
19853,3,RF,0,0
19859,3,RF,0,0
19865,3,RF,0,0
19866,3,RF,0,0
19890,3,RF,0,0
19898,3,RF,0,0
19899,3,RF,0,0
19900,3,RF,0,0
19901,3,RF,1,1
19902,3,RF,0,0
19910,3,RF,0,0
19916,3,RF,0,0
19917,3,RF,0,0
19923,3,RF,0,0
19924,3,RF,1,1
19929,3,RF,0,0
19937,3,RF,0,0
19942,3,RF,0,0
19943,3,RF,0,0
19946,3,RF,1,1
19954,3,RF,0,0
19967,3,RF,0,0
19973,3,RF,0,0
19974,3,RF,0,0
19980,3,RF,0,0
19981,3,RF,0,0
19985,3,RF,1,1
19991,3,RF,0,0
19994,3,RF,0,0
19999,3,RF,0,0
20002,3,RF,0,0
20012,3,RF,1,1
20013,3,RF,0,0
20016,3,RF,0,0
20025,3,RF,0,0
20040,3,RF,0,0
20044,3,RF,0,0
20045,3,RF,0,0
20048,3,RF,0,0
20051,3,RF,0,0
20053,3,RF,0,0
20062,3,RF,0,0
20063,3,RF,0,0
20072,3,RF,0,0
20078,3,RF,0,0
20079,3,RF,0,0
20080,3,RF,0,0
20082,3,RF,0,0
20085,3,RF,0,0
20094,3,RF,0,0
20102,3,RF,0,0
1,3,LR,0,1
6,3,LR,0,0
7,3,LR,0,0
10,3,LR,1,1
27,3,LR,1,1
29,3,LR,0,0
30,3,LR,0,0
33,3,LR,0,0
36,3,LR,0,1
39,3,LR,0,0
49,3,LR,0,0
50,3,LR,0,0
51,3,LR,0,0
56,3,LR,0,1
66,3,LR,1,1
74,3,LR,0,0
78,3,LR,0,0
79,3,LR,0,0
80,3,LR,0,0
85,3,LR,0,0
90,3,LR,0,0
97,3,LR,0,0
98,3,LR,0,1
103,3,LR,0,0
110,3,LR,0,0
111,3,LR,0,0
115,3,LR,0,0
117,3,LR,1,1
123,3,LR,1,0
125,3,LR,0,0
127,3,LR,1,1
129,3,LR,0,0
131,3,LR,0,0
136,3,LR,0,0
137,3,LR,0,0
149,3,LR,0,0
152,3,LR,1,1
154,3,LR,0,0
168,3,LR,1,1
172,3,LR,0,0
181,3,LR,1,1
186,3,LR,0,0
193,3,LR,0,0
199,3,LR,0,1
202,3,LR,0,0
205,3,LR,0,0
210,3,LR,0,0
212,3,LR,0,0
215,3,LR,1,1
217,3,LR,0,0
224,3,LR,0,0
235,3,LR,0,0
237,3,LR,0,0
247,3,LR,0,0
250,3,LR,0,0
256,3,LR,0,0
259,3,LR,0,0
264,3,LR,0,0
266,3,LR,0,0
270,3,LR,0,0
271,3,LR,0,0
275,3,LR,0,0
278,3,LR,0,0
280,3,LR,0,0
288,3,LR,0,0
292,3,LR,0,0
293,3,LR,1,1
297,3,LR,0,0
300,3,LR,0,0
306,3,LR,0,0
307,3,LR,0,0
310,3,LR,1,0
314,3,LR,0,0
321,3,LR,0,0
322,3,LR,0,0
326,3,LR,0,0
339,3,LR,0,0
340,3,LR,0,0
352,3,LR,0,0
354,3,LR,0,0
355,3,LR,0,0
356,3,LR,0,0
362,3,LR,0,0
364,3,LR,1,0
367,3,LR,0,0
371,3,LR,1,0
402,3,LR,0,0
405,3,LR,0,0
407,3,LR,0,0
411,3,LR,0,0
412,3,LR,0,0
413,3,LR,0,0
419,3,LR,0,0
429,3,LR,0,0
432,3,LR,0,0
436,3,LR,0,0
441,3,LR,0,0
442,3,LR,0,1
447,3,LR,1,1
450,3,LR,0,0
463,3,LR,0,0
466,3,LR,0,0
467,3,LR,0,0
479,3,LR,0,0
487,3,LR,0,1
494,3,LR,0,0
499,3,LR,0,0
502,3,LR,0,0
503,3,LR,0,0
507,3,LR,0,0
513,3,LR,0,0
515,3,LR,0,0
524,3,LR,0,0
533,3,LR,1,1
541,3,LR,0,0
542,3,LR,0,0
543,3,LR,0,0
546,3,LR,0,0
555,3,LR,0,0
564,3,LR,1,1
569,3,LR,0,0
572,3,LR,0,0
575,3,LR,0,0
580,3,LR,0,0
595,3,LR,0,0
596,3,LR,0,0
614,3,LR,1,1
619,3,LR,1,1
625,3,LR,0,0
626,3,LR,0,0
633,3,LR,1,1
637,3,LR,0,0
643,3,LR,0,0
646,3,LR,0,0
653,3,LR,0,0
654,3,LR,0,0
661,3,LR,0,0
673,3,LR,0,0
678,3,LR,1,1
679,3,LR,0,0
681,3,LR,0,0
683,3,LR,0,0
692,3,LR,0,0
696,3,LR,0,0
700,3,LR,0,0
702,3,LR,0,0
715,3,LR,0,0
722,3,LR,1,0
727,3,LR,0,0
736,3,LR,0,0
747,3,LR,0,0
754,3,LR,0,0
756,3,LR,0,0
763,3,LR,0,0
765,3,LR,0,0
768,3,LR,0,0
794,3,LR,1,1
796,3,LR,0,0
804,3,LR,0,0
809,3,LR,0,0
811,3,LR,0,0
812,3,LR,0,0
821,3,LR,1,0
822,3,LR,1,1
825,3,LR,0,0
831,3,LR,0,0
832,3,LR,0,0
837,3,LR,0,0
840,3,LR,0,0
849,3,LR,0,0
851,3,LR,0,0
852,3,LR,0,0
856,3,LR,0,0
866,3,LR,0,0
868,3,LR,0,0
876,3,LR,0,0
877,3,LR,0,0
885,3,LR,0,0
891,3,LR,0,0
895,3,LR,0,1
902,3,LR,1,1
903,3,LR,0,0
908,3,LR,0,0
909,3,LR,0,0
923,3,LR,0,0
925,3,LR,0,1
929,3,LR,0,0
931,3,LR,0,0
938,3,LR,0,0
941,3,LR,0,0
947,3,LR,0,0
952,3,LR,0,0
954,3,LR,0,0
964,3,LR,0,0
970,3,LR,0,0
977,3,LR,0,0
982,3,LR,0,0
985,3,LR,0,0
1004,3,LR,0,0
1006,3,LR,0,0
1007,3,LR,0,0
1015,3,LR,0,0
1017,3,LR,0,0
1019,3,LR,0,0
1024,3,LR,1,1
1025,3,LR,0,0
1026,3,LR,0,0
1029,3,LR,0,0
1031,3,LR,0,0
1038,3,LR,0,0
1047,3,LR,0,0
1050,3,LR,0,0
1051,3,LR,0,0
1054,3,LR,0,0
1062,3,LR,0,0
1070,3,LR,0,0
1075,3,LR,1,1
1077,3,LR,1,1
1078,3,LR,0,0
1089,3,LR,0,0
1093,3,LR,1,1
1100,3,LR,0,0
1111,3,LR,0,0
1124,3,LR,0,0
1128,3,LR,0,0
1129,3,LR,1,1
1147,3,LR,0,0
1151,3,LR,1,1
1152,3,LR,0,0
1154,3,LR,0,0
1161,3,LR,0,0
1162,3,LR,1,1
1164,3,LR,0,0
1168,3,LR,0,0
1176,3,LR,0,0
1177,3,LR,0,0
1179,3,LR,0,0
1184,3,LR,0,0
1185,3,LR,0,0
1187,3,LR,0,0
1188,3,LR,0,0
1190,3,LR,0,0
1204,3,LR,0,0
1207,3,LR,0,0
1224,3,LR,0,0
1226,3,LR,0,0
1230,3,LR,0,1
1237,3,LR,0,0
1240,3,LR,0,0
1243,3,LR,0,0
1251,3,LR,0,0
1252,3,LR,0,0
1255,3,LR,0,0
1256,3,LR,0,0
1258,3,LR,0,0
1264,3,LR,0,0
1265,3,LR,0,0
1270,3,LR,0,0
1271,3,LR,0,0
1275,3,LR,0,0
1287,3,LR,0,0
1291,3,LR,0,0
1308,3,LR,0,0
1312,3,LR,0,0
1316,3,LR,0,0
1322,3,LR,0,0
1338,3,LR,0,0
1340,3,LR,0,0
1351,3,LR,0,0
1353,3,LR,0,0
1360,3,LR,0,0
1363,3,LR,0,0
1365,3,LR,0,0
1366,3,LR,0,0
1380,3,LR,0,0
1382,3,LR,0,0
1388,3,LR,1,1
1394,3,LR,0,0
1396,3,LR,0,0
1400,3,LR,0,0
1402,3,LR,0,0
1407,3,LR,0,0
1411,3,LR,0,0
1415,3,LR,0,0
1416,3,LR,0,0
1420,3,LR,0,0
1442,3,LR,0,0
1443,3,LR,0,0
1445,3,LR,0,0
1448,3,LR,0,0
1451,3,LR,0,0
1453,3,LR,0,0
1455,3,LR,1,0
1464,3,LR,0,0
1468,3,LR,0,0
1469,3,LR,0,0
1471,3,LR,0,0
1474,3,LR,0,0
1477,3,LR,1,1
1483,3,LR,0,1
1484,3,LR,0,0
1500,3,LR,0,0
1502,3,LR,1,1
1503,3,LR,0,0
1507,3,LR,0,0
1508,3,LR,0,0
1509,3,LR,0,0
1513,3,LR,0,1
1518,3,LR,0,0
1529,3,LR,1,1
1532,3,LR,0,0
1540,3,LR,0,0
1544,3,LR,0,0
1547,3,LR,0,0
1551,3,LR,1,1
1558,3,LR,0,0
1574,3,LR,0,0
1579,3,LR,1,1
1582,3,LR,0,0
1594,3,LR,0,0
1595,3,LR,0,0
1601,3,LR,0,0
1617,3,LR,0,0
1618,3,LR,0,0
1623,3,LR,0,0
1624,3,LR,0,0
1625,3,LR,0,0
1627,3,LR,0,0
1633,3,LR,0,0
1639,3,LR,0,0
1640,3,LR,0,0
1645,3,LR,1,1
1648,3,LR,0,0
1650,3,LR,1,1
1666,3,LR,0,0
1676,3,LR,0,0
1683,3,LR,0,0
1696,3,LR,0,0
1697,3,LR,0,0
1704,3,LR,0,0
1706,3,LR,0,0
1711,3,LR,0,0
1714,3,LR,0,0
1723,3,LR,0,0
1732,3,LR,0,0
1739,3,LR,0,0
1745,3,LR,1,1
1748,3,LR,0,0
1750,3,LR,0,0
1753,3,LR,0,0
1754,3,LR,1,0
1758,3,LR,0,1
1765,3,LR,0,0
1767,3,LR,0,0
1773,3,LR,0,0
1779,3,LR,0,0
1786,3,LR,0,0
1788,3,LR,0,0
1796,3,LR,0,0
1799,3,LR,0,0
1802,3,LR,0,0
1807,3,LR,0,0
1813,3,LR,0,0
1826,3,LR,0,0
1827,3,LR,1,1
1831,3,LR,0,0
1834,3,LR,0,0
1835,3,LR,1,1
1839,3,LR,0,0
1844,3,LR,1,0
1846,3,LR,0,0
1851,3,LR,0,0
1860,3,LR,0,0
1865,3,LR,0,0
1880,3,LR,0,0
1888,3,LR,0,0
1896,3,LR,0,0
1908,3,LR,0,0
1911,3,LR,0,0
1917,3,LR,0,0
1928,3,LR,0,0
1942,3,LR,0,0
1948,3,LR,0,0
1950,3,LR,0,0
1951,3,LR,0,0
1955,3,LR,0,0
1959,3,LR,0,0
1963,3,LR,0,0
1964,3,LR,0,0
1970,3,LR,0,0
1971,3,LR,0,0
1976,3,LR,1,1
1984,3,LR,0,0
1987,3,LR,0,0
1988,3,LR,0,0
1989,3,LR,0,0
1990,3,LR,0,0
2005,3,LR,1,1
2010,3,LR,0,0
2016,3,LR,0,0
2020,3,LR,1,0
2025,3,LR,0,0
2031,3,LR,0,0
2033,3,LR,0,0
2041,3,LR,0,0
2049,3,LR,0,0
2055,3,LR,0,0
2062,3,LR,0,0
2066,3,LR,0,0
2074,3,LR,0,1
2076,3,LR,0,0
2085,3,LR,0,0
2089,3,LR,0,0
2099,3,LR,0,0
2105,3,LR,0,0
2107,3,LR,0,0
2120,3,LR,0,0
2133,3,LR,0,0
2135,3,LR,0,0
2136,3,LR,1,1
2137,3,LR,0,0
2138,3,LR,1,1
2154,3,LR,0,0
2156,3,LR,0,0
2157,3,LR,0,0
2159,3,LR,0,0
2165,3,LR,0,0
2173,3,LR,0,0
2174,3,LR,0,0
2175,3,LR,0,0
2178,3,LR,0,0
2182,3,LR,1,0
2184,3,LR,0,0
2186,3,LR,0,0
2187,3,LR,0,0
2195,3,LR,0,0
2196,3,LR,0,0
2208,3,LR,1,1
2210,3,LR,0,1
2212,3,LR,0,0
2218,3,LR,0,0
2222,3,LR,0,0
2223,3,LR,0,0
2240,3,LR,0,0
2242,3,LR,1,0
2243,3,LR,0,0
2244,3,LR,0,0
2245,3,LR,0,0
2248,3,LR,0,0
2261,3,LR,1,0
2266,3,LR,0,0
2274,3,LR,0,0
2278,3,LR,0,0
2290,3,LR,0,0
2299,3,LR,0,0
2309,3,LR,0,0
2315,3,LR,0,0
2320,3,LR,0,1
2326,3,LR,0,0
2338,3,LR,1,1
2340,3,LR,0,0
2342,3,LR,0,0
2344,3,LR,0,0
2347,3,LR,1,1
2348,3,LR,0,0
2349,3,LR,0,0
2353,3,LR,0,0
2358,3,LR,0,0
2363,3,LR,0,0
2364,3,LR,0,1
2371,3,LR,0,0
2379,3,LR,0,0
2381,3,LR,0,0
2396,3,LR,0,0
2399,3,LR,0,0
2403,3,LR,0,0
2410,3,LR,0,0
2412,3,LR,1,1
2420,3,LR,0,0
2421,3,LR,0,0
2423,3,LR,0,0
2425,3,LR,0,0
2427,3,LR,0,0
2428,3,LR,0,0
2434,3,LR,0,0
2436,3,LR,0,0
2439,3,LR,0,0
2453,3,LR,0,0
2454,3,LR,0,0
2455,3,LR,0,0
2458,3,LR,0,0
2459,3,LR,1,1
2461,3,LR,0,0
2466,3,LR,0,0
2471,3,LR,0,0
2480,3,LR,0,1
2488,3,LR,0,0
2490,3,LR,0,0
2493,3,LR,0,0
2499,3,LR,0,0
2513,3,LR,0,0
2516,3,LR,0,0
2524,3,LR,0,0
2526,3,LR,0,0
2528,3,LR,0,0
2529,3,LR,0,0
2533,3,LR,1,1
2534,3,LR,0,0
2545,3,LR,0,0
2546,3,LR,0,0
2548,3,LR,0,1
2551,3,LR,0,0
2556,3,LR,0,0
2558,3,LR,0,0
2559,3,LR,0,0
2563,3,LR,0,0
2568,3,LR,1,1
2570,3,LR,0,0
2571,3,LR,1,1
2585,3,LR,0,0
2591,3,LR,0,0
2595,3,LR,0,0
2599,3,LR,0,0
2603,3,LR,0,0
2604,3,LR,0,0
2613,3,LR,0,0
2614,3,LR,0,0
2615,3,LR,0,0
2617,3,LR,0,0
2620,3,LR,0,0
2625,3,LR,0,0
2626,3,LR,0,0
2632,3,LR,0,0
2634,3,LR,1,1
2636,3,LR,0,0
2640,3,LR,0,0
2643,3,LR,0,0
2648,3,LR,0,0
2652,3,LR,0,0
2655,3,LR,1,1
2657,3,LR,0,0
2664,3,LR,0,0
2667,3,LR,0,0
2670,3,LR,0,0
2671,3,LR,0,0
2674,3,LR,0,0
2675,3,LR,0,0
2682,3,LR,0,1
2685,3,LR,0,0
2692,3,LR,0,0
2693,3,LR,1,1
2694,3,LR,0,0
2696,3,LR,0,0
2700,3,LR,0,0
2701,3,LR,0,0
2704,3,LR,0,0
2708,3,LR,0,0
2735,3,LR,0,0
2740,3,LR,1,1
2743,3,LR,0,1
2744,3,LR,0,0
2760,3,LR,0,0
2765,3,LR,0,0
2769,3,LR,0,0
2772,3,LR,0,0
2781,3,LR,0,0
2788,3,LR,0,0
2802,3,LR,0,0
2803,3,LR,0,0
2806,3,LR,1,1
2807,3,LR,0,0
2808,3,LR,0,0
2813,3,LR,0,0
2816,3,LR,0,1
2819,3,LR,0,0
2820,3,LR,0,0
2828,3,LR,0,0
2829,3,LR,0,0
2836,3,LR,0,0
2842,3,LR,0,0
2847,3,LR,0,0
2854,3,LR,0,0
2859,3,LR,0,0
2860,3,LR,0,0
2863,3,LR,0,0
2864,3,LR,0,0
2866,3,LR,1,1
2868,3,LR,0,0
2870,3,LR,0,0
2871,3,LR,0,0
2875,3,LR,0,0
2879,3,LR,0,0
2880,3,LR,0,0
2886,3,LR,0,0
2893,3,LR,0,0
2898,3,LR,0,0
2909,3,LR,0,0
2914,3,LR,0,0
2918,3,LR,0,1
2934,3,LR,0,0
2935,3,LR,0,0
2939,3,LR,0,0
2943,3,LR,0,0
2948,3,LR,0,0
2965,3,LR,1,1
2967,3,LR,0,0
2974,3,LR,0,0
2976,3,LR,0,0
2980,3,LR,0,1
2982,3,LR,0,0
2984,3,LR,0,0
2988,3,LR,0,0
2990,3,LR,0,0
2995,3,LR,0,0
2998,3,LR,0,0
3002,3,LR,0,0
3012,3,LR,0,0
3022,3,LR,0,0
3023,3,LR,0,0
3043,3,LR,0,0
3057,3,LR,0,0
3065,3,LR,1,1
3066,3,LR,0,0
3067,3,LR,0,0
3077,3,LR,0,0
3078,3,LR,1,0
3083,3,LR,0,0
3085,3,LR,0,0
3088,3,LR,1,1
3099,3,LR,1,1
3102,3,LR,0,0
3106,3,LR,1,1
3107,3,LR,0,0
3109,3,LR,0,0
3119,3,LR,0,0
3120,3,LR,0,0
3126,3,LR,0,0
3142,3,LR,0,0
3145,3,LR,0,0
3149,3,LR,0,0
3151,3,LR,1,1
3153,3,LR,0,0
3173,3,LR,0,0
3176,3,LR,0,0
3177,3,LR,0,0
3183,3,LR,0,0
3192,3,LR,0,0
3194,3,LR,0,0
3208,3,LR,0,0
3209,3,LR,0,0
3216,3,LR,1,1
3223,3,LR,0,0
3224,3,LR,0,1
3232,3,LR,0,0
3237,3,LR,0,0
3242,3,LR,0,0
3249,3,LR,0,0
3259,3,LR,0,0
3263,3,LR,0,0
3265,3,LR,0,0
3266,3,LR,0,0
3269,3,LR,0,0
3274,3,LR,0,0
3282,3,LR,0,0
3300,3,LR,0,0
3302,3,LR,0,0
3316,3,LR,0,0
3319,3,LR,0,0
3325,3,LR,0,0
3327,3,LR,0,0
3329,3,LR,0,0
3330,3,LR,0,0
3336,3,LR,0,0
3339,3,LR,0,0
3340,3,LR,0,0
3343,3,LR,0,0
3344,3,LR,0,0
3347,3,LR,1,1
3361,3,LR,0,0
3369,3,LR,0,0
3380,3,LR,0,0
3383,3,LR,0,0
3384,3,LR,0,1
3386,3,LR,0,0
3389,3,LR,0,0
3392,3,LR,0,0
3397,3,LR,1,1
3402,3,LR,0,0
3415,3,LR,0,0
3417,3,LR,0,0
3424,3,LR,0,0
3428,3,LR,1,1
3437,3,LR,0,0
3438,3,LR,0,0
3443,3,LR,0,0
3449,3,LR,1,1
3452,3,LR,0,0
3461,3,LR,0,1
3472,3,LR,0,0
3482,3,LR,0,0
3489,3,LR,1,1
3493,3,LR,1,1
3501,3,LR,0,0
3502,3,LR,0,0
3508,3,LR,0,0
3515,3,LR,0,0
3519,3,LR,0,0
3524,3,LR,0,0
3525,3,LR,1,1
3530,3,LR,0,0
3531,3,LR,0,0
3545,3,LR,0,0
3548,3,LR,0,1
3550,3,LR,0,0
3558,3,LR,1,1
3562,3,LR,0,0
3569,3,LR,1,1
3586,3,LR,1,1
3587,3,LR,0,0
3597,3,LR,0,0
3598,3,LR,0,0
3612,3,LR,0,0
3615,3,LR,0,0
3617,3,LR,0,0
3619,3,LR,0,0
3624,3,LR,0,0
3629,3,LR,0,0
3633,3,LR,0,0
3641,3,LR,0,0
3645,3,LR,0,0
3649,3,LR,0,0
3652,3,LR,0,0
3668,3,LR,0,0
3672,3,LR,0,0
3688,3,LR,0,0
3692,3,LR,0,0
3698,3,LR,0,0
3702,3,LR,0,0
3706,3,LR,0,0
3707,3,LR,0,0
3708,3,LR,0,0
3728,3,LR,0,0
3730,3,LR,0,0
3734,3,LR,0,0
3737,3,LR,0,0
3741,3,LR,0,0
3744,3,LR,0,0
3747,3,LR,0,0
3748,3,LR,0,0
3759,3,LR,0,0
3773,3,LR,0,1
3774,3,LR,0,0
3777,3,LR,0,0
3780,3,LR,0,1
3781,3,LR,0,0
3783,3,LR,0,0
3789,3,LR,0,1
3791,3,LR,0,0
3792,3,LR,0,0
3814,3,LR,0,0
3817,3,LR,0,0
3828,3,LR,0,0
3829,3,LR,0,0
3830,3,LR,0,1
3832,3,LR,0,0
3834,3,LR,0,0
3837,3,LR,1,1
3838,3,LR,0,0
3839,3,LR,0,0
3841,3,LR,0,0
3843,3,LR,0,0
3849,3,LR,0,0
3851,3,LR,0,0
3854,3,LR,0,0
3862,3,LR,0,0
3863,3,LR,0,0
3869,3,LR,0,0
3870,3,LR,0,0
3897,3,LR,0,0
3899,3,LR,0,0
3908,3,LR,0,0
3910,3,LR,0,0
3912,3,LR,0,0
3916,3,LR,0,0
3917,3,LR,1,1
3939,3,LR,0,0
3940,3,LR,0,0
3941,3,LR,0,0
3951,3,LR,0,0
3953,3,LR,0,0
3958,3,LR,1,1
3967,3,LR,0,0
3973,3,LR,0,1
3974,3,LR,0,0
3980,3,LR,0,0
3994,3,LR,0,0
3995,3,LR,0,0
3996,3,LR,0,0
3998,3,LR,0,0
4001,3,LR,0,0
4010,3,LR,0,0
4014,3,LR,0,0
4017,3,LR,0,0
4019,3,LR,0,0
4022,3,LR,0,0
4023,3,LR,0,0
4032,3,LR,0,0
4042,3,LR,1,1
4045,3,LR,0,0
4047,3,LR,0,0
4048,3,LR,1,1
4058,3,LR,0,0
4059,3,LR,0,0
4060,3,LR,0,0
4064,3,LR,0,0
4070,3,LR,0,0
4092,3,LR,0,0
4094,3,LR,0,0
4097,3,LR,1,1
4099,3,LR,0,0
4103,3,LR,0,0
4112,3,LR,0,0
4114,3,LR,0,0
4124,3,LR,0,0
4127,3,LR,0,0
4129,3,LR,1,1
4135,3,LR,0,0
4138,3,LR,0,0
4159,3,LR,1,1
4166,3,LR,0,0
4188,3,LR,0,0
4192,3,LR,0,0
4196,3,LR,0,0
4197,3,LR,0,0
4201,3,LR,0,0
4203,3,LR,0,0
4209,3,LR,0,0
4211,3,LR,0,0
4224,3,LR,0,0
4225,3,LR,0,0
4236,3,LR,1,1
4240,3,LR,0,0
4247,3,LR,0,0
4248,3,LR,0,0
4249,3,LR,0,0
4267,3,LR,0,0
4269,3,LR,0,0
4279,3,LR,0,0
4281,3,LR,0,0
4293,3,LR,0,0
4295,3,LR,0,0
4296,3,LR,0,0
4298,3,LR,0,0
4308,3,LR,0,0
4310,3,LR,1,1
4314,3,LR,0,0
4321,3,LR,0,0
4328,3,LR,0,0
4331,3,LR,0,0
4334,3,LR,0,0
4339,3,LR,0,0
4343,3,LR,0,0
4350,3,LR,1,0
4352,3,LR,0,0
4354,3,LR,0,0
4356,3,LR,1,1
4358,3,LR,0,0
4360,3,LR,0,0
4363,3,LR,0,0
4364,3,LR,0,0
4365,3,LR,0,0
4375,3,LR,0,0
4389,3,LR,1,1
4395,3,LR,0,0
4397,3,LR,0,1
4400,3,LR,0,0
4402,3,LR,1,1
4406,3,LR,0,0
4410,3,LR,0,0
4411,3,LR,0,1
4416,3,LR,0,0
4422,3,LR,0,0
4424,3,LR,0,0
4427,3,LR,0,0
4428,3,LR,0,0
4431,3,LR,0,0
4432,3,LR,1,1
4434,3,LR,0,0
4436,3,LR,1,1
4439,3,LR,0,0
4441,3,LR,0,0
4444,3,LR,0,0
4450,3,LR,0,0
4457,3,LR,0,0
4460,3,LR,0,0
4463,3,LR,0,0
4467,3,LR,0,0
4468,3,LR,0,0
4469,3,LR,0,0
4471,3,LR,0,0
4476,3,LR,0,0
4477,3,LR,0,0
4483,3,LR,0,0
4489,3,LR,0,0
4491,3,LR,0,0
4493,3,LR,0,0
4496,3,LR,1,1
4501,3,LR,0,0
4504,3,LR,1,1
4518,3,LR,0,0
4532,3,LR,0,0
4537,3,LR,1,1
4543,3,LR,1,0
4544,3,LR,0,0
4558,3,LR,0,0
4571,3,LR,0,1
4575,3,LR,1,1
4576,3,LR,0,0
4577,3,LR,0,0
4578,3,LR,0,0
4582,3,LR,0,0
4584,3,LR,0,0
4586,3,LR,0,0
4598,3,LR,0,0
4604,3,LR,0,0
4608,3,LR,0,0
4615,3,LR,0,0
4620,3,LR,0,0
4624,3,LR,0,0
4632,3,LR,0,0
4633,3,LR,0,0
4634,3,LR,0,0
4640,3,LR,0,0
4646,3,LR,0,0
4647,3,LR,0,0
4649,3,LR,0,0
4655,3,LR,0,0
4656,3,LR,0,0
4664,3,LR,0,0
4671,3,LR,0,0
4674,3,LR,0,0
4675,3,LR,0,0
4683,3,LR,0,0
4687,3,LR,0,0
4697,3,LR,0,0
4698,3,LR,0,0
4711,3,LR,0,0
4731,3,LR,0,0
4734,3,LR,0,0
4737,3,LR,0,0
4738,3,LR,0,0
4747,3,LR,0,0
4760,3,LR,0,0
4764,3,LR,0,0
4780,3,LR,1,1
4781,3,LR,0,0
4785,3,LR,0,0
4786,3,LR,1,1
4802,3,LR,0,0
4803,3,LR,0,0
4807,3,LR,0,0
4810,3,LR,1,1
4812,3,LR,0,0
4823,3,LR,0,0
4825,3,LR,0,0
4836,3,LR,0,0
4840,3,LR,0,0
4842,3,LR,0,0
4846,3,LR,0,0
4850,3,LR,0,0
4855,3,LR,0,0
4864,3,LR,0,0
4868,3,LR,0,0
4871,3,LR,0,0
4874,3,LR,0,0
4875,3,LR,1,1
4879,3,LR,0,0
4882,3,LR,0,0
4889,3,LR,0,0
4898,3,LR,0,0
4900,3,LR,1,1
4901,3,LR,0,0
4907,3,LR,0,0
4908,3,LR,0,0
4911,3,LR,0,0
4913,3,LR,0,0
4919,3,LR,0,0
4926,3,LR,0,0
4931,3,LR,0,0
4932,3,LR,1,1
4933,3,LR,1,1
4940,3,LR,0,0
4942,3,LR,0,0
4946,3,LR,0,0
4956,3,LR,0,0
4957,3,LR,0,0
4961,3,LR,0,0
4965,3,LR,0,0
4966,3,LR,1,1
4968,3,LR,0,0
4973,3,LR,0,0
4978,3,LR,0,0
4981,3,LR,0,0
4983,3,LR,1,1
5006,3,LR,0,0
5007,3,LR,1,0
5011,3,LR,1,1
5017,3,LR,0,0
5023,3,LR,0,0
5024,3,LR,0,0
5029,3,LR,0,0
5030,3,LR,0,0
5031,3,LR,0,0
5032,3,LR,0,0
5039,3,LR,0,0
5043,3,LR,0,0
5048,3,LR,0,0
5052,3,LR,0,0
5060,3,LR,0,0
5062,3,LR,1,1
5064,3,LR,0,1
5072,3,LR,0,0
5074,3,LR,0,0
5076,3,LR,0,0
5086,3,LR,0,0
5092,3,LR,0,0
5094,3,LR,1,1
5100,3,LR,0,1
5107,3,LR,0,0
5108,3,LR,1,1
5110,3,LR,0,0
5118,3,LR,1,1
5128,3,LR,0,0
5131,3,LR,0,0
5133,3,LR,0,0
5139,3,LR,0,0
5143,3,LR,0,0
5149,3,LR,0,0
5151,3,LR,0,0
5152,3,LR,0,0
5159,3,LR,0,1
5160,3,LR,0,0
5165,3,LR,0,0
5169,3,LR,0,0
5170,3,LR,0,0
5173,3,LR,0,0
5178,3,LR,0,0
5184,3,LR,0,0
5205,3,LR,0,0
5210,3,LR,0,0
5224,3,LR,0,0
5227,3,LR,0,1
5229,3,LR,0,0
5230,3,LR,1,1
5231,3,LR,0,0
5232,3,LR,0,0
5234,3,LR,0,0
5235,3,LR,0,0
5236,3,LR,0,0
5247,3,LR,0,0
5253,3,LR,0,0
5256,3,LR,1,0
5261,3,LR,0,0
5263,3,LR,0,0
5270,3,LR,0,0
5274,3,LR,0,0
5280,3,LR,0,0
5285,3,LR,1,1
5297,3,LR,0,0
5306,3,LR,0,0
5309,3,LR,1,1
5317,3,LR,0,0
5320,3,LR,0,0
5321,3,LR,0,0
5327,3,LR,0,0
5330,3,LR,0,0
5331,3,LR,1,1
5332,3,LR,0,0
5333,3,LR,0,0
5340,3,LR,0,0
5343,3,LR,0,0
5344,3,LR,0,0
5347,3,LR,0,0
5360,3,LR,0,0
5365,3,LR,0,0
5376,3,LR,0,0
5388,3,LR,1,1
5396,3,LR,0,0
5399,3,LR,0,0
5408,3,LR,0,0
5412,3,LR,0,0
5422,3,LR,0,0
5426,3,LR,0,0
5431,3,LR,0,0
5434,3,LR,0,0
5436,3,LR,1,1
5438,3,LR,0,0
5445,3,LR,0,0
5448,3,LR,0,0
5460,3,LR,0,1
5466,3,LR,0,0
5467,3,LR,0,0
5480,3,LR,0,0
5481,3,LR,0,0
5483,3,LR,0,0
5491,3,LR,0,0
5507,3,LR,0,0
5514,3,LR,0,0
5515,3,LR,0,0
5519,3,LR,0,0
5521,3,LR,0,0
5523,3,LR,0,0
5524,3,LR,0,0
5528,3,LR,0,0
5530,3,LR,1,1
5533,3,LR,0,0
5542,3,LR,0,0
5544,3,LR,0,0
5548,3,LR,0,0
5549,3,LR,0,1
5551,3,LR,0,0
5556,3,LR,0,0
5558,3,LR,0,0
5562,3,LR,0,0
5565,3,LR,1,1
5569,3,LR,0,0
5570,3,LR,0,0
5572,3,LR,0,0
5576,3,LR,0,0
5585,3,LR,1,1
5592,3,LR,0,0
5598,3,LR,0,0
5605,3,LR,0,0
5611,3,LR,0,0
5613,3,LR,0,0
5614,3,LR,0,0
5616,3,LR,0,0
5618,3,LR,0,0
5621,3,LR,0,0
5625,3,LR,0,0
5629,3,LR,0,0
5635,3,LR,0,0
5641,3,LR,0,0
5645,3,LR,0,0
5652,3,LR,0,0
5653,3,LR,0,0
5655,3,LR,0,0
5658,3,LR,0,0
5659,3,LR,0,0
5661,3,LR,0,0
5664,3,LR,1,1
5667,3,LR,0,1
5673,3,LR,0,0
5686,3,LR,1,0
5687,3,LR,0,0
5695,3,LR,0,0
5700,3,LR,0,0
5703,3,LR,0,0
5705,3,LR,0,0
5707,3,LR,0,0
5708,3,LR,0,0
5709,3,LR,0,1
5718,3,LR,0,0
5720,3,LR,1,0
5735,3,LR,0,0
5742,3,LR,0,0
5746,3,LR,0,0
5749,3,LR,0,0
5753,3,LR,0,0
5756,3,LR,0,0
5761,3,LR,0,0
5774,3,LR,0,0
5776,3,LR,0,0
5777,3,LR,0,0
5783,3,LR,0,0
5784,3,LR,0,0
5788,3,LR,0,0
5789,3,LR,0,0
5791,3,LR,0,0
5792,3,LR,0,0
5793,3,LR,0,0
5794,3,LR,0,0
5795,3,LR,0,0
5802,3,LR,0,0
5804,3,LR,0,0
5810,3,LR,0,0
5812,3,LR,0,0
5815,3,LR,0,0
5816,3,LR,0,0
5819,3,LR,0,0
5822,3,LR,0,0
5827,3,LR,0,0
5829,3,LR,0,0
5830,3,LR,0,0
5839,3,LR,0,0
5843,3,LR,0,0
5847,3,LR,1,1
5848,3,LR,1,1
5850,3,LR,0,0
5861,3,LR,0,0
5865,3,LR,0,0
5878,3,LR,0,0
5879,3,LR,0,0
5880,3,LR,0,0
5884,3,LR,0,0
5889,3,LR,0,1
5902,3,LR,0,0
5910,3,LR,0,0
5911,3,LR,0,0
5912,3,LR,0,0
5921,3,LR,0,0
5926,3,LR,0,0
5930,3,LR,0,0
5938,3,LR,0,0
5940,3,LR,0,0
5943,3,LR,0,0
5945,3,LR,0,0
5947,3,LR,0,0
5954,3,LR,1,1
5956,3,LR,0,0
5958,3,LR,0,0
5961,3,LR,0,0
5975,3,LR,0,0
5979,3,LR,0,0
5984,3,LR,0,0
5987,3,LR,1,1
5990,3,LR,0,0
5993,3,LR,0,0
5999,3,LR,0,0
6003,3,LR,0,0
6006,3,LR,0,0
6010,3,LR,0,0
6011,3,LR,0,0
6016,3,LR,0,0
6022,3,LR,0,1
6027,3,LR,0,0
6034,3,LR,0,0
6039,3,LR,1,1
6040,3,LR,0,0
6042,3,LR,0,0
6047,3,LR,0,0
6073,3,LR,0,0
6076,3,LR,0,0
6093,3,LR,0,0
6094,3,LR,0,0
6095,3,LR,0,0
6097,3,LR,0,0
6103,3,LR,0,0
6106,3,LR,0,0
6108,3,LR,0,0
6109,3,LR,0,0
6112,3,LR,0,0
6116,3,LR,1,0
6135,3,LR,0,0
6136,3,LR,1,1
6141,3,LR,0,0
6146,3,LR,0,0
6147,3,LR,0,0
6152,3,LR,0,0
6156,3,LR,0,0
6158,3,LR,0,0
6161,3,LR,0,0
6167,3,LR,0,0
6169,3,LR,0,0
6171,3,LR,1,0
6172,3,LR,1,1
6173,3,LR,1,1
6174,3,LR,0,0
6176,3,LR,0,0
6177,3,LR,0,0
6181,3,LR,0,0
6186,3,LR,0,0
6189,3,LR,0,0
6193,3,LR,0,0
6194,3,LR,0,1
6195,3,LR,0,0
6197,3,LR,0,1
6200,3,LR,0,0
6201,3,LR,0,0
6211,3,LR,0,0
6213,3,LR,0,0
6215,3,LR,1,1
6217,3,LR,1,1
6224,3,LR,0,0
6227,3,LR,0,0
6228,3,LR,0,0
6242,3,LR,0,0
6243,3,LR,0,0
6247,3,LR,0,0
6248,3,LR,1,1
6249,3,LR,0,0
6253,3,LR,0,0
6261,3,LR,0,0
6264,3,LR,0,0
6272,3,LR,1,1
6274,3,LR,0,0
6276,3,LR,1,1
6281,3,LR,0,0
6286,3,LR,0,0
6288,3,LR,0,0
6301,3,LR,1,1
6302,3,LR,0,0
6303,3,LR,0,0
6304,3,LR,0,0
6310,3,LR,0,0
6315,3,LR,0,1
6316,3,LR,1,1
6318,3,LR,0,0
6321,3,LR,0,0
6330,3,LR,0,0
6333,3,LR,0,1
6334,3,LR,0,0
6341,3,LR,0,0
6342,3,LR,0,0
6343,3,LR,1,0
6360,3,LR,1,0
6366,3,LR,0,0
6368,3,LR,0,0
6373,3,LR,0,0
6374,3,LR,0,0
6381,3,LR,0,0
6390,3,LR,0,0
6397,3,LR,0,0
6402,3,LR,0,0
6406,3,LR,0,0
6407,3,LR,1,1
6413,3,LR,1,1
6416,3,LR,0,0
6418,3,LR,0,0
6419,3,LR,0,0
6427,3,LR,0,0
6435,3,LR,1,1
6436,3,LR,1,1
6442,3,LR,0,0
6445,3,LR,0,0
6449,3,LR,0,0
6453,3,LR,1,1
6463,3,LR,1,1
6464,3,LR,1,0
6494,3,LR,0,0
6505,3,LR,0,0
6511,3,LR,0,0
6514,3,LR,0,0
6523,3,LR,0,1
6525,3,LR,0,0
6526,3,LR,0,0
6534,3,LR,0,1
6539,3,LR,0,0
6543,3,LR,1,0
6559,3,LR,0,0
6571,3,LR,0,0
6575,3,LR,0,0
6579,3,LR,0,1
6594,3,LR,1,1
6612,3,LR,0,0
6626,3,LR,0,0
6642,3,LR,0,0
6644,3,LR,0,0
6652,3,LR,0,0
6654,3,LR,0,0
6664,3,LR,0,0
6670,3,LR,0,0
6672,3,LR,0,0
6674,3,LR,0,0
6679,3,LR,0,0
6683,3,LR,0,0
6689,3,LR,0,0
6696,3,LR,0,0
6700,3,LR,0,0
6703,3,LR,0,0
6705,3,LR,0,0
6707,3,LR,0,0
6710,3,LR,0,0
6714,3,LR,0,1
6718,3,LR,0,0
6719,3,LR,0,0
6735,3,LR,0,0
6746,3,LR,0,0
6749,3,LR,0,0
6754,3,LR,0,0
6755,3,LR,0,0
6756,3,LR,0,0
6757,3,LR,0,0
6762,3,LR,1,1
6763,3,LR,0,0
6770,3,LR,0,0
6771,3,LR,0,0
6781,3,LR,0,0
6784,3,LR,0,0
6785,3,LR,0,0
6786,3,LR,0,0
6792,3,LR,1,1
6794,3,LR,0,0
6802,3,LR,0,0
6803,3,LR,0,0
6812,3,LR,0,0
6817,3,LR,0,0
6820,3,LR,0,0
6824,3,LR,1,1
6825,3,LR,0,0
6836,3,LR,0,0
6842,3,LR,0,0
6847,3,LR,0,0
6863,3,LR,0,0
6864,3,LR,0,0
6865,3,LR,0,0
6873,3,LR,0,0
6875,3,LR,0,0
6881,3,LR,0,0
6887,3,LR,0,0
6898,3,LR,0,0
6909,3,LR,0,0
6911,3,LR,0,0
6920,3,LR,1,0
6926,3,LR,0,0
6938,3,LR,0,0
6947,3,LR,0,0
6963,3,LR,0,0
6964,3,LR,0,0
6969,3,LR,0,0
6972,3,LR,0,0
6991,3,LR,0,0
6995,3,LR,0,0
6999,3,LR,0,0
7001,3,LR,1,1
7004,3,LR,0,0
7006,3,LR,0,0
7011,3,LR,0,0
7020,3,LR,0,0
7024,3,LR,0,0
7028,3,LR,1,1
7032,3,LR,0,0
7033,3,LR,0,0
7045,3,LR,0,0
7047,3,LR,1,1
7053,3,LR,0,0
7054,3,LR,0,0
7055,3,LR,0,0
7058,3,LR,0,0
7067,3,LR,0,0
7072,3,LR,1,1
7077,3,LR,0,0
7081,3,LR,0,0
7082,3,LR,0,0
7086,3,LR,0,0
7100,3,LR,0,0
7107,3,LR,0,0
7110,3,LR,0,0
7115,3,LR,0,0
7117,3,LR,1,1
7125,3,LR,1,1
7146,3,LR,0,0
7148,3,LR,0,0
7150,3,LR,0,0
7151,3,LR,0,0
7153,3,LR,0,0
7155,3,LR,0,0
7163,3,LR,1,1
7164,3,LR,0,0
7165,3,LR,0,0
7169,3,LR,0,0
7172,3,LR,0,1
7182,3,LR,0,0
7190,3,LR,1,1
7192,3,LR,1,1
7193,3,LR,0,0
7194,3,LR,0,0
7201,3,LR,1,0
7204,3,LR,0,1
7207,3,LR,0,0
7208,3,LR,0,0
7211,3,LR,0,0
7213,3,LR,0,0
7214,3,LR,0,0
7215,3,LR,0,0
7220,3,LR,0,0
7223,3,LR,1,1
7227,3,LR,0,0
7228,3,LR,0,0
7231,3,LR,0,0
7234,3,LR,1,1
7235,3,LR,0,0
7238,3,LR,0,0
7240,3,LR,0,0
7244,3,LR,0,0
7245,3,LR,0,0
7247,3,LR,0,0
7266,3,LR,0,0
7270,3,LR,0,0
7282,3,LR,0,0
7284,3,LR,0,0
7288,3,LR,0,0
7295,3,LR,0,0
7296,3,LR,0,0
7304,3,LR,0,0
7305,3,LR,0,0
7306,3,LR,0,1
7311,3,LR,0,0
7315,3,LR,0,0
7317,3,LR,0,0
7320,3,LR,0,0
7328,3,LR,0,0
7330,3,LR,0,0
7331,3,LR,1,1
7332,3,LR,0,0
7342,3,LR,0,1
7350,3,LR,0,0
7351,3,LR,1,1
7356,3,LR,0,0
7359,3,LR,0,0
7360,3,LR,0,0
7365,3,LR,0,0
7366,3,LR,0,0
7367,3,LR,0,0
7369,3,LR,1,1
7374,3,LR,0,0
7375,3,LR,0,0
7384,3,LR,0,0
7394,3,LR,0,1
7396,3,LR,0,0
7397,3,LR,1,1
7400,3,LR,0,0
7402,3,LR,0,0
7415,3,LR,1,1
7416,3,LR,1,1
7418,3,LR,0,0
7419,3,LR,0,0
7421,3,LR,0,0
7423,3,LR,0,0
7427,3,LR,0,0
7441,3,LR,0,0
7447,3,LR,0,0
7470,3,LR,0,0
7472,3,LR,1,1
7487,3,LR,0,0
7498,3,LR,0,0
7499,3,LR,0,0
7509,3,LR,1,0
7510,3,LR,1,1
7522,3,LR,0,0
7523,3,LR,0,0
7533,3,LR,0,0
7541,3,LR,0,0
7547,3,LR,0,0
7550,3,LR,0,0
7555,3,LR,0,0
7560,3,LR,1,1
7561,3,LR,0,0
7567,3,LR,1,1
7576,3,LR,0,0
7577,3,LR,0,0
7578,3,LR,0,1
7582,3,LR,0,0
7587,3,LR,0,0
7594,3,LR,0,0
7595,3,LR,1,0
7601,3,LR,1,1
7618,3,LR,1,1
7624,3,LR,0,0
7629,3,LR,0,0
7635,3,LR,0,0
7639,3,LR,0,0
7646,3,LR,0,0
7648,3,LR,0,0
7653,3,LR,0,0
7654,3,LR,1,1
7661,3,LR,0,0
7662,3,LR,0,0
7666,3,LR,0,0
7678,3,LR,1,1
7679,3,LR,1,1
7684,3,LR,0,0
7687,3,LR,0,0
7705,3,LR,1,1
7720,3,LR,0,0
7723,3,LR,0,0
7726,3,LR,0,0
7729,3,LR,0,0
7731,3,LR,0,0
7754,3,LR,0,0
7764,3,LR,0,0
7766,3,LR,0,0
7771,3,LR,0,0
7782,3,LR,0,0
7785,3,LR,0,0
7787,3,LR,0,0
7790,3,LR,0,0
7805,3,LR,1,1
7812,3,LR,0,0
7818,3,LR,0,0
7822,3,LR,1,1
7825,3,LR,0,0
7826,3,LR,0,0
7827,3,LR,0,0
7832,3,LR,0,0
7833,3,LR,1,1
7835,3,LR,1,1
7840,3,LR,0,0
7860,3,LR,0,0
7862,3,LR,0,0
7873,3,LR,0,0
7877,3,LR,0,0
7890,3,LR,1,1
7892,3,LR,0,0
7897,3,LR,0,0
7900,3,LR,0,0
7901,3,LR,0,0
7907,3,LR,0,0
7926,3,LR,0,0
7930,3,LR,0,0
7949,3,LR,0,0
7952,3,LR,0,0
7956,3,LR,0,0
7963,3,LR,0,0
7967,3,LR,0,0
7975,3,LR,0,0
7984,3,LR,1,1
7988,3,LR,0,0
7989,3,LR,0,0
8004,3,LR,0,0
8009,3,LR,0,0
8010,3,LR,0,0
8013,3,LR,0,0
8016,3,LR,0,0
8020,3,LR,0,0
8022,3,LR,0,0
8026,3,LR,0,0
8033,3,LR,0,0
8036,3,LR,0,0
8037,3,LR,0,0
8038,3,LR,0,0
8039,3,LR,0,0
8040,3,LR,0,0
8043,3,LR,0,0
8045,3,LR,0,0
8049,3,LR,0,0
8050,3,LR,0,0
8058,3,LR,0,0
8062,3,LR,0,0
8063,3,LR,0,0
8065,3,LR,0,0
8067,3,LR,0,0
8068,3,LR,0,0
8071,3,LR,1,0
8073,3,LR,0,0
8075,3,LR,0,0
8078,3,LR,0,0
8085,3,LR,0,0
8087,3,LR,0,0
8093,3,LR,0,0
8101,3,LR,1,1
8112,3,LR,0,0
8130,3,LR,0,0
8133,3,LR,0,0
8139,3,LR,0,0
8140,3,LR,0,0
8141,3,LR,0,0
8149,3,LR,0,0
8154,3,LR,0,0
8157,3,LR,0,0
8161,3,LR,1,1
8164,3,LR,0,0
8166,3,LR,0,0
8170,3,LR,0,0
8176,3,LR,0,0
8177,3,LR,0,0
8178,3,LR,0,0
8186,3,LR,0,0
8193,3,LR,0,0
8195,3,LR,0,0
8196,3,LR,0,0
8203,3,LR,0,0
8209,3,LR,1,1
8211,3,LR,0,1
8226,3,LR,0,0
8232,3,LR,0,0
8236,3,LR,0,0
8240,3,LR,0,0
8255,3,LR,0,0
8260,3,LR,1,1
8265,3,LR,0,0
8267,3,LR,0,0
8274,3,LR,1,1
8278,3,LR,0,0
8279,3,LR,0,0
8282,3,LR,0,0
8286,3,LR,0,0
8287,3,LR,0,0
8291,3,LR,0,0
8294,3,LR,0,0
8308,3,LR,0,0
8309,3,LR,0,1
8314,3,LR,0,0
8315,3,LR,0,0
8325,3,LR,0,0
8332,3,LR,0,0
8333,3,LR,0,0
8339,3,LR,0,0
8342,3,LR,0,0
8346,3,LR,1,1
8348,3,LR,0,0
8351,3,LR,0,0
8353,3,LR,0,0
8357,3,LR,0,0
8361,3,LR,0,0
8363,3,LR,0,1
8366,3,LR,0,0
8372,3,LR,0,1
8376,3,LR,1,1
8378,3,LR,0,0
8379,3,LR,0,0
8388,3,LR,0,0
8391,3,LR,0,1
8392,3,LR,0,0
8393,3,LR,0,0
8396,3,LR,0,0
8401,3,LR,0,0
8407,3,LR,0,0
8410,3,LR,0,0
8418,3,LR,0,0
8420,3,LR,0,0
8423,3,LR,0,1
8428,3,LR,0,0
8438,3,LR,0,0
8444,3,LR,0,0
8445,3,LR,0,0
8449,3,LR,0,1
8451,3,LR,0,0
8454,3,LR,0,0
8456,3,LR,0,0
8458,3,LR,0,0
8468,3,LR,0,0
8470,3,LR,0,0
8474,3,LR,0,0
8480,3,LR,0,0
8488,3,LR,0,0
8494,3,LR,0,0
8495,3,LR,0,0
8509,3,LR,0,0
8510,3,LR,1,1
8514,3,LR,0,1
8516,3,LR,0,0
8517,3,LR,1,1
8528,3,LR,0,0
8532,3,LR,0,0
8535,3,LR,0,0
8540,3,LR,0,0
8541,3,LR,0,0
8544,3,LR,0,0
8549,3,LR,0,0
8551,3,LR,0,0
8554,3,LR,0,0
8556,3,LR,0,0
8560,3,LR,0,0
8562,3,LR,1,1
8573,3,LR,0,0
8582,3,LR,0,0
8584,3,LR,0,0
8587,3,LR,0,0
8589,3,LR,0,1
8591,3,LR,1,1
8594,3,LR,0,0
8597,3,LR,0,0
8599,3,LR,0,0
8600,3,LR,0,0
8605,3,LR,1,0
8614,3,LR,0,0
8617,3,LR,1,1
8621,3,LR,0,0
8623,3,LR,0,0
8624,3,LR,0,1
8625,3,LR,0,0
8628,3,LR,0,0
8634,3,LR,0,0
8635,3,LR,1,1
8637,3,LR,0,0
8642,3,LR,0,0
8652,3,LR,0,0
8660,3,LR,0,0
8665,3,LR,0,0
8669,3,LR,0,0
8670,3,LR,0,0
8674,3,LR,0,0
8677,3,LR,0,0
8679,3,LR,0,0
8685,3,LR,0,0
8686,3,LR,0,0
8695,3,LR,1,1
8696,3,LR,0,0
8697,3,LR,0,0
8699,3,LR,0,1
8702,3,LR,0,0
8703,3,LR,1,1
8710,3,LR,0,0
8713,3,LR,0,0
8719,3,LR,0,0
8721,3,LR,0,1
8724,3,LR,0,0
8731,3,LR,1,0
8732,3,LR,0,0
8736,3,LR,0,0
8737,3,LR,0,0
8739,3,LR,0,0
8742,3,LR,0,0
8744,3,LR,0,0
8745,3,LR,0,0
8748,3,LR,0,0
8756,3,LR,0,0
8761,3,LR,0,0
8767,3,LR,0,0
8781,3,LR,0,0
8782,3,LR,0,0
8787,3,LR,0,0
8801,3,LR,0,0
8808,3,LR,0,0
8809,3,LR,0,0
8821,3,LR,0,0
8826,3,LR,0,0
8828,3,LR,0,0
8830,3,LR,1,1
8833,3,LR,0,1
8838,3,LR,0,0
8839,3,LR,0,0
8841,3,LR,0,0
8843,3,LR,0,0
8849,3,LR,0,0
8851,3,LR,0,0
8854,3,LR,0,0
8858,3,LR,1,0
8859,3,LR,0,0
8863,3,LR,0,0
8866,3,LR,0,0
8868,3,LR,0,0
8870,3,LR,0,0
8888,3,LR,1,1
8891,3,LR,0,0
8897,3,LR,0,0
8903,3,LR,0,1
8916,3,LR,0,0
8931,3,LR,0,0
8932,3,LR,0,0
8933,3,LR,0,0
8936,3,LR,1,1
8944,3,LR,0,0
8945,3,LR,0,0
8950,3,LR,0,0
8958,3,LR,0,0
8961,3,LR,0,0
8962,3,LR,0,0
8963,3,LR,0,0
8975,3,LR,0,1
8986,3,LR,0,0
8990,3,LR,0,1
8992,3,LR,0,0
8997,3,LR,0,0
9001,3,LR,0,0
9006,3,LR,0,0
9008,3,LR,0,0
9009,3,LR,1,1
9016,3,LR,0,0
9020,3,LR,0,0
9022,3,LR,0,0
9023,3,LR,0,0
9033,3,LR,0,0
9054,3,LR,0,0
9073,3,LR,0,0
9085,3,LR,0,0
9100,3,LR,0,0
9103,3,LR,0,0
9108,3,LR,0,1
9110,3,LR,0,0
9112,3,LR,1,1
9118,3,LR,0,0
9131,3,LR,0,0
9136,3,LR,0,0
9138,3,LR,1,1
9140,3,LR,0,0
9146,3,LR,0,0
9149,3,LR,0,0
9152,3,LR,0,0
9157,3,LR,0,0
9158,3,LR,0,0
9159,3,LR,0,0
9163,3,LR,1,1
9166,3,LR,0,0
9177,3,LR,1,1
9181,3,LR,0,0
9188,3,LR,0,0
9189,3,LR,0,0
9192,3,LR,1,1
9195,3,LR,0,0
9208,3,LR,1,1
9221,3,LR,0,0
9228,3,LR,0,0
9234,3,LR,0,0
9243,3,LR,0,0
9245,3,LR,1,1
9252,3,LR,0,0
9254,3,LR,0,0
9257,3,LR,1,1
9259,3,LR,0,0
9262,3,LR,0,0
9265,3,LR,0,0
9266,3,LR,0,0
9270,3,LR,0,0
9275,3,LR,0,0
9279,3,LR,0,0
9283,3,LR,0,0
9294,3,LR,0,0
9295,3,LR,0,0
9296,3,LR,0,0
9299,3,LR,0,0
9301,3,LR,1,1
9309,3,LR,0,0
9310,3,LR,0,0
9312,3,LR,0,0
9315,3,LR,1,1
9320,3,LR,0,0
9322,3,LR,0,0
9325,3,LR,0,0
9326,3,LR,1,1
9328,3,LR,1,1
9329,3,LR,1,1
9337,3,LR,0,0
9361,3,LR,1,1
9362,3,LR,0,0
9363,3,LR,0,0
9365,3,LR,0,0
9366,3,LR,0,0
9369,3,LR,0,0
9375,3,LR,0,0
9389,3,LR,0,0
9392,3,LR,0,0
9394,3,LR,0,0
9406,3,LR,0,0
9409,3,LR,0,0
9411,3,LR,1,1
9412,3,LR,1,1
9427,3,LR,0,0
9430,3,LR,0,0
9436,3,LR,0,0
9441,3,LR,0,1
9446,3,LR,0,0
9448,3,LR,0,0
9449,3,LR,0,0
9455,3,LR,0,0
9460,3,LR,0,0
9468,3,LR,0,0
9478,3,LR,0,0
9481,3,LR,0,0
9483,3,LR,1,0
9484,3,LR,0,0
9485,3,LR,0,0
9487,3,LR,0,0
9492,3,LR,0,0
9493,3,LR,0,0
9496,3,LR,0,0
9512,3,LR,0,0
9516,3,LR,0,0
9522,3,LR,0,0
9529,3,LR,0,0
9531,3,LR,0,0
9534,3,LR,0,0
9535,3,LR,0,0
9537,3,LR,0,0
9540,3,LR,0,0
9550,3,LR,0,1
9551,3,LR,0,0
9558,3,LR,0,0
9569,3,LR,0,0
9570,3,LR,1,0
9572,3,LR,1,0
9573,3,LR,0,0
9575,3,LR,0,0
9583,3,LR,0,0
9587,3,LR,1,0
9589,3,LR,0,0
9591,3,LR,0,0
9593,3,LR,0,0
9595,3,LR,0,0
9600,3,LR,0,0
9602,3,LR,0,0
9605,3,LR,0,0
9607,3,LR,0,0
9617,3,LR,0,0
9622,3,LR,1,0
9634,3,LR,0,0
9638,3,LR,1,1
9642,3,LR,0,0
9664,3,LR,0,0
9673,3,LR,1,1
9678,3,LR,0,0
9679,3,LR,0,0
9685,3,LR,0,0
9698,3,LR,0,0
9699,3,LR,1,1
9705,3,LR,0,0
9715,3,LR,0,0
9716,3,LR,0,0
9729,3,LR,0,0
9734,3,LR,0,0
9735,3,LR,0,0
9737,3,LR,0,0
9739,3,LR,0,0
9741,3,LR,0,0
9742,3,LR,0,0
9748,3,LR,0,1
9749,3,LR,0,0
9758,3,LR,0,0
9770,3,LR,0,0
9773,3,LR,0,0
9776,3,LR,0,0
9779,3,LR,0,0
9781,3,LR,0,0
9786,3,LR,0,0
9789,3,LR,1,1
9791,3,LR,0,0
9794,3,LR,0,0
9811,3,LR,0,1
9814,3,LR,0,0
9815,3,LR,0,0
9818,3,LR,0,0
9834,3,LR,0,0
9841,3,LR,1,1
9844,3,LR,0,0
9845,3,LR,0,0
9848,3,LR,0,0
9850,3,LR,0,0
9851,3,LR,0,0
9864,3,LR,0,0
9866,3,LR,0,0
9867,3,LR,1,1
9874,3,LR,0,0
9882,3,LR,0,0
9886,3,LR,0,0
9887,3,LR,0,0
9888,3,LR,1,1
9892,3,LR,0,0
9898,3,LR,0,0
9900,3,LR,1,1
9901,3,LR,0,0
9903,3,LR,0,0
9910,3,LR,0,0
9919,3,LR,0,0
9930,3,LR,0,0
9936,3,LR,0,0
9946,3,LR,0,0
9947,3,LR,0,0
9950,3,LR,0,0
9961,3,LR,0,0
9963,3,LR,0,0
9968,3,LR,0,0
9972,3,LR,0,0
9987,3,LR,0,0
9988,3,LR,0,0
10002,3,LR,0,0
10004,3,LR,0,0
10018,3,LR,0,0
10032,3,LR,0,0
10041,3,LR,0,0
10044,3,LR,0,0
10048,3,LR,0,0
10051,3,LR,0,0
10053,3,LR,0,0
10056,3,LR,0,0
10059,3,LR,0,0
10060,3,LR,0,0
10066,3,LR,0,0
10068,3,LR,0,0
10069,3,LR,0,0
10074,3,LR,0,0
10077,3,LR,0,0
10082,3,LR,0,0
10084,3,LR,0,0
10089,3,LR,0,0
10094,3,LR,0,0
10095,3,LR,0,0
10104,3,LR,0,0
10108,3,LR,0,0
10109,3,LR,1,1
10116,3,LR,0,0
10121,3,LR,0,0
10127,3,LR,0,0
10128,3,LR,0,0
10131,3,LR,0,0
10141,3,LR,0,0
10144,3,LR,0,0
10148,3,LR,0,0
10149,3,LR,1,1
10151,3,LR,0,0
10152,3,LR,0,0
10154,3,LR,0,0
10155,3,LR,0,0
10159,3,LR,0,0
10168,3,LR,0,0
10170,3,LR,0,0
10177,3,LR,0,0
10182,3,LR,0,0
10186,3,LR,0,0
10196,3,LR,0,0
10197,3,LR,0,0
10199,3,LR,0,0
10204,3,LR,0,0
10206,3,LR,0,0
10211,3,LR,0,0
10214,3,LR,0,0
10224,3,LR,0,0
10234,3,LR,0,0
10239,3,LR,0,0
10241,3,LR,0,0
10243,3,LR,0,0
10249,3,LR,0,0
10251,3,LR,0,1
10276,3,LR,0,0
10280,3,LR,0,0
10283,3,LR,0,0
10284,3,LR,1,1
10285,3,LR,0,0
10287,3,LR,0,0
10291,3,LR,0,0
10299,3,LR,0,0
10312,3,LR,1,1
10318,3,LR,0,0
10321,3,LR,0,0
10329,3,LR,0,0
10336,3,LR,0,0
10341,3,LR,0,0
10346,3,LR,0,0
10350,3,LR,0,0
10355,3,LR,0,0
10358,3,LR,0,0
10360,3,LR,0,0
10372,3,LR,0,0
10373,3,LR,0,0
10375,3,LR,0,0
10376,3,LR,0,0
10381,3,LR,0,0
10389,3,LR,1,0
10401,3,LR,0,1
10403,3,LR,0,0
10408,3,LR,0,0
10414,3,LR,0,0
10427,3,LR,0,0
10428,3,LR,0,0
10448,3,LR,0,0
10463,3,LR,0,0
10473,3,LR,0,0
10477,3,LR,0,0
10478,3,LR,0,0
10482,3,LR,0,0
10483,3,LR,0,0
10491,3,LR,0,0
10495,3,LR,0,0
10521,3,LR,0,0
10528,3,LR,1,0
10533,3,LR,1,1
10543,3,LR,0,0
10548,3,LR,0,0
10552,3,LR,0,0
10554,3,LR,1,0
10565,3,LR,1,1
10573,3,LR,0,0
10575,3,LR,1,1
10580,3,LR,0,0
10582,3,LR,0,0
10583,3,LR,0,0
10584,3,LR,0,0
10589,3,LR,0,0
10594,3,LR,0,0
10600,3,LR,1,1
10605,3,LR,0,0
10617,3,LR,0,0
10620,3,LR,0,0
10623,3,LR,1,1
10633,3,LR,0,0
10636,3,LR,0,0
10639,3,LR,0,1
10644,3,LR,1,1
10645,3,LR,0,0
10647,3,LR,0,0
10648,3,LR,0,0
10652,3,LR,0,0
10657,3,LR,0,0
10669,3,LR,0,0
10670,3,LR,0,0
10680,3,LR,0,0
10684,3,LR,0,0
10688,3,LR,0,0
10693,3,LR,0,0
10694,3,LR,0,0
10696,3,LR,0,0
10703,3,LR,0,0
10704,3,LR,0,0
10708,3,LR,0,0
10714,3,LR,0,0
10715,3,LR,1,1
10732,3,LR,0,0
10748,3,LR,0,0
10751,3,LR,0,0
10753,3,LR,0,0
10766,3,LR,0,0
10773,3,LR,0,0
10782,3,LR,0,0
10791,3,LR,0,0
10797,3,LR,0,0
10803,3,LR,1,1
10805,3,LR,0,0
10809,3,LR,0,0
10812,3,LR,0,0
10828,3,LR,0,0
10836,3,LR,1,1
10840,3,LR,0,0
10843,3,LR,0,0
10844,3,LR,1,0
10847,3,LR,0,0
10854,3,LR,0,0
10860,3,LR,0,0
10862,3,LR,0,0
10864,3,LR,0,0
10872,3,LR,1,1
10882,3,LR,0,0
10883,3,LR,0,0
10884,3,LR,0,0
10889,3,LR,0,0
10893,3,LR,0,0
10894,3,LR,0,0
10902,3,LR,0,0
10903,3,LR,0,0
10908,3,LR,0,0
10912,3,LR,0,0
10913,3,LR,0,1
10918,3,LR,1,1
10923,3,LR,1,1
10927,3,LR,0,0
10930,3,LR,0,0
10942,3,LR,0,0
10951,3,LR,0,0
10953,3,LR,0,0
10956,3,LR,0,0
10958,3,LR,0,0
10976,3,LR,0,0
10977,3,LR,0,0
10978,3,LR,0,0
10988,3,LR,0,0
10999,3,LR,0,0
11010,3,LR,0,0
11014,3,LR,0,0
11015,3,LR,0,0
11018,3,LR,0,0
11019,3,LR,0,0
11025,3,LR,0,0
11028,3,LR,0,0
11031,3,LR,0,0
11036,3,LR,0,0
11040,3,LR,0,0
11050,3,LR,0,0
11054,3,LR,0,0
11060,3,LR,1,1
11068,3,LR,0,0
11071,3,LR,0,0
11077,3,LR,0,0
11080,3,LR,0,0
11083,3,LR,0,0
11085,3,LR,0,0
11088,3,LR,0,0
11089,3,LR,1,1
11106,3,LR,0,0
11110,3,LR,0,0
11112,3,LR,0,0
11114,3,LR,0,0
11124,3,LR,0,0
11127,3,LR,0,0
11132,3,LR,0,0
11136,3,LR,0,0
11137,3,LR,0,0
11138,3,LR,0,0
11145,3,LR,0,0
11156,3,LR,0,0
11164,3,LR,0,0
11170,3,LR,0,1
11178,3,LR,0,0
11182,3,LR,1,1
11184,3,LR,0,0
11200,3,LR,0,0
11207,3,LR,0,0
11222,3,LR,0,0
11226,3,LR,0,0
11227,3,LR,0,1
11233,3,LR,1,1
11234,3,LR,0,0
11246,3,LR,0,0
11250,3,LR,0,0
11257,3,LR,0,0
11259,3,LR,0,0
11265,3,LR,0,1
11274,3,LR,0,0
11282,3,LR,0,0
11289,3,LR,0,0
11290,3,LR,0,0
11299,3,LR,1,0
11300,3,LR,0,0
11303,3,LR,0,0
11320,3,LR,0,0
11325,3,LR,1,1
11326,3,LR,0,0
11329,3,LR,0,0
11330,3,LR,0,0
11335,3,LR,0,0
11338,3,LR,0,0
11348,3,LR,0,0
11354,3,LR,0,0
11357,3,LR,1,1
11358,3,LR,1,1
11368,3,LR,0,0
11372,3,LR,0,0
11378,3,LR,0,0
11382,3,LR,0,0
11390,3,LR,1,0
11391,3,LR,0,0
11392,3,LR,0,0
11400,3,LR,0,0
11403,3,LR,0,0
11409,3,LR,0,0
11413,3,LR,0,0
11415,3,LR,1,1
11423,3,LR,0,0
11429,3,LR,0,0
11431,3,LR,0,0
11433,3,LR,0,1
11434,3,LR,0,0
11437,3,LR,0,0
11439,3,LR,0,0
11440,3,LR,0,0
11453,3,LR,0,0
11459,3,LR,0,0
11461,3,LR,0,0
11463,3,LR,1,1
11464,3,LR,0,0
11471,3,LR,0,0
11472,3,LR,1,1
11479,3,LR,0,0
11485,3,LR,0,0
11486,3,LR,0,0
11487,3,LR,0,0
11488,3,LR,0,0
11490,3,LR,0,0
11493,3,LR,1,0
11497,3,LR,0,0
11502,3,LR,0,0
11506,3,LR,0,0
11508,3,LR,0,0
11526,3,LR,0,0
11529,3,LR,0,0
11534,3,LR,0,0
11545,3,LR,0,0
11547,3,LR,0,0
11550,3,LR,0,0
11551,3,LR,1,1
11565,3,LR,0,0
11566,3,LR,0,0
11571,3,LR,0,0
11578,3,LR,0,0
11590,3,LR,0,0
11591,3,LR,0,0
11604,3,LR,0,0
11609,3,LR,0,0
11614,3,LR,0,0
11617,3,LR,0,0
11618,3,LR,0,0
11622,3,LR,0,0
11628,3,LR,0,0
11633,3,LR,0,0
11635,3,LR,0,0
11636,3,LR,0,0
11642,3,LR,0,0
11649,3,LR,0,0
11652,3,LR,0,0
11653,3,LR,1,1
11657,3,LR,0,0
11662,3,LR,0,0
11665,3,LR,0,0
11687,3,LR,0,0
11694,3,LR,0,0
11696,3,LR,0,0
11711,3,LR,0,0
11712,3,LR,1,1
11725,3,LR,0,0
11734,3,LR,1,0
11735,3,LR,0,0
11738,3,LR,0,0
11742,3,LR,0,0
11745,3,LR,0,0
11748,3,LR,1,1
11761,3,LR,0,0
11762,3,LR,0,0
11763,3,LR,1,1
11764,3,LR,0,0
11777,3,LR,0,0
11781,3,LR,0,0
11783,3,LR,0,0
11790,3,LR,0,0
11792,3,LR,0,0
11807,3,LR,0,0
11817,3,LR,0,0
11818,3,LR,1,1
11821,3,LR,0,0
11823,3,LR,0,0
11826,3,LR,0,0
11827,3,LR,0,0
11829,3,LR,0,0
11837,3,LR,0,0
11838,3,LR,0,0
11840,3,LR,0,0
11844,3,LR,0,0
11850,3,LR,0,0
11859,3,LR,0,0
11862,3,LR,0,0
11866,3,LR,0,0
11867,3,LR,0,0
11880,3,LR,0,0
11885,3,LR,1,1
11888,3,LR,0,0
11894,3,LR,0,0
11896,3,LR,0,0
11900,3,LR,1,1
11919,3,LR,0,0
11920,3,LR,0,0
11931,3,LR,1,1
11933,3,LR,0,0
11938,3,LR,0,0
11939,3,LR,0,0
11943,3,LR,0,0
11944,3,LR,1,1
11949,3,LR,1,1
11959,3,LR,0,0
11963,3,LR,0,0
11969,3,LR,0,0
11976,3,LR,0,0
11977,3,LR,0,0
11979,3,LR,0,0
11988,3,LR,0,0
11999,3,LR,1,1
12001,3,LR,0,0
12002,3,LR,0,0
12004,3,LR,1,1
12009,3,LR,1,1
12014,3,LR,0,0
12015,3,LR,0,0
12020,3,LR,0,0
12038,3,LR,0,0
12039,3,LR,0,0
12044,3,LR,0,0
12047,3,LR,0,0
12052,3,LR,0,0
12053,3,LR,0,0
12055,3,LR,0,0
12066,3,LR,0,0
12069,3,LR,0,0
12079,3,LR,0,0
12080,3,LR,1,1
12081,3,LR,0,0
12085,3,LR,0,0
12086,3,LR,0,0
12092,3,LR,0,0
12104,3,LR,0,0
12111,3,LR,0,0
12117,3,LR,0,0
12125,3,LR,0,0
12133,3,LR,0,0
12145,3,LR,0,0
12147,3,LR,0,0
12150,3,LR,0,0
12152,3,LR,0,0
12157,3,LR,0,0
12159,3,LR,0,0
12161,3,LR,0,0
12165,3,LR,0,0
12166,3,LR,0,0
12167,3,LR,0,0
12170,3,LR,0,0
12180,3,LR,0,0
12188,3,LR,0,0
12202,3,LR,0,0
12207,3,LR,1,1
12209,3,LR,0,0
12210,3,LR,0,0
12215,3,LR,0,0
12221,3,LR,0,0
12224,3,LR,0,0
12227,3,LR,1,1
12230,3,LR,1,1
12237,3,LR,0,0
12246,3,LR,0,0
12256,3,LR,0,0
12262,3,LR,0,0
12269,3,LR,1,1
12271,3,LR,0,0
12275,3,LR,1,0
12280,3,LR,0,0
12298,3,LR,0,0
12304,3,LR,0,0
12307,3,LR,0,0
12310,3,LR,0,0
12313,3,LR,0,0
12317,3,LR,0,0
12329,3,LR,0,0
12331,3,LR,0,0
12334,3,LR,0,0
12341,3,LR,0,0
12344,3,LR,0,0
12362,3,LR,0,0
12364,3,LR,0,0
12365,3,LR,0,0
12372,3,LR,0,0
12376,3,LR,1,0
12379,3,LR,0,0
12380,3,LR,0,0
12382,3,LR,1,1
12390,3,LR,0,0
12391,3,LR,0,0
12397,3,LR,0,0
12402,3,LR,0,0
12406,3,LR,0,0
12409,3,LR,0,1
12428,3,LR,0,0
12435,3,LR,1,1
12439,3,LR,0,0
12454,3,LR,0,0
12459,3,LR,0,0
12460,3,LR,0,0
12463,3,LR,0,0
12466,3,LR,1,1
12467,3,LR,0,0
12468,3,LR,0,0
12470,3,LR,0,1
12476,3,LR,0,0
12487,3,LR,0,0
12493,3,LR,0,0
12502,3,LR,0,0
12505,3,LR,0,0
12506,3,LR,0,0
12514,3,LR,0,0
12516,3,LR,0,0
12519,3,LR,0,0
12526,3,LR,1,0
12550,3,LR,0,0
12562,3,LR,0,0
12567,3,LR,0,0
12574,3,LR,0,0
12576,3,LR,1,1
12582,3,LR,0,0
12583,3,LR,0,1
12587,3,LR,0,0
12588,3,LR,0,0
12589,3,LR,0,0
12593,3,LR,0,0
12598,3,LR,1,0
12600,3,LR,1,1
12607,3,LR,0,0
12610,3,LR,0,0
12613,3,LR,1,1
12615,3,LR,0,0
12617,3,LR,0,0
12618,3,LR,0,0
12626,3,LR,0,0
12628,3,LR,0,0
12632,3,LR,0,0
12647,3,LR,0,0
12651,3,LR,0,0
12655,3,LR,0,0
12657,3,LR,0,0
12669,3,LR,0,0
12671,3,LR,0,0
12673,3,LR,0,1
12679,3,LR,0,0
12683,3,LR,0,0
12689,3,LR,0,0
12691,3,LR,1,1
12692,3,LR,0,0
12694,3,LR,1,1
12696,3,LR,0,0
12713,3,LR,0,0
12716,3,LR,0,0
12718,3,LR,0,0
12721,3,LR,1,1
12728,3,LR,0,0
12731,3,LR,0,0
12732,3,LR,1,1
12733,3,LR,0,0
12734,3,LR,0,0
12737,3,LR,0,0
12742,3,LR,0,0
12752,3,LR,0,0
12754,3,LR,0,0
12757,3,LR,0,0
12759,3,LR,0,0
12760,3,LR,0,0
12768,3,LR,0,0
12770,3,LR,0,0
12772,3,LR,0,0
12773,3,LR,0,0
12774,3,LR,0,0
12779,3,LR,0,0
12781,3,LR,0,0
12782,3,LR,0,0
12784,3,LR,0,0
12787,3,LR,0,0
12789,3,LR,0,0
12791,3,LR,0,0
12792,3,LR,1,0
12795,3,LR,0,0
12796,3,LR,0,0
12801,3,LR,0,0
12812,3,LR,0,0
12814,3,LR,0,0
12817,3,LR,0,0
12818,3,LR,1,1
12824,3,LR,0,0
12825,3,LR,0,0
12831,3,LR,0,0
12835,3,LR,0,0
12841,3,LR,0,0
12842,3,LR,0,0
12845,3,LR,0,0
12850,3,LR,0,0
12854,3,LR,0,0
12863,3,LR,0,0
12867,3,LR,0,0
12875,3,LR,1,1
12881,3,LR,0,0
12886,3,LR,0,0
12890,3,LR,0,1
12893,3,LR,0,0
12895,3,LR,0,0
12899,3,LR,0,0
12903,3,LR,0,0
12907,3,LR,1,0
12908,3,LR,0,0
12910,3,LR,0,0
12917,3,LR,0,0
12936,3,LR,0,0
12953,3,LR,0,0
12956,3,LR,0,0
12959,3,LR,1,1
12962,3,LR,0,0
12965,3,LR,0,0
12967,3,LR,0,0
12969,3,LR,0,0
12973,3,LR,0,0
12974,3,LR,0,0
12976,3,LR,0,0
12984,3,LR,0,0
12995,3,LR,0,0
12996,3,LR,1,1
12997,3,LR,0,0
12999,3,LR,1,1
13002,3,LR,1,1
13003,3,LR,0,0
13014,3,LR,0,0
13015,3,LR,0,0
13016,3,LR,0,0
13023,3,LR,0,0
13024,3,LR,0,0
13026,3,LR,0,1
13027,3,LR,0,0
13037,3,LR,0,0
13038,3,LR,1,1
13039,3,LR,0,0
13046,3,LR,1,1
13053,3,LR,1,1
13055,3,LR,0,0
13059,3,LR,0,0
13064,3,LR,1,0
13065,3,LR,1,1
13066,3,LR,0,0
13067,3,LR,0,0
13068,3,LR,0,0
13077,3,LR,0,0
13080,3,LR,0,0
13081,3,LR,0,0
13086,3,LR,0,0
13091,3,LR,0,0
13103,3,LR,0,1
13104,3,LR,0,0
13114,3,LR,0,0
13115,3,LR,0,0
13117,3,LR,0,0
13127,3,LR,0,0
13128,3,LR,0,0
13135,3,LR,0,0
13140,3,LR,0,0
13147,3,LR,0,0
13148,3,LR,0,0
13152,3,LR,0,0
13156,3,LR,0,0
13169,3,LR,0,0
13172,3,LR,0,0
13182,3,LR,1,1
13187,3,LR,0,0
13191,3,LR,0,0
13194,3,LR,0,0
13195,3,LR,0,0
13203,3,LR,0,0
13204,3,LR,0,0
13208,3,LR,0,0
13212,3,LR,1,1
13218,3,LR,0,0
13221,3,LR,0,0
13226,3,LR,0,0
13229,3,LR,0,0
13240,3,LR,1,1
13246,3,LR,0,1
13249,3,LR,0,0
13252,3,LR,0,0
13258,3,LR,0,0
13259,3,LR,0,0
13266,3,LR,1,1
13267,3,LR,0,0
13273,3,LR,0,0
13277,3,LR,0,0
13278,3,LR,0,0
13283,3,LR,1,1
13284,3,LR,0,0
13299,3,LR,0,0
13300,3,LR,0,0
13307,3,LR,1,1
13313,3,LR,1,0
13321,3,LR,0,0
13326,3,LR,0,0
13330,3,LR,0,0
13334,3,LR,0,0
13335,3,LR,0,0
13344,3,LR,0,0
13347,3,LR,0,0
13349,3,LR,1,1
13352,3,LR,0,0
13359,3,LR,0,0
13364,3,LR,0,0
13365,3,LR,0,0
13366,3,LR,0,0
13367,3,LR,0,0
13372,3,LR,0,0
13391,3,LR,1,1
13398,3,LR,0,0
13404,3,LR,0,0
13406,3,LR,1,1
13407,3,LR,1,1
13411,3,LR,0,0
13416,3,LR,0,0
13430,3,LR,0,0
13431,3,LR,0,0
13439,3,LR,0,0
13448,3,LR,0,0
13449,3,LR,1,1
13451,3,LR,0,0
13454,3,LR,0,0
13461,3,LR,0,0
13463,3,LR,0,0
13480,3,LR,0,0
13484,3,LR,0,0
13493,3,LR,0,0
13499,3,LR,0,0
13509,3,LR,0,0
13512,3,LR,0,0
13516,3,LR,0,0
13523,3,LR,0,0
13526,3,LR,1,1
13527,3,LR,0,0
13530,3,LR,0,0
13534,3,LR,0,0
13537,3,LR,1,0
13538,3,LR,0,0
13546,3,LR,0,0
13552,3,LR,0,0
13556,3,LR,0,0
13560,3,LR,0,0
13570,3,LR,1,1
13579,3,LR,1,1
13582,3,LR,0,0
13595,3,LR,0,0
13598,3,LR,0,0
13602,3,LR,0,0
13609,3,LR,0,0
13614,3,LR,0,0
13641,3,LR,1,1
13646,3,LR,0,0
13648,3,LR,0,0
13649,3,LR,0,1
13652,3,LR,0,0
13653,3,LR,0,0
13657,3,LR,0,0
13663,3,LR,0,0
13665,3,LR,0,0
13668,3,LR,0,0
13669,3,LR,0,0
13670,3,LR,0,0
13675,3,LR,0,0
13684,3,LR,0,0
13688,3,LR,1,1
13699,3,LR,0,0
13711,3,LR,1,1
13713,3,LR,0,0
13717,3,LR,0,0
13718,3,LR,0,0
13728,3,LR,0,0
13731,3,LR,1,1
13732,3,LR,0,0
13735,3,LR,0,0
13754,3,LR,0,0
13756,3,LR,0,0
13775,3,LR,0,0
13776,3,LR,0,1
13781,3,LR,0,0
13782,3,LR,0,0
13783,3,LR,0,0
13785,3,LR,0,0
13787,3,LR,0,0
13790,3,LR,0,0
13792,3,LR,0,0
13797,3,LR,0,0
13802,3,LR,0,0
13808,3,LR,0,0
13810,3,LR,0,0
13811,3,LR,1,1
13817,3,LR,0,0
13822,3,LR,0,0
13862,3,LR,0,0
13863,3,LR,0,0
13866,3,LR,1,1
13875,3,LR,0,0
13876,3,LR,0,0
13877,3,LR,0,0
13899,3,LR,0,0
13902,3,LR,1,1
13903,3,LR,1,1
13921,3,LR,0,0
13929,3,LR,0,0
13935,3,LR,0,0
13936,3,LR,0,0
13937,3,LR,0,0
13945,3,LR,0,0
13947,3,LR,0,0
13951,3,LR,1,1
13970,3,LR,0,0
13976,3,LR,1,1
13978,3,LR,0,1
13984,3,LR,0,0
13995,3,LR,0,0
14002,3,LR,0,0
14004,3,LR,0,0
14007,3,LR,0,1
14021,3,LR,0,0
14024,3,LR,0,0
14027,3,LR,0,0
14034,3,LR,1,1
14036,3,LR,0,0
14044,3,LR,0,0
14048,3,LR,0,0
14064,3,LR,0,0
14069,3,LR,1,1
14072,3,LR,0,0
14074,3,LR,1,1
14076,3,LR,0,0
14078,3,LR,0,0
14081,3,LR,0,0
14084,3,LR,0,0
14086,3,LR,0,0
14093,3,LR,0,0
14114,3,LR,0,0
14119,3,LR,0,0
14123,3,LR,1,1
14125,3,LR,0,0
14126,3,LR,0,0
14132,3,LR,0,0
14137,3,LR,0,0
14142,3,LR,0,0
14148,3,LR,0,0
14152,3,LR,1,1
14156,3,LR,0,0
14164,3,LR,0,0
14166,3,LR,0,0
14168,3,LR,0,0
14187,3,LR,0,0
14189,3,LR,0,0
14196,3,LR,0,0
14208,3,LR,0,0
14215,3,LR,0,0
14216,3,LR,0,0
14226,3,LR,0,0
14230,3,LR,1,1
14240,3,LR,0,0
14242,3,LR,1,1
14249,3,LR,0,0
14250,3,LR,1,0
14259,3,LR,0,0
14265,3,LR,0,0
14272,3,LR,0,0
14290,3,LR,0,0
14292,3,LR,0,0
14293,3,LR,0,0
14306,3,LR,0,0
14319,3,LR,0,0
14325,3,LR,0,0
14330,3,LR,0,0
14334,3,LR,0,0
14337,3,LR,0,0
14339,3,LR,0,0
14357,3,LR,1,1
14361,3,LR,0,0
14374,3,LR,0,0
14381,3,LR,0,0
14391,3,LR,0,0
14395,3,LR,1,1
14398,3,LR,0,0
14402,3,LR,0,0
14414,3,LR,0,0
14416,3,LR,0,0
14417,3,LR,1,1
14423,3,LR,0,0
14424,3,LR,0,0
14432,3,LR,0,0
14435,3,LR,0,0
14452,3,LR,0,0
14456,3,LR,1,1
14457,3,LR,0,0
14460,3,LR,1,1
14464,3,LR,0,0
14469,3,LR,0,0
14474,3,LR,0,0
14482,3,LR,0,0
14489,3,LR,0,0
14491,3,LR,0,0
14498,3,LR,1,0
14502,3,LR,0,0
14508,3,LR,0,0
14523,3,LR,1,1
14529,3,LR,0,0
14531,3,LR,0,0
14536,3,LR,0,0
14540,3,LR,0,0
14552,3,LR,0,0
14583,3,LR,0,0
14585,3,LR,0,0
14593,3,LR,0,0
14596,3,LR,0,0
14606,3,LR,0,0
14608,3,LR,0,0
14610,3,LR,0,0
14615,3,LR,0,0
14616,3,LR,0,1
14618,3,LR,1,1
14619,3,LR,0,0
14638,3,LR,1,1
14644,3,LR,0,0
14648,3,LR,0,0
14657,3,LR,1,1
14669,3,LR,0,1
14671,3,LR,0,0
14675,3,LR,0,0
14678,3,LR,0,0
14696,3,LR,0,0
14699,3,LR,0,0
14700,3,LR,0,0
14703,3,LR,0,0
14705,3,LR,0,0
14707,3,LR,0,0
14708,3,LR,0,0
14711,3,LR,0,0
14718,3,LR,0,0
14729,3,LR,0,1
14740,3,LR,1,0
14741,3,LR,0,0
14748,3,LR,0,0
14750,3,LR,0,0
14751,3,LR,1,1
14754,3,LR,1,0
14756,3,LR,0,0
14759,3,LR,0,0
14763,3,LR,0,0
14770,3,LR,0,0
14786,3,LR,1,0
14792,3,LR,0,0
14793,3,LR,0,0
14805,3,LR,0,0
14806,3,LR,1,1
14810,3,LR,0,0
14813,3,LR,0,0
14815,3,LR,0,0
14824,3,LR,0,0
14833,3,LR,0,0
14844,3,LR,0,0
14846,3,LR,0,0
14851,3,LR,0,0
14858,3,LR,1,1
14859,3,LR,0,0
14860,3,LR,0,0
14865,3,LR,0,0
14869,3,LR,0,0
14872,3,LR,1,1
14877,3,LR,0,0
14883,3,LR,0,0
14914,3,LR,1,0
14918,3,LR,0,0
14921,3,LR,0,0
14930,3,LR,0,0
14931,3,LR,0,0
14940,3,LR,0,0
14951,3,LR,0,0
14954,3,LR,0,0
14957,3,LR,0,0
14962,3,LR,0,0
14963,3,LR,0,0
14966,3,LR,0,0
14968,3,LR,0,0
14981,3,LR,0,1
14985,3,LR,0,0
14990,3,LR,0,1
14995,3,LR,0,0
15003,3,LR,0,0
15017,3,LR,0,0
15021,3,LR,0,0
15022,3,LR,1,1
15024,3,LR,0,0
15025,3,LR,1,1
15030,3,LR,0,0
15043,3,LR,0,0
15059,3,LR,0,1
15067,3,LR,0,0
15069,3,LR,0,0
15078,3,LR,0,0
15079,3,LR,0,0
15087,3,LR,1,1
15089,3,LR,0,0
15090,3,LR,0,0
15095,3,LR,0,0
15110,3,LR,0,0
15112,3,LR,0,0
15115,3,LR,0,0
15118,3,LR,0,0
15122,3,LR,1,1
15127,3,LR,0,0
15149,3,LR,0,0
15152,3,LR,0,0
15155,3,LR,0,0
15166,3,LR,1,1
15167,3,LR,0,0
15169,3,LR,0,0
15174,3,LR,0,0
15179,3,LR,0,0
15187,3,LR,0,0
15191,3,LR,0,1
15198,3,LR,1,0
15204,3,LR,0,0
15209,3,LR,0,0
15214,3,LR,0,0
15222,3,LR,0,0
15237,3,LR,0,0
15248,3,LR,1,1
15251,3,LR,0,0
15259,3,LR,0,0
15261,3,LR,0,0
15266,3,LR,0,0
15275,3,LR,0,0
15282,3,LR,0,1
15285,3,LR,0,0
15286,3,LR,1,0
15290,3,LR,0,0
15293,3,LR,0,0
15299,3,LR,0,0
15307,3,LR,0,0
15316,3,LR,0,0
15329,3,LR,0,0
15332,3,LR,0,0
15333,3,LR,1,1
15334,3,LR,0,0
15341,3,LR,0,0
15345,3,LR,1,1
15354,3,LR,0,0
15355,3,LR,0,0
15368,3,LR,0,0
15378,3,LR,0,0
15382,3,LR,0,0
15385,3,LR,0,0
15403,3,LR,0,0
15404,3,LR,0,0
15406,3,LR,0,0
15409,3,LR,0,0
15412,3,LR,0,0
15414,3,LR,0,0
15416,3,LR,0,0
15417,3,LR,0,0
15420,3,LR,0,0
15428,3,LR,0,0
15430,3,LR,0,0
15448,3,LR,0,0
15462,3,LR,0,0
15463,3,LR,0,0
15464,3,LR,0,0
15469,3,LR,0,0
15472,3,LR,1,1
15473,3,LR,0,0
15474,3,LR,0,0
15475,3,LR,1,1
15476,3,LR,0,0
15481,3,LR,0,0
15503,3,LR,0,0
15506,3,LR,0,0
15514,3,LR,0,0
15516,3,LR,0,0
15520,3,LR,0,0
15532,3,LR,1,1
15535,3,LR,0,0
15537,3,LR,0,0
15549,3,LR,0,0
15562,3,LR,0,0
15568,3,LR,0,0
15577,3,LR,0,0
15585,3,LR,0,0
15589,3,LR,0,0
15592,3,LR,0,0
15600,3,LR,0,0
15601,3,LR,0,0
15606,3,LR,0,0
15615,3,LR,0,0
15620,3,LR,0,0
15624,3,LR,1,1
15629,3,LR,0,0
15638,3,LR,0,0
15639,3,LR,0,0
15640,3,LR,0,0
15643,3,LR,0,0
15645,3,LR,0,0
15646,3,LR,0,0
15657,3,LR,0,0
15659,3,LR,0,0
15667,3,LR,0,0
15670,3,LR,0,0
15673,3,LR,0,0
15679,3,LR,0,0
15690,3,LR,0,0
15693,3,LR,0,0
15700,3,LR,1,1
15701,3,LR,0,0
15703,3,LR,0,0
15713,3,LR,0,0
15715,3,LR,0,0
15728,3,LR,0,0
15730,3,LR,0,0
15739,3,LR,0,0
15740,3,LR,0,0
15744,3,LR,0,0
15746,3,LR,1,0
15749,3,LR,0,0
15755,3,LR,0,0
15762,3,LR,0,0
15763,3,LR,0,0
15780,3,LR,0,0
15786,3,LR,0,0
15787,3,LR,1,1
15793,3,LR,0,0
15794,3,LR,0,0
15800,3,LR,0,0
15803,3,LR,0,0
15808,3,LR,0,0
15812,3,LR,0,0
15819,3,LR,1,1
15823,3,LR,0,0
15824,3,LR,1,1
15827,3,LR,0,0
15831,3,LR,0,0
15835,3,LR,0,0
15838,3,LR,0,0
15843,3,LR,1,1
15844,3,LR,0,0
15846,3,LR,0,0
15847,3,LR,0,0
15848,3,LR,0,0
15854,3,LR,0,0
15860,3,LR,0,0
15865,3,LR,0,0
15875,3,LR,0,0
15876,3,LR,0,0
15879,3,LR,1,1
15887,3,LR,0,0
15892,3,LR,0,0
15894,3,LR,0,0
15900,3,LR,0,0
15907,3,LR,0,0
15911,3,LR,1,1
15917,3,LR,0,0
15918,3,LR,0,0
15921,3,LR,0,0
15922,3,LR,0,0
15924,3,LR,0,0
15949,3,LR,0,0
15952,3,LR,0,0
15953,3,LR,0,0
15954,3,LR,1,1
15959,3,LR,0,0
15966,3,LR,0,0
15967,3,LR,0,0
16002,3,LR,0,0
16003,3,LR,0,0
16005,3,LR,0,0
16007,3,LR,0,0
16009,3,LR,1,1
16016,3,LR,0,0
16025,3,LR,0,0
16027,3,LR,0,0
16031,3,LR,0,0
16036,3,LR,0,0
16042,3,LR,0,1
16046,3,LR,0,0
16047,3,LR,1,1
16050,3,LR,0,0
16056,3,LR,0,0
16064,3,LR,0,0
16065,3,LR,0,0
16068,3,LR,0,0
16072,3,LR,0,0
16078,3,LR,0,0
16079,3,LR,0,0
16087,3,LR,0,0
16090,3,LR,0,0
16096,3,LR,0,0
16103,3,LR,0,0
16106,3,LR,0,0
16111,3,LR,0,0
16119,3,LR,0,0
16120,3,LR,1,1
16121,3,LR,0,0
16133,3,LR,0,0
16135,3,LR,0,0
16138,3,LR,0,0
16139,3,LR,0,0
16142,3,LR,0,0
16148,3,LR,0,0
16151,3,LR,0,0
16157,3,LR,0,0
16163,3,LR,0,0
16177,3,LR,1,1
16178,3,LR,0,0
16182,3,LR,1,1
16183,3,LR,1,1
16187,3,LR,0,0
16194,3,LR,0,0
16198,3,LR,0,1
16216,3,LR,0,0
16222,3,LR,0,0
16227,3,LR,0,0
16228,3,LR,1,1
16236,3,LR,0,1
16238,3,LR,0,0
16242,3,LR,0,0
16244,3,LR,0,0
16248,3,LR,0,0
16251,3,LR,0,0
16275,3,LR,0,0
16281,3,LR,1,1
16282,3,LR,0,0
16285,3,LR,0,0
16296,3,LR,0,0
16299,3,LR,1,1
16309,3,LR,0,0
16327,3,LR,0,0
16336,3,LR,1,0
16346,3,LR,0,0
16354,3,LR,0,0
16365,3,LR,0,0
16387,3,LR,0,0
16389,3,LR,1,1
16392,3,LR,0,0
16402,3,LR,0,1
16406,3,LR,0,0
16407,3,LR,0,0
16409,3,LR,0,1
16414,3,LR,0,0
16416,3,LR,0,0
16420,3,LR,0,0
16424,3,LR,0,0
16426,3,LR,0,0
16437,3,LR,0,0
16438,3,LR,1,1
16447,3,LR,1,0
16453,3,LR,0,0
16458,3,LR,0,0
16461,3,LR,0,0
16469,3,LR,0,0
16475,3,LR,0,0
16476,3,LR,0,0
16479,3,LR,1,1
16481,3,LR,0,0
16483,3,LR,0,0
16484,3,LR,0,0
16485,3,LR,0,0
16487,3,LR,1,1
16488,3,LR,0,0
16499,3,LR,0,0
16500,3,LR,0,0
16502,3,LR,0,0
16515,3,LR,0,0
16518,3,LR,1,1
16519,3,LR,0,0
16537,3,LR,0,0
16540,3,LR,0,0
16551,3,LR,0,0
16553,3,LR,0,0
16555,3,LR,0,0
16556,3,LR,0,0
16558,3,LR,0,0
16562,3,LR,0,0
16573,3,LR,0,0
16582,3,LR,0,0
16591,3,LR,0,0
16594,3,LR,0,0
16598,3,LR,0,0
16599,3,LR,0,0
16605,3,LR,1,0
16606,3,LR,0,0
16609,3,LR,0,0
16613,3,LR,0,0
16617,3,LR,0,0
16626,3,LR,0,0
16627,3,LR,0,0
16628,3,LR,0,0
16629,3,LR,0,0
16638,3,LR,0,0
16640,3,LR,0,0
16641,3,LR,1,1
16650,3,LR,0,0
16652,3,LR,0,0
16653,3,LR,0,0
16659,3,LR,0,0
16662,3,LR,0,0
16663,3,LR,1,1
16673,3,LR,0,0
16674,3,LR,0,0
16676,3,LR,0,0
16677,3,LR,0,0
16683,3,LR,0,0
16684,3,LR,0,0
16688,3,LR,0,0
16693,3,LR,0,0
16704,3,LR,0,0
16713,3,LR,0,0
16717,3,LR,0,0
16725,3,LR,0,0
16727,3,LR,0,0
16734,3,LR,0,0
16739,3,LR,0,0
16740,3,LR,1,0
16741,3,LR,0,0
16743,3,LR,0,0
16750,3,LR,0,0
16753,3,LR,0,0
16755,3,LR,0,0
16761,3,LR,0,0
16764,3,LR,0,0
16784,3,LR,1,1
16786,3,LR,0,0
16792,3,LR,0,0
16793,3,LR,0,0
16797,3,LR,0,0
16810,3,LR,0,0
16813,3,LR,0,0
16815,3,LR,0,0
16816,3,LR,0,1
16817,3,LR,0,0
16820,3,LR,1,1
16821,3,LR,1,1
16828,3,LR,0,0
16833,3,LR,0,0
16849,3,LR,0,0
16850,3,LR,0,0
16853,3,LR,0,0
16857,3,LR,0,0
16864,3,LR,0,0
16865,3,LR,0,0
16866,3,LR,0,0
16898,3,LR,0,0
16899,3,LR,1,1
16902,3,LR,0,0
16907,3,LR,0,0
16914,3,LR,0,0
16915,3,LR,0,0
16917,3,LR,0,1
16925,3,LR,0,0
16928,3,LR,0,0
16953,3,LR,0,0
16957,3,LR,0,0
16975,3,LR,0,0
16979,3,LR,0,0
16980,3,LR,0,0
16986,3,LR,0,0
16987,3,LR,1,1
16989,3,LR,1,1
16991,3,LR,1,1
16997,3,LR,0,1
17000,3,LR,0,0
17007,3,LR,0,0
17008,3,LR,0,0
17011,3,LR,0,0
17018,3,LR,0,0
17025,3,LR,0,0
17034,3,LR,0,0
17036,3,LR,0,0
17038,3,LR,0,0
17042,3,LR,0,0
17048,3,LR,0,0
17053,3,LR,0,0
17059,3,LR,0,0
17065,3,LR,0,0
17071,3,LR,0,0
17076,3,LR,0,0
17085,3,LR,0,0
17089,3,LR,0,0
17092,3,LR,0,0
17099,3,LR,0,0
17105,3,LR,0,0
17106,3,LR,0,0
17114,3,LR,0,0
17129,3,LR,1,1
17151,3,LR,0,0
17158,3,LR,0,0
17160,3,LR,0,0
17167,3,LR,0,0
17171,3,LR,0,0
17176,3,LR,0,0
17177,3,LR,1,1
17182,3,LR,0,0
17183,3,LR,0,0
17188,3,LR,0,0
17191,3,LR,0,0
17193,3,LR,0,0
17202,3,LR,0,1
17211,3,LR,0,0
17221,3,LR,0,0
17225,3,LR,0,0
17226,3,LR,0,0
17230,3,LR,0,0
17231,3,LR,0,0
17240,3,LR,0,0
17241,3,LR,0,0
17248,3,LR,0,0
17249,3,LR,0,0
17254,3,LR,0,0
17256,3,LR,0,0
17265,3,LR,1,1
17268,3,LR,0,0
17271,3,LR,0,1
17274,3,LR,0,0
17280,3,LR,0,0
17285,3,LR,0,0
17288,3,LR,0,0
17312,3,LR,0,0
17313,3,LR,1,1
17323,3,LR,0,0
17324,3,LR,0,0
17326,3,LR,0,0
17330,3,LR,0,0
17338,3,LR,0,0
17344,3,LR,0,0
17350,3,LR,0,0
17354,3,LR,0,0
17356,3,LR,0,0
17357,3,LR,0,0
17358,3,LR,0,0
17362,3,LR,0,0
17366,3,LR,1,1
17369,3,LR,0,0
17374,3,LR,0,0
17381,3,LR,1,1
17386,3,LR,0,0
17390,3,LR,0,0
17401,3,LR,0,0
17402,3,LR,1,0
17412,3,LR,1,1
17415,3,LR,0,0
17416,3,LR,0,0
17418,3,LR,0,0
17426,3,LR,0,0
17435,3,LR,0,0
17438,3,LR,0,0
17441,3,LR,0,0
17450,3,LR,0,0
17451,3,LR,0,0
17453,3,LR,0,0
17459,3,LR,0,0
17460,3,LR,0,0
17465,3,LR,0,0
17479,3,LR,0,0
17480,3,LR,1,1
17484,3,LR,0,0
17485,3,LR,1,1
17494,3,LR,0,0
17498,3,LR,0,0
17510,3,LR,0,0
17517,3,LR,0,0
17521,3,LR,1,0
17522,3,LR,0,0
17526,3,LR,1,1
17528,3,LR,0,0
17531,3,LR,0,0
17532,3,LR,0,0
17535,3,LR,0,0
17540,3,LR,0,0
17548,3,LR,0,0
17552,3,LR,0,0
17557,3,LR,1,1
17561,3,LR,1,0
17564,3,LR,0,0
17565,3,LR,0,0
17566,3,LR,0,0
17568,3,LR,1,1
17574,3,LR,0,0
17577,3,LR,0,0
17582,3,LR,0,0
17584,3,LR,0,0
17586,3,LR,0,0
17595,3,LR,0,0
17597,3,LR,0,0
17600,3,LR,0,0
17608,3,LR,0,0
17611,3,LR,0,0
17630,3,LR,0,0
17636,3,LR,0,0
17639,3,LR,0,0
17643,3,LR,0,0
17650,3,LR,0,0
17655,3,LR,0,0
17658,3,LR,0,0
17661,3,LR,0,0
17674,3,LR,0,0
17680,3,LR,0,0
17683,3,LR,0,0
17684,3,LR,0,0
17690,3,LR,0,0
17699,3,LR,0,0
17705,3,LR,0,0
17708,3,LR,0,0
17709,3,LR,0,0
17711,3,LR,0,0
17716,3,LR,0,0
17729,3,LR,0,0
17740,3,LR,0,0
17747,3,LR,0,0
17749,3,LR,0,0
17752,3,LR,1,1
17757,3,LR,0,0
17761,3,LR,0,0
17764,3,LR,1,1
17767,3,LR,0,0
17773,3,LR,1,1
17774,3,LR,0,1
17776,3,LR,0,0
17782,3,LR,0,0
17791,3,LR,0,0
17792,3,LR,0,0
17800,3,LR,0,0
17801,3,LR,1,1
17804,3,LR,0,0
17806,3,LR,1,1
17814,3,LR,0,0
17815,3,LR,0,0
17821,3,LR,0,0
17823,3,LR,0,0
17848,3,LR,0,0
17855,3,LR,1,1
17856,3,LR,0,0
17873,3,LR,0,0
17886,3,LR,0,0
17887,3,LR,0,0
17893,3,LR,0,0
17894,3,LR,0,0
17895,3,LR,0,0
17896,3,LR,0,0
17897,3,LR,0,0
17902,3,LR,0,0
17909,3,LR,0,0
17914,3,LR,0,0
17917,3,LR,1,1
17923,3,LR,0,0
17937,3,LR,0,0
17949,3,LR,0,0
17955,3,LR,0,0
17958,3,LR,0,0
17959,3,LR,0,0
17962,3,LR,0,0
17966,3,LR,0,0
17970,3,LR,0,0
17971,3,LR,0,0
17974,3,LR,0,0
17978,3,LR,0,0
17990,3,LR,0,0
17996,3,LR,1,1
18000,3,LR,0,0
18005,3,LR,0,0
18006,3,LR,0,0
18021,3,LR,0,0
18027,3,LR,0,0
18032,3,LR,1,1
18033,3,LR,0,0
18034,3,LR,0,0
18041,3,LR,0,0
18042,3,LR,0,0
18043,3,LR,1,0
18056,3,LR,0,0
18064,3,LR,0,0
18067,3,LR,0,0
18070,3,LR,0,0
18077,3,LR,1,1
18080,3,LR,0,0
18087,3,LR,0,0
18092,3,LR,0,0
18095,3,LR,0,0
18097,3,LR,0,0
18098,3,LR,0,0
18104,3,LR,0,0
18108,3,LR,0,0
18111,3,LR,0,0
18117,3,LR,0,0
18130,3,LR,0,0
18134,3,LR,0,0
18141,3,LR,0,0
18147,3,LR,0,0
18160,3,LR,0,0
18167,3,LR,0,0
18183,3,LR,0,0
18186,3,LR,0,0
18188,3,LR,0,0
18189,3,LR,0,0
18190,3,LR,0,0
18191,3,LR,0,0
18192,3,LR,0,0
18193,3,LR,0,0
18205,3,LR,0,0
18206,3,LR,0,0
18211,3,LR,0,0
18215,3,LR,0,0
18216,3,LR,1,1
18218,3,LR,0,0
18227,3,LR,0,0
18229,3,LR,0,0
18232,3,LR,0,0
18246,3,LR,0,1
18247,3,LR,0,0
18263,3,LR,0,0
18264,3,LR,0,0
18266,3,LR,0,0
18267,3,LR,0,0
18272,3,LR,1,1
18277,3,LR,0,0
18284,3,LR,0,0
18292,3,LR,0,0
18298,3,LR,0,0
18304,3,LR,1,1
18309,3,LR,0,0
18315,3,LR,0,0
18317,3,LR,0,0
18320,3,LR,0,0
18321,3,LR,0,0
18327,3,LR,0,0
18333,3,LR,1,0
18344,3,LR,0,0
18349,3,LR,0,0
18354,3,LR,0,0
18358,3,LR,0,0
18368,3,LR,0,1
18375,3,LR,0,0
18377,3,LR,0,0
18384,3,LR,1,1
18385,3,LR,0,0
18399,3,LR,0,0
18403,3,LR,0,1
18406,3,LR,0,1
18412,3,LR,0,0
18420,3,LR,1,0
18422,3,LR,0,0
18426,3,LR,0,0
18428,3,LR,0,0
18433,3,LR,0,0
18434,3,LR,0,0
18438,3,LR,0,0
18440,3,LR,0,1
18448,3,LR,0,0
18458,3,LR,0,0
18459,3,LR,0,0
18465,3,LR,0,0
18467,3,LR,0,0
18470,3,LR,0,0
18480,3,LR,0,0
18482,3,LR,0,0
18485,3,LR,0,0
18488,3,LR,0,0
18492,3,LR,0,0
18495,3,LR,0,0
18496,3,LR,0,0
18504,3,LR,0,0
18508,3,LR,0,0
18513,3,LR,0,0
18519,3,LR,0,0
18522,3,LR,0,0
18531,3,LR,0,0
18535,3,LR,0,0
18536,3,LR,0,1
18544,3,LR,0,0
18551,3,LR,0,0
18555,3,LR,1,1
18563,3,LR,0,0
18566,3,LR,0,0
18567,3,LR,0,0
18574,3,LR,0,0
18575,3,LR,0,0
18581,3,LR,0,0
18590,3,LR,0,0
18593,3,LR,0,0
18600,3,LR,0,0
18605,3,LR,0,0
18611,3,LR,0,0
18626,3,LR,0,0
18627,3,LR,0,0
18641,3,LR,0,0
18644,3,LR,0,0
18645,3,LR,1,0
18647,3,LR,0,0
18655,3,LR,0,0
18664,3,LR,1,0
18688,3,LR,0,0
18690,3,LR,0,0
18697,3,LR,0,0
18701,3,LR,0,0
18712,3,LR,0,0
18714,3,LR,0,0
18715,3,LR,0,0
18722,3,LR,0,0
18725,3,LR,0,0
18728,3,LR,0,0
18733,3,LR,0,0
18735,3,LR,0,0
18736,3,LR,0,0
18738,3,LR,0,0
18744,3,LR,0,0
18748,3,LR,0,0
18752,3,LR,0,0
18753,3,LR,0,0
18760,3,LR,0,0
18774,3,LR,0,0
18775,3,LR,0,0
18777,3,LR,1,1
18780,3,LR,0,0
18782,3,LR,1,1
18791,3,LR,0,0
18802,3,LR,0,1
18810,3,LR,0,0
18814,3,LR,0,1
18816,3,LR,0,0
18817,3,LR,0,1
18818,3,LR,0,0
18826,3,LR,0,0
18829,3,LR,0,0
18830,3,LR,1,1
18840,3,LR,0,0
18842,3,LR,0,0
18843,3,LR,0,0
18845,3,LR,0,0
18846,3,LR,0,0
18850,3,LR,1,0
18851,3,LR,0,0
18852,3,LR,0,0
18856,3,LR,0,1
18860,3,LR,0,0
18870,3,LR,0,0
18878,3,LR,0,0
18879,3,LR,0,0
18884,3,LR,0,1
18895,3,LR,0,0
18900,3,LR,0,0
18904,3,LR,0,0
18909,3,LR,0,0
18912,3,LR,0,0
18915,3,LR,0,0
18917,3,LR,1,0
18919,3,LR,0,0
18923,3,LR,0,0
18929,3,LR,0,0
18935,3,LR,0,0
18941,3,LR,1,0
18942,3,LR,0,0
18946,3,LR,0,0
18953,3,LR,1,1
18954,3,LR,0,0
18974,3,LR,0,0
18975,3,LR,0,0
18980,3,LR,0,0
18988,3,LR,0,0
19000,3,LR,1,1
19001,3,LR,0,0
19002,3,LR,0,0
19016,3,LR,0,0
19021,3,LR,0,0
19023,3,LR,0,0
19027,3,LR,0,0
19030,3,LR,0,0
19032,3,LR,0,0
19034,3,LR,0,0
19039,3,LR,1,0
19048,3,LR,1,1
19051,3,LR,0,0
19064,3,LR,0,0
19065,3,LR,1,0
19066,3,LR,0,0
19068,3,LR,0,0
19077,3,LR,0,0
19080,3,LR,0,1
19086,3,LR,0,0
19090,3,LR,0,0
19098,3,LR,0,0
19101,3,LR,0,0
19108,3,LR,0,0
19109,3,LR,1,1
19119,3,LR,0,0
19125,3,LR,0,0
19128,3,LR,0,0
19129,3,LR,0,0
19135,3,LR,0,0
19152,3,LR,0,0
19154,3,LR,0,0
19155,3,LR,0,0
19156,3,LR,0,0
19157,3,LR,1,1
19159,3,LR,0,0
19163,3,LR,0,1
19184,3,LR,0,0
19188,3,LR,0,0
19195,3,LR,0,0
19199,3,LR,0,0
19200,3,LR,0,0
19203,3,LR,0,0
19207,3,LR,1,1
19216,3,LR,0,0
19225,3,LR,1,1
19227,3,LR,0,0
19245,3,LR,0,0
19249,3,LR,0,0
19259,3,LR,0,0
19263,3,LR,0,0
19266,3,LR,0,0
19267,3,LR,0,0
19269,3,LR,0,0
19272,3,LR,0,1
19274,3,LR,0,0
19280,3,LR,0,0
19283,3,LR,0,0
19288,3,LR,0,0
19289,3,LR,0,0
19294,3,LR,0,0
19298,3,LR,0,0
19299,3,LR,1,1
19301,3,LR,0,0
19304,3,LR,1,1
19312,3,LR,0,0
19323,3,LR,0,0
19325,3,LR,1,1
19338,3,LR,0,0
19340,3,LR,0,0
19344,3,LR,0,0
19358,3,LR,0,1
19367,3,LR,1,1
19368,3,LR,0,0
19372,3,LR,1,0
19374,3,LR,0,0
19375,3,LR,0,0
19376,3,LR,0,0
19389,3,LR,0,0
19392,3,LR,0,0
19397,3,LR,0,0
19398,3,LR,0,0
19412,3,LR,0,0
19413,3,LR,0,0
19423,3,LR,0,0
19425,3,LR,0,1
19427,3,LR,0,0
19430,3,LR,0,0
19435,3,LR,1,1
19441,3,LR,0,0
19445,3,LR,0,0
19446,3,LR,0,0
19452,3,LR,0,1
19461,3,LR,0,0
19464,3,LR,0,0
19466,3,LR,0,0
19469,3,LR,0,0
19470,3,LR,0,0
19473,3,LR,0,0
19474,3,LR,0,0
19487,3,LR,0,0
19489,3,LR,0,0
19490,3,LR,0,0
19491,3,LR,0,0
19493,3,LR,0,0
19496,3,LR,0,0
19500,3,LR,0,0
19517,3,LR,0,1
19519,3,LR,1,1
19521,3,LR,0,0
19524,3,LR,0,0
19525,3,LR,0,0
19526,3,LR,0,0
19533,3,LR,0,0
19538,3,LR,0,0
19547,3,LR,0,0
19553,3,LR,0,0
19556,3,LR,1,1
19557,3,LR,0,0
19563,3,LR,0,0
19564,3,LR,0,0
19566,3,LR,0,0
19569,3,LR,0,0
19590,3,LR,0,0
19592,3,LR,0,0
19593,3,LR,0,0
19608,3,LR,0,0
19610,3,LR,0,0
19611,3,LR,0,0
19619,3,LR,0,0
19623,3,LR,1,1
19627,3,LR,0,0
19629,3,LR,0,0
19631,3,LR,1,1
19635,3,LR,0,0
19638,3,LR,0,0
19649,3,LR,0,0
19653,3,LR,0,0
19654,3,LR,1,1
19661,3,LR,0,0
19665,3,LR,0,0
19675,3,LR,0,0
19676,3,LR,0,0
19682,3,LR,0,0
19686,3,LR,0,0
19697,3,LR,0,0
19703,3,LR,1,1
19712,3,LR,1,0
19713,3,LR,0,0
19714,3,LR,0,0
19715,3,LR,0,0
19718,3,LR,0,0
19724,3,LR,0,0
19729,3,LR,0,0
19732,3,LR,0,0
19736,3,LR,0,0
19739,3,LR,0,0
19747,3,LR,0,0
19751,3,LR,0,0
19756,3,LR,0,0
19761,3,LR,0,0
19766,3,LR,0,0
19767,3,LR,0,0
19783,3,LR,0,0
19791,3,LR,0,0
19798,3,LR,0,0
19804,3,LR,0,0
19805,3,LR,0,0
19807,3,LR,0,0
19808,3,LR,0,0
19818,3,LR,0,0
19820,3,LR,1,1
19831,3,LR,0,0
19845,3,LR,0,0
19846,3,LR,0,0
19850,3,LR,0,0
19851,3,LR,0,0
19853,3,LR,0,0
19859,3,LR,0,0
19865,3,LR,0,0
19866,3,LR,0,0
19890,3,LR,0,0
19898,3,LR,0,0
19899,3,LR,0,0
19900,3,LR,0,0
19901,3,LR,1,1
19902,3,LR,0,0
19910,3,LR,0,0
19916,3,LR,0,0
19917,3,LR,0,0
19923,3,LR,0,0
19924,3,LR,1,1
19929,3,LR,0,0
19937,3,LR,0,0
19942,3,LR,0,0
19943,3,LR,0,0
19946,3,LR,1,1
19954,3,LR,0,0
19967,3,LR,0,0
19973,3,LR,0,0
19974,3,LR,0,0
19980,3,LR,0,0
19981,3,LR,0,0
19985,3,LR,1,1
19991,3,LR,0,0
19994,3,LR,0,0
19999,3,LR,0,0
20002,3,LR,0,0
20012,3,LR,1,1
20013,3,LR,0,0
20016,3,LR,0,0
20025,3,LR,0,0
20040,3,LR,0,0
20044,3,LR,0,0
20045,3,LR,0,0
20048,3,LR,0,0
20051,3,LR,0,1
20053,3,LR,0,0
20062,3,LR,0,0
20063,3,LR,0,0
20072,3,LR,0,0
20078,3,LR,0,0
20079,3,LR,0,0
20080,3,LR,0,0
20082,3,LR,0,0
20085,3,LR,0,0
20094,3,LR,0,0
20102,3,LR,0,0
5,4,RF,0,0
11,4,RF,0,1
12,4,RF,0,0
15,4,RF,1,1
20,4,RF,0,0
23,4,RF,0,0
38,4,RF,0,0
40,4,RF,0,0
42,4,RF,1,1
55,4,RF,0,0
57,4,RF,0,0
59,4,RF,1,0
61,4,RF,0,0
67,4,RF,0,0
72,4,RF,0,0
86,4,RF,0,0
87,4,RF,0,0
93,4,RF,0,0
95,4,RF,0,0
107,4,RF,0,0
108,4,RF,0,0
121,4,RF,0,0
124,4,RF,0,0
133,4,RF,1,0
140,4,RF,1,1
141,4,RF,0,0
142,4,RF,0,0
147,4,RF,0,0
153,4,RF,1,1
159,4,RF,0,0
160,4,RF,0,0
164,4,RF,0,0
176,4,RF,0,0
182,4,RF,0,0
184,4,RF,0,0
195,4,RF,0,0
196,4,RF,0,0
200,4,RF,0,0
201,4,RF,0,0
203,4,RF,0,0
207,4,RF,0,0
218,4,RF,0,0
225,4,RF,1,1
226,4,RF,0,0
241,4,RF,0,0
246,4,RF,0,0
257,4,RF,1,1
261,4,RF,0,0
263,4,RF,0,0
274,4,RF,0,0
276,4,RF,0,0
285,4,RF,0,0
296,4,RF,0,0
315,4,RF,0,0
328,4,RF,0,0
329,4,RF,0,0
331,4,RF,0,0
333,4,RF,0,0
334,4,RF,0,0
335,4,RF,0,0
338,4,RF,0,0
344,4,RF,0,0
357,4,RF,0,0
358,4,RF,1,1
383,4,RF,0,0
384,4,RF,0,0
389,4,RF,0,0
392,4,RF,0,0
394,4,RF,0,0
398,4,RF,0,0
400,4,RF,0,0
406,4,RF,0,0
414,4,RF,1,1
416,4,RF,0,0
417,4,RF,0,0
418,4,RF,0,0
426,4,RF,0,0
428,4,RF,0,0
437,4,RF,0,0
440,4,RF,0,0
453,4,RF,0,0
454,4,RF,0,0
458,4,RF,0,1
462,4,RF,0,0
472,4,RF,0,0
473,4,RF,0,0
474,4,RF,0,0
477,4,RF,0,0
478,4,RF,0,0
481,4,RF,0,0
484,4,RF,0,0
492,4,RF,0,0
495,4,RF,1,1
496,4,RF,0,0
501,4,RF,0,0
510,4,RF,0,0
512,4,RF,0,0
534,4,RF,0,0
538,4,RF,0,0
539,4,RF,0,0
549,4,RF,0,0
561,4,RF,0,0
571,4,RF,0,0
578,4,RF,0,0
587,4,RF,0,0
593,4,RF,0,0
594,4,RF,0,0
598,4,RF,0,0
606,4,RF,0,0
608,4,RF,0,0
624,4,RF,0,0
629,4,RF,0,0
631,4,RF,0,0
638,4,RF,0,0
656,4,RF,1,1
657,4,RF,0,0
663,4,RF,0,0
664,4,RF,0,0
669,4,RF,1,0
670,4,RF,0,0
671,4,RF,0,0
672,4,RF,1,1
674,4,RF,1,1
675,4,RF,0,0
682,4,RF,0,0
686,4,RF,0,0
688,4,RF,0,0
691,4,RF,0,0
698,4,RF,0,0
703,4,RF,0,0
705,4,RF,1,1
706,4,RF,0,0
707,4,RF,0,0
712,4,RF,0,0
713,4,RF,0,0
718,4,RF,0,0
723,4,RF,0,0
741,4,RF,0,0
752,4,RF,1,1
757,4,RF,0,0
760,4,RF,0,0
761,4,RF,0,0
764,4,RF,0,0
775,4,RF,0,0
776,4,RF,1,0
777,4,RF,0,0
781,4,RF,0,0
783,4,RF,0,0
786,4,RF,0,0
790,4,RF,0,0
800,4,RF,0,0
802,4,RF,0,0
807,4,RF,0,0
813,4,RF,0,0
814,4,RF,0,0
817,4,RF,0,0
824,4,RF,0,0
828,4,RF,0,0
836,4,RF,0,0
844,4,RF,1,1
845,4,RF,0,0
853,4,RF,0,0
855,4,RF,0,0
860,4,RF,0,0
861,4,RF,0,0
862,4,RF,0,0
864,4,RF,0,0
865,4,RF,0,0
878,4,RF,1,0
888,4,RF,1,1
889,4,RF,0,0
896,4,RF,0,0
907,4,RF,0,0
910,4,RF,1,0
915,4,RF,0,0
916,4,RF,0,0
924,4,RF,0,0
927,4,RF,1,1
933,4,RF,0,0
940,4,RF,0,0
951,4,RF,0,0
955,4,RF,0,0
959,4,RF,0,0
960,4,RF,0,0
965,4,RF,0,0
966,4,RF,0,0
968,4,RF,0,0
971,4,RF,0,0
973,4,RF,0,0
974,4,RF,1,0
979,4,RF,0,0
980,4,RF,0,0
993,4,RF,0,0
996,4,RF,0,0
997,4,RF,1,1
998,4,RF,0,0
999,4,RF,0,0
1011,4,RF,0,0
1023,4,RF,1,1
1052,4,RF,0,0
1056,4,RF,0,0
1059,4,RF,0,0
1063,4,RF,1,1
1066,4,RF,0,0
1067,4,RF,1,1
1072,4,RF,1,1
1074,4,RF,1,0
1076,4,RF,0,0
1080,4,RF,0,0
1081,4,RF,1,1
1088,4,RF,0,0
1099,4,RF,0,0
1107,4,RF,0,0
1108,4,RF,0,0
1109,4,RF,0,0
1113,4,RF,0,0
1114,4,RF,1,1
1117,4,RF,0,0
1118,4,RF,1,0
1119,4,RF,0,0
1122,4,RF,0,0
1125,4,RF,0,0
1126,4,RF,1,0
1127,4,RF,0,0
1131,4,RF,0,0
1137,4,RF,0,0
1139,4,RF,0,0
1140,4,RF,0,0
1141,4,RF,0,0
1145,4,RF,0,0
1163,4,RF,1,0
1169,4,RF,0,0
1170,4,RF,0,0
1181,4,RF,0,0
1186,4,RF,1,1
1192,4,RF,0,0
1197,4,RF,0,0
1201,4,RF,0,0
1223,4,RF,0,0
1229,4,RF,0,0
1231,4,RF,0,0
1233,4,RF,0,0
1235,4,RF,1,1
1245,4,RF,1,1
1269,4,RF,0,0
1276,4,RF,0,0
1285,4,RF,1,1
1289,4,RF,0,0
1301,4,RF,0,0
1303,4,RF,0,0
1305,4,RF,0,0
1309,4,RF,1,1
1323,4,RF,0,0
1326,4,RF,0,0
1328,4,RF,0,0
1331,4,RF,0,0
1336,4,RF,0,0
1339,4,RF,0,0
1341,4,RF,0,0
1342,4,RF,0,0
1343,4,RF,0,0
1352,4,RF,0,0
1355,4,RF,1,1
1370,4,RF,0,0
1372,4,RF,0,0
1373,4,RF,0,0
1384,4,RF,0,0
1391,4,RF,0,0
1392,4,RF,0,0
1393,4,RF,0,0
1425,4,RF,0,0
1427,4,RF,0,0
1428,4,RF,0,0
1429,4,RF,0,0
1434,4,RF,1,1
1452,4,RF,0,0
1458,4,RF,0,0
1460,4,RF,1,0
1462,4,RF,1,1
1467,4,RF,0,0
1479,4,RF,0,0
1480,4,RF,0,0
1481,4,RF,0,0
1488,4,RF,0,0
1489,4,RF,0,0
1499,4,RF,0,0
1505,4,RF,1,1
1521,4,RF,0,0
1523,4,RF,0,0
1527,4,RF,0,0
1531,4,RF,0,0
1538,4,RF,1,1
1539,4,RF,0,0
1546,4,RF,0,0
1552,4,RF,0,0
1554,4,RF,0,0
1561,4,RF,0,0
1566,4,RF,1,1
1567,4,RF,0,0
1572,4,RF,0,0
1576,4,RF,0,0
1581,4,RF,0,0
1589,4,RF,0,0
1598,4,RF,0,0
1600,4,RF,0,0
1603,4,RF,0,0
1605,4,RF,0,0
1613,4,RF,0,0
1615,4,RF,0,0
1616,4,RF,0,0
1620,4,RF,0,0
1621,4,RF,0,0
1622,4,RF,0,0
1626,4,RF,0,0
1631,4,RF,0,0
1634,4,RF,0,0
1637,4,RF,0,0
1638,4,RF,0,0
1642,4,RF,0,0
1649,4,RF,0,0
1652,4,RF,0,0
1660,4,RF,1,0
1664,4,RF,0,0
1665,4,RF,1,1
1667,4,RF,1,1
1668,4,RF,0,0
1672,4,RF,0,0
1673,4,RF,0,0
1675,4,RF,0,0
1677,4,RF,0,0
1681,4,RF,1,1
1687,4,RF,0,0
1690,4,RF,1,1
1692,4,RF,0,0
1693,4,RF,0,1
1694,4,RF,0,0
1699,4,RF,0,0
1701,4,RF,0,0
1702,4,RF,0,0
1703,4,RF,0,0
1705,4,RF,0,0
1709,4,RF,0,0
1715,4,RF,0,0
1720,4,RF,0,0
1728,4,RF,0,0
1729,4,RF,0,0
1734,4,RF,1,1
1735,4,RF,0,0
1742,4,RF,0,0
1744,4,RF,0,0
1759,4,RF,0,0
1763,4,RF,0,0
1764,4,RF,0,0
1768,4,RF,0,0
1772,4,RF,0,0
1774,4,RF,0,0
1784,4,RF,0,0
1797,4,RF,0,0
1805,4,RF,0,0
1809,4,RF,1,1
1816,4,RF,0,0
1820,4,RF,0,0
1823,4,RF,0,0
1830,4,RF,0,0
1836,4,RF,0,0
1838,4,RF,0,0
1845,4,RF,0,0
1856,4,RF,0,0
1857,4,RF,0,0
1858,4,RF,0,0
1863,4,RF,0,0
1866,4,RF,0,0
1867,4,RF,0,0
1875,4,RF,0,0
1876,4,RF,0,0
1878,4,RF,0,0
1882,4,RF,0,0
1884,4,RF,0,0
1885,4,RF,0,0
1887,4,RF,0,0
1889,4,RF,0,0
1890,4,RF,0,0
1892,4,RF,0,0
1894,4,RF,0,0
1898,4,RF,0,0
1904,4,RF,0,0
1907,4,RF,0,0
1914,4,RF,0,0
1915,4,RF,0,0
1916,4,RF,1,1
1920,4,RF,0,0
1923,4,RF,0,0
1927,4,RF,0,0
1931,4,RF,1,0
1932,4,RF,0,1
1941,4,RF,0,0
1943,4,RF,0,0
1952,4,RF,1,1
1974,4,RF,0,0
1975,4,RF,0,0
1977,4,RF,0,0
1982,4,RF,0,0
1983,4,RF,0,1
1986,4,RF,0,0
1994,4,RF,1,0
1995,4,RF,1,1
1996,4,RF,0,0
1997,4,RF,0,0
2004,4,RF,0,0
2008,4,RF,0,1
2009,4,RF,0,1
2013,4,RF,0,0
2022,4,RF,0,0
2023,4,RF,0,0
2024,4,RF,0,0
2038,4,RF,1,1
2043,4,RF,0,0
2044,4,RF,0,0
2046,4,RF,0,0
2047,4,RF,0,0
2051,4,RF,1,1
2056,4,RF,0,0
2059,4,RF,0,0
2067,4,RF,0,0
2071,4,RF,0,0
2081,4,RF,0,0
2086,4,RF,0,0
2091,4,RF,0,0
2106,4,RF,0,0
2111,4,RF,0,0
2116,4,RF,0,0
2117,4,RF,1,0
2134,4,RF,1,1
2143,4,RF,0,0
2147,4,RF,0,0
2163,4,RF,0,0
2166,4,RF,0,0
2169,4,RF,1,1
2172,4,RF,0,0
2176,4,RF,0,0
2179,4,RF,0,0
2183,4,RF,0,0
2185,4,RF,0,0
2190,4,RF,1,1
2211,4,RF,0,0
2213,4,RF,0,0
2214,4,RF,0,0
2226,4,RF,0,0
2227,4,RF,0,0
2229,4,RF,0,0
2238,4,RF,1,1
2246,4,RF,1,0
2247,4,RF,1,1
2254,4,RF,0,0
2256,4,RF,0,0
2267,4,RF,0,0
2268,4,RF,0,0
2271,4,RF,0,0
2279,4,RF,0,0
2281,4,RF,0,0
2283,4,RF,0,0
2291,4,RF,0,0
2296,4,RF,0,0
2300,4,RF,0,0
2303,4,RF,0,0
2304,4,RF,0,0
2308,4,RF,0,0
2311,4,RF,1,1
2321,4,RF,0,0
2323,4,RF,0,0
2325,4,RF,0,0
2330,4,RF,1,1
2333,4,RF,0,0
2341,4,RF,0,0
2345,4,RF,0,0
2352,4,RF,0,0
2355,4,RF,0,0
2357,4,RF,0,0
2360,4,RF,0,0
2374,4,RF,0,0
2376,4,RF,0,0
2380,4,RF,0,0
2392,4,RF,0,0
2397,4,RF,1,0
2398,4,RF,0,0
2400,4,RF,0,0
2407,4,RF,0,0
2409,4,RF,0,0
2411,4,RF,0,0
2414,4,RF,0,0
2416,4,RF,0,0
2431,4,RF,0,0
2433,4,RF,0,0
2437,4,RF,0,0
2444,4,RF,0,0
2451,4,RF,1,1
2452,4,RF,1,1
2465,4,RF,0,0
2468,4,RF,0,0
2469,4,RF,0,0
2472,4,RF,0,0
2473,4,RF,0,0
2479,4,RF,0,0
2483,4,RF,0,0
2496,4,RF,0,0
2500,4,RF,0,0
2504,4,RF,0,0
2506,4,RF,0,0
2512,4,RF,1,1
2515,4,RF,0,0
2519,4,RF,1,1
2523,4,RF,0,0
2530,4,RF,0,0
2536,4,RF,0,0
2538,4,RF,1,1
2542,4,RF,1,1
2544,4,RF,0,0
2550,4,RF,1,1
2554,4,RF,0,1
2557,4,RF,0,0
2561,4,RF,0,0
2564,4,RF,1,1
2565,4,RF,0,0
2573,4,RF,0,0
2576,4,RF,0,0
2583,4,RF,0,0
2584,4,RF,0,1
2586,4,RF,0,0
2587,4,RF,0,0
2597,4,RF,0,0
2606,4,RF,0,0
2608,4,RF,0,0
2616,4,RF,0,0
2622,4,RF,0,0
2624,4,RF,0,0
2627,4,RF,0,0
2641,4,RF,0,0
2642,4,RF,0,0
2656,4,RF,0,0
2663,4,RF,0,0
2668,4,RF,0,0
2672,4,RF,0,0
2680,4,RF,1,1
2689,4,RF,0,0
2699,4,RF,0,0
2707,4,RF,0,0
2711,4,RF,0,0
2714,4,RF,1,1
2721,4,RF,1,1
2725,4,RF,0,0
2726,4,RF,0,0
2728,4,RF,0,0
2730,4,RF,1,1
2732,4,RF,0,0
2737,4,RF,0,0
2741,4,RF,0,0
2745,4,RF,0,0
2749,4,RF,0,0
2761,4,RF,0,0
2763,4,RF,0,0
2767,4,RF,0,0
2768,4,RF,0,0
2776,4,RF,0,0
2777,4,RF,0,0
2785,4,RF,0,0
2787,4,RF,0,0
2789,4,RF,0,0
2791,4,RF,0,0
2793,4,RF,0,0
2797,4,RF,0,0
2811,4,RF,0,0
2815,4,RF,0,0
2823,4,RF,0,0
2825,4,RF,0,0
2830,4,RF,0,0
2837,4,RF,0,0
2838,4,RF,0,0
2840,4,RF,0,0
2841,4,RF,0,0
2845,4,RF,0,0
2849,4,RF,0,0
2852,4,RF,0,0
2857,4,RF,0,0
2862,4,RF,0,0
2874,4,RF,1,1
2881,4,RF,0,0
2888,4,RF,0,0
2892,4,RF,0,0
2904,4,RF,0,0
2916,4,RF,0,0
2924,4,RF,0,0
2933,4,RF,0,0
2940,4,RF,0,0
2941,4,RF,0,0
2942,4,RF,0,0
2946,4,RF,0,0
2951,4,RF,0,0
2954,4,RF,1,0
2957,4,RF,0,0
2963,4,RF,1,1
2964,4,RF,0,0
2966,4,RF,1,1
2968,4,RF,1,1
2969,4,RF,0,1
2972,4,RF,0,0
2977,4,RF,0,0
2979,4,RF,1,1
2981,4,RF,1,1
2991,4,RF,0,0
2996,4,RF,0,0
3016,4,RF,0,0
3020,4,RF,0,0
3021,4,RF,0,0
3025,4,RF,0,0
3026,4,RF,0,0
3028,4,RF,0,0
3030,4,RF,1,0
3032,4,RF,0,0
3034,4,RF,0,0
3036,4,RF,0,0
3037,4,RF,0,0
3048,4,RF,0,0
3049,4,RF,1,1
3055,4,RF,1,0
3058,4,RF,0,0
3075,4,RF,0,0
3081,4,RF,0,0
3084,4,RF,0,0
3087,4,RF,0,0
3089,4,RF,0,0
3090,4,RF,0,0
3094,4,RF,0,0
3097,4,RF,0,0
3108,4,RF,0,0
3110,4,RF,0,0
3127,4,RF,0,0
3129,4,RF,0,0
3132,4,RF,0,0
3133,4,RF,1,1
3134,4,RF,0,0
3137,4,RF,0,0
3141,4,RF,0,0
3144,4,RF,0,0
3148,4,RF,0,0
3152,4,RF,0,0
3159,4,RF,0,0
3163,4,RF,0,0
3171,4,RF,0,0
3178,4,RF,1,1
3189,4,RF,0,0
3191,4,RF,0,0
3199,4,RF,0,0
3200,4,RF,0,0
3201,4,RF,0,0
3206,4,RF,0,0
3220,4,RF,0,0
3221,4,RF,0,0
3225,4,RF,0,0
3227,4,RF,0,0
3233,4,RF,0,0
3241,4,RF,0,0
3251,4,RF,0,0
3255,4,RF,0,0
3257,4,RF,0,0
3260,4,RF,0,0
3261,4,RF,0,0
3275,4,RF,0,0
3277,4,RF,0,0
3279,4,RF,1,1
3280,4,RF,0,0
3285,4,RF,0,0
3292,4,RF,0,1
3293,4,RF,0,0
3297,4,RF,0,0
3299,4,RF,1,1
3303,4,RF,0,0
3306,4,RF,1,1
3312,4,RF,0,0
3313,4,RF,1,1
3315,4,RF,0,0
3323,4,RF,0,0
3326,4,RF,0,0
3331,4,RF,0,0
3333,4,RF,0,0
3335,4,RF,0,0
3371,4,RF,0,0
3373,4,RF,1,1
3387,4,RF,0,0
3391,4,RF,0,0
3395,4,RF,1,1
3396,4,RF,0,0
3403,4,RF,1,1
3412,4,RF,1,1
3416,4,RF,0,0
3418,4,RF,0,0
3423,4,RF,0,0
3427,4,RF,0,0
3431,4,RF,0,0
3432,4,RF,0,0
3436,4,RF,1,1
3445,4,RF,1,1
3453,4,RF,0,0
3462,4,RF,0,0
3463,4,RF,0,0
3471,4,RF,0,0
3473,4,RF,0,0
3477,4,RF,0,0
3478,4,RF,0,0
3481,4,RF,0,0
3483,4,RF,0,0
3484,4,RF,0,0
3485,4,RF,0,0
3487,4,RF,0,0
3492,4,RF,0,0
3499,4,RF,0,0
3511,4,RF,0,0
3514,4,RF,0,0
3518,4,RF,0,0
3536,4,RF,0,0
3538,4,RF,0,0
3543,4,RF,0,0
3559,4,RF,0,0
3563,4,RF,0,0
3566,4,RF,0,0
3578,4,RF,0,0
3588,4,RF,0,0
3591,4,RF,0,0
3595,4,RF,0,0
3600,4,RF,0,0
3601,4,RF,0,0
3611,4,RF,0,0
3613,4,RF,0,0
3626,4,RF,0,0
3627,4,RF,0,0
3628,4,RF,0,0
3635,4,RF,0,0
3636,4,RF,1,1
3638,4,RF,0,0
3643,4,RF,0,0
3655,4,RF,0,0
3660,4,RF,0,0
3669,4,RF,0,0
3674,4,RF,0,0
3686,4,RF,0,0
3687,4,RF,0,0
3693,4,RF,0,0
3694,4,RF,0,0
3697,4,RF,0,0
3700,4,RF,0,0
3714,4,RF,1,1
3716,4,RF,1,1
3717,4,RF,0,0
3720,4,RF,0,0
3727,4,RF,0,0
3731,4,RF,0,0
3732,4,RF,0,0
3739,4,RF,0,0
3740,4,RF,0,0
3754,4,RF,0,0
3755,4,RF,0,0
3782,4,RF,0,0
3784,4,RF,0,0
3785,4,RF,0,0
3790,4,RF,0,0
3795,4,RF,1,1
3799,4,RF,0,0
3800,4,RF,0,0
3801,4,RF,0,0
3802,4,RF,0,0
3805,4,RF,0,0
3812,4,RF,0,0
3813,4,RF,0,0
3816,4,RF,0,0
3820,4,RF,0,0
3825,4,RF,0,0
3833,4,RF,0,0
3835,4,RF,0,0
3840,4,RF,0,0
3848,4,RF,0,0
3852,4,RF,0,0
3856,4,RF,0,0
3857,4,RF,1,0
3866,4,RF,0,0
3874,4,RF,0,0
3879,4,RF,0,1
3880,4,RF,1,0
3882,4,RF,0,0
3883,4,RF,0,0
3884,4,RF,0,0
3896,4,RF,0,0
3903,4,RF,0,0
3905,4,RF,0,0
3919,4,RF,0,0
3929,4,RF,0,0
3934,4,RF,0,0
3936,4,RF,0,0
3943,4,RF,0,0
3945,4,RF,0,1
3947,4,RF,0,0
3954,4,RF,0,0
3956,4,RF,0,0
3959,4,RF,0,0
3969,4,RF,0,0
3977,4,RF,0,0
3978,4,RF,0,0
3983,4,RF,0,0
3985,4,RF,0,0
3986,4,RF,0,0
3987,4,RF,0,1
3992,4,RF,1,1
4006,4,RF,0,0
4007,4,RF,1,1
4009,4,RF,0,0
4015,4,RF,0,0
4018,4,RF,0,0
4024,4,RF,0,0
4026,4,RF,0,0
4033,4,RF,0,0
4035,4,RF,1,1
4036,4,RF,0,0
4037,4,RF,0,0
4056,4,RF,0,0
4057,4,RF,0,0
4061,4,RF,0,0
4065,4,RF,0,0
4067,4,RF,0,0
4080,4,RF,1,1
4083,4,RF,0,0
4086,4,RF,0,0
4104,4,RF,0,0
4107,4,RF,0,0
4117,4,RF,0,0
4118,4,RF,0,0
4119,4,RF,0,0
4120,4,RF,0,0
4126,4,RF,0,0
4134,4,RF,0,0
4136,4,RF,0,0
4137,4,RF,0,0
4142,4,RF,0,0
4149,4,RF,0,0
4152,4,RF,0,0
4160,4,RF,0,0
4164,4,RF,0,0
4165,4,RF,0,0
4167,4,RF,0,0
4169,4,RF,0,0
4173,4,RF,0,0
4180,4,RF,0,0
4181,4,RF,0,0
4182,4,RF,0,0
4186,4,RF,0,0
4194,4,RF,0,0
4198,4,RF,0,0
4199,4,RF,0,0
4204,4,RF,1,0
4208,4,RF,0,0
4212,4,RF,0,0
4222,4,RF,1,1
4227,4,RF,0,0
4228,4,RF,0,0
4238,4,RF,0,0
4239,4,RF,0,0
4254,4,RF,0,0
4256,4,RF,0,0
4257,4,RF,1,1
4258,4,RF,1,1
4276,4,RF,0,0
4283,4,RF,0,0
4290,4,RF,0,0
4294,4,RF,0,0
4300,4,RF,1,1
4301,4,RF,0,0
4305,4,RF,0,0
4309,4,RF,1,1
4316,4,RF,0,0
4326,4,RF,0,0
4337,4,RF,0,0
4342,4,RF,0,0
4345,4,RF,0,0
4347,4,RF,0,0
4349,4,RF,1,1
4369,4,RF,1,1
4370,4,RF,0,0
4371,4,RF,0,0
4380,4,RF,0,0
4381,4,RF,0,0
4387,4,RF,1,1
4391,4,RF,0,0
4396,4,RF,0,0
4399,4,RF,1,1
4403,4,RF,0,0
4407,4,RF,0,0
4413,4,RF,1,1
4417,4,RF,0,0
4421,4,RF,0,0
4440,4,RF,0,0
4446,4,RF,0,0
4452,4,RF,0,0
4453,4,RF,0,0
4454,4,RF,0,0
4466,4,RF,0,0
4475,4,RF,0,0
4480,4,RF,0,0
4482,4,RF,0,0
4484,4,RF,0,0
4494,4,RF,0,0
4495,4,RF,0,0
4497,4,RF,0,0
4499,4,RF,0,0
4503,4,RF,0,0
4505,4,RF,0,0
4508,4,RF,0,0
4510,4,RF,0,0
4513,4,RF,0,0
4514,4,RF,0,0
4516,4,RF,0,0
4517,4,RF,1,0
4522,4,RF,0,0
4524,4,RF,0,0
4527,4,RF,0,0
4528,4,RF,0,0
4529,4,RF,0,0
4534,4,RF,0,0
4545,4,RF,0,0
4549,4,RF,0,0
4552,4,RF,0,0
4553,4,RF,0,0
4556,4,RF,0,0
4563,4,RF,0,0
4572,4,RF,0,0
4583,4,RF,0,0
4590,4,RF,1,1
4596,4,RF,0,0
4599,4,RF,0,0
4601,4,RF,0,0
4602,4,RF,0,0
4618,4,RF,0,0
4619,4,RF,0,0
4621,4,RF,1,1
4626,4,RF,0,0
4629,4,RF,0,0
4631,4,RF,1,0
4636,4,RF,0,0
4641,4,RF,0,0
4643,4,RF,0,0
4653,4,RF,0,0
4658,4,RF,0,0
4660,4,RF,0,0
4679,4,RF,0,0
4681,4,RF,0,0
4684,4,RF,0,0
4688,4,RF,0,0
4690,4,RF,0,0
4691,4,RF,0,0
4692,4,RF,0,0
4714,4,RF,0,0
4717,4,RF,1,1
4718,4,RF,0,0
4720,4,RF,0,0
4721,4,RF,0,0
4722,4,RF,1,1
4724,4,RF,0,0
4725,4,RF,0,0
4726,4,RF,0,0
4729,4,RF,0,0
4740,4,RF,0,0
4745,4,RF,0,0
4746,4,RF,0,0
4752,4,RF,1,1
4754,4,RF,0,0
4757,4,RF,0,0
4765,4,RF,1,1
4773,4,RF,0,0
4775,4,RF,0,1
4790,4,RF,0,0
4798,4,RF,0,0
4808,4,RF,0,0
4809,4,RF,0,0
4813,4,RF,0,0
4814,4,RF,0,0
4826,4,RF,0,0
4829,4,RF,0,0
4843,4,RF,0,0
4851,4,RF,0,0
4852,4,RF,1,0
4853,4,RF,1,0
4854,4,RF,0,0
4857,4,RF,0,0
4858,4,RF,0,0
4859,4,RF,0,0
4876,4,RF,0,0
4877,4,RF,0,0
4886,4,RF,0,0
4890,4,RF,0,0
4899,4,RF,0,1
4902,4,RF,0,0
4909,4,RF,0,0
4914,4,RF,0,0
4916,4,RF,0,0
4917,4,RF,0,0
4930,4,RF,0,0
4951,4,RF,0,0
4954,4,RF,1,1
4962,4,RF,0,0
4972,4,RF,0,0
4976,4,RF,0,0
4987,4,RF,0,0
4990,4,RF,0,0
5010,4,RF,0,0
5016,4,RF,0,0
5022,4,RF,0,0
5037,4,RF,0,0
5042,4,RF,1,1
5045,4,RF,0,0
5051,4,RF,0,0
5058,4,RF,0,0
5061,4,RF,0,0
5066,4,RF,0,0
5079,4,RF,0,0
5103,4,RF,1,1
5114,4,RF,0,0
5120,4,RF,0,0
5121,4,RF,0,0
5124,4,RF,0,0
5126,4,RF,0,0
5132,4,RF,0,0
5138,4,RF,0,0
5141,4,RF,1,0
5144,4,RF,0,0
5145,4,RF,0,0
5153,4,RF,0,0
5161,4,RF,0,0
5164,4,RF,0,0
5167,4,RF,0,0
5172,4,RF,0,0
5174,4,RF,0,0
5181,4,RF,0,1
5183,4,RF,0,0
5191,4,RF,0,0
5192,4,RF,0,0
5198,4,RF,0,0
5203,4,RF,0,0
5211,4,RF,0,0
5222,4,RF,0,0
5226,4,RF,0,0
5237,4,RF,0,0
5238,4,RF,0,0
5240,4,RF,0,0
5249,4,RF,0,0
5272,4,RF,1,1
5277,4,RF,0,0
5278,4,RF,1,1
5290,4,RF,0,0
5291,4,RF,0,0
5298,4,RF,0,0
5301,4,RF,0,0
5302,4,RF,0,0
5305,4,RF,0,0
5308,4,RF,0,0
5312,4,RF,0,0
5316,4,RF,0,0
5329,4,RF,1,1
5337,4,RF,0,0
5348,4,RF,0,0
5354,4,RF,1,1
5359,4,RF,0,0
5373,4,RF,0,0
5383,4,RF,0,0
5386,4,RF,0,0
5391,4,RF,0,0
5394,4,RF,0,0
5411,4,RF,0,0
5416,4,RF,0,0
5418,4,RF,0,0
5423,4,RF,0,0
5424,4,RF,1,1
5430,4,RF,1,1
5432,4,RF,0,0
5433,4,RF,0,0
5437,4,RF,0,0
5444,4,RF,0,0
5450,4,RF,0,0
5454,4,RF,0,0
5458,4,RF,0,0
5468,4,RF,1,1
5486,4,RF,0,0
5492,4,RF,0,0
5504,4,RF,0,0
5506,4,RF,0,0
5513,4,RF,0,0
5517,4,RF,0,0
5529,4,RF,0,0
5539,4,RF,1,1
5557,4,RF,0,0
5564,4,RF,0,0
5573,4,RF,0,0
5575,4,RF,1,1
5583,4,RF,0,0
5586,4,RF,0,0
5588,4,RF,0,0
5594,4,RF,0,0
5596,4,RF,0,0
5597,4,RF,0,0
5599,4,RF,0,0
5604,4,RF,0,0
5607,4,RF,0,0
5615,4,RF,0,0
5617,4,RF,0,0
5626,4,RF,1,1
5627,4,RF,1,1
5631,4,RF,0,0
5642,4,RF,0,0
5643,4,RF,0,0
5644,4,RF,0,0
5646,4,RF,0,0
5649,4,RF,0,0
5651,4,RF,0,0
5672,4,RF,0,0
5674,4,RF,0,0
5675,4,RF,0,0
5676,4,RF,0,0
5683,4,RF,0,0
5684,4,RF,1,1
5692,4,RF,0,0
5693,4,RF,0,0
5694,4,RF,0,0
5710,4,RF,0,0
5713,4,RF,0,0
5715,4,RF,0,0
5716,4,RF,0,0
5723,4,RF,0,0
5724,4,RF,0,0
5726,4,RF,1,1
5731,4,RF,0,0
5732,4,RF,0,0
5737,4,RF,0,0
5738,4,RF,0,0
5739,4,RF,0,0
5741,4,RF,0,0
5747,4,RF,0,0
5757,4,RF,1,0
5760,4,RF,0,0
5765,4,RF,0,0
5770,4,RF,0,0
5779,4,RF,0,0
5780,4,RF,0,0
5797,4,RF,0,0
5798,4,RF,0,0
5807,4,RF,0,0
5814,4,RF,0,0
5817,4,RF,0,0
5818,4,RF,0,0
5821,4,RF,0,0
5825,4,RF,0,0
5834,4,RF,0,0
5835,4,RF,0,0
5844,4,RF,0,0
5854,4,RF,0,0
5857,4,RF,0,0
5858,4,RF,0,0
5860,4,RF,0,0
5866,4,RF,0,0
5871,4,RF,0,0
5875,4,RF,0,0
5877,4,RF,0,0
5882,4,RF,0,0
5887,4,RF,0,0
5891,4,RF,0,0
5893,4,RF,0,0
5894,4,RF,0,0
5899,4,RF,0,0
5913,4,RF,0,0
5917,4,RF,0,0
5927,4,RF,1,1
5937,4,RF,1,1
5941,4,RF,0,0
5946,4,RF,0,0
5949,4,RF,1,0
5951,4,RF,0,0
5953,4,RF,0,0
5955,4,RF,1,1
5957,4,RF,0,0
5962,4,RF,0,0
5967,4,RF,0,0
5977,4,RF,1,0
5981,4,RF,0,0
5997,4,RF,0,0
6000,4,RF,0,0
6004,4,RF,0,0
6008,4,RF,0,0
6009,4,RF,0,0
6013,4,RF,0,0
6019,4,RF,0,0
6025,4,RF,0,0
6028,4,RF,0,0
6029,4,RF,0,0
6030,4,RF,0,0
6032,4,RF,0,0
6041,4,RF,0,0
6053,4,RF,0,0
6059,4,RF,0,0
6064,4,RF,1,1
6067,4,RF,0,0
6070,4,RF,0,0
6071,4,RF,1,1
6074,4,RF,0,0
6077,4,RF,0,0
6082,4,RF,0,0
6083,4,RF,1,0
6089,4,RF,0,0
6107,4,RF,0,0
6122,4,RF,0,0
6123,4,RF,0,0
6133,4,RF,0,0
6134,4,RF,0,0
6139,4,RF,0,0
6140,4,RF,0,0
6148,4,RF,0,0
6149,4,RF,0,0
6168,4,RF,0,0
6170,4,RF,1,1
6185,4,RF,0,0
6191,4,RF,0,0
6202,4,RF,0,0
6212,4,RF,0,0
6220,4,RF,0,0
6229,4,RF,1,1
6233,4,RF,0,0
6234,4,RF,0,0
6236,4,RF,0,0
6250,4,RF,0,0
6251,4,RF,0,0
6262,4,RF,0,0
6265,4,RF,0,0
6283,4,RF,0,0
6297,4,RF,1,1
6305,4,RF,0,0
6306,4,RF,0,0
6311,4,RF,0,0
6312,4,RF,0,0
6326,4,RF,0,0
6329,4,RF,0,0
6337,4,RF,0,0
6349,4,RF,0,0
6351,4,RF,0,0
6352,4,RF,0,0
6357,4,RF,0,0
6359,4,RF,0,0
6364,4,RF,0,0
6365,4,RF,0,0
6377,4,RF,0,0
6378,4,RF,1,1
6382,4,RF,0,0
6383,4,RF,0,0
6384,4,RF,0,0
6387,4,RF,0,0
6392,4,RF,0,0
6405,4,RF,0,0
6408,4,RF,0,0
6409,4,RF,0,0
6410,4,RF,0,0
6448,4,RF,0,0
6458,4,RF,0,0
6467,4,RF,1,1
6470,4,RF,0,0
6476,4,RF,0,0
6481,4,RF,0,0
6483,4,RF,0,0
6485,4,RF,0,0
6495,4,RF,0,0
6500,4,RF,0,0
6506,4,RF,0,0
6507,4,RF,0,0
6512,4,RF,0,0
6528,4,RF,0,0
6537,4,RF,0,0
6552,4,RF,0,0
6554,4,RF,0,0
6557,4,RF,0,0
6558,4,RF,0,0
6567,4,RF,0,0
6568,4,RF,0,0
6569,4,RF,0,0
6570,4,RF,0,0
6577,4,RF,0,0
6582,4,RF,0,0
6586,4,RF,0,0
6590,4,RF,0,0
6595,4,RF,0,0
6602,4,RF,0,0
6613,4,RF,0,0
6614,4,RF,0,0
6619,4,RF,0,0
6620,4,RF,1,1
6622,4,RF,0,0
6629,4,RF,0,0
6637,4,RF,1,1
6650,4,RF,1,1
6653,4,RF,0,0
6659,4,RF,0,0
6660,4,RF,0,0
6661,4,RF,0,0
6662,4,RF,0,0
6666,4,RF,0,0
6669,4,RF,0,0
6678,4,RF,0,0
6690,4,RF,0,0
6694,4,RF,0,0
6695,4,RF,0,0
6713,4,RF,0,0
6716,4,RF,0,0
6721,4,RF,1,1
6727,4,RF,0,0
6740,4,RF,0,0
6747,4,RF,0,0
6778,4,RF,0,0
6779,4,RF,0,0
6791,4,RF,1,1
6805,4,RF,0,0
6809,4,RF,0,0
6814,4,RF,0,0
6823,4,RF,0,0
6830,4,RF,0,0
6831,4,RF,0,0
6832,4,RF,0,0
6838,4,RF,0,0
6840,4,RF,0,0
6846,4,RF,0,0
6849,4,RF,0,0
6850,4,RF,0,0
6854,4,RF,0,0
6871,4,RF,0,0
6874,4,RF,0,0
6882,4,RF,0,0
6886,4,RF,0,0
6889,4,RF,0,0
6900,4,RF,1,1
6902,4,RF,1,0
6908,4,RF,0,0
6914,4,RF,0,0
6917,4,RF,0,0
6923,4,RF,0,0
6927,4,RF,0,0
6929,4,RF,0,0
6931,4,RF,0,0
6935,4,RF,1,1
6942,4,RF,0,0
6954,4,RF,0,0
6955,4,RF,0,0
6957,4,RF,0,0
6978,4,RF,0,0
6981,4,RF,0,0
6982,4,RF,0,0
6989,4,RF,0,0
6993,4,RF,0,0
6997,4,RF,1,0
7003,4,RF,0,0
7007,4,RF,0,0
7018,4,RF,0,0
7022,4,RF,0,0
7023,4,RF,0,0
7025,4,RF,0,0
7030,4,RF,1,1
7031,4,RF,0,0
7043,4,RF,0,0
7044,4,RF,0,0
7050,4,RF,0,0
7051,4,RF,0,0
7052,4,RF,0,0
7059,4,RF,0,0
7060,4,RF,0,0
7062,4,RF,0,0
7064,4,RF,0,0
7065,4,RF,0,0
7066,4,RF,0,0
7079,4,RF,1,1
7087,4,RF,0,0
7092,4,RF,0,0
7113,4,RF,1,0
7119,4,RF,0,0
7127,4,RF,0,0
7130,4,RF,0,0
7131,4,RF,0,0
7132,4,RF,0,0
7135,4,RF,0,0
7143,4,RF,0,0
7144,4,RF,0,0
7152,4,RF,0,0
7159,4,RF,0,0
7175,4,RF,1,1
7176,4,RF,0,1
7177,4,RF,0,0
7181,4,RF,1,1
7186,4,RF,0,0
7188,4,RF,0,0
7197,4,RF,0,0
7198,4,RF,0,0
7212,4,RF,0,0
7218,4,RF,0,0
7221,4,RF,1,1
7224,4,RF,0,0
7236,4,RF,0,0
7242,4,RF,0,0
7248,4,RF,0,0
7252,4,RF,0,0
7254,4,RF,0,0
7256,4,RF,0,0
7257,4,RF,0,0
7259,4,RF,0,0
7260,4,RF,0,0
7261,4,RF,0,0
7276,4,RF,0,0
7278,4,RF,0,0
7287,4,RF,0,0
7297,4,RF,0,0
7301,4,RF,0,0
7307,4,RF,0,0
7312,4,RF,1,1
7321,4,RF,0,0
7322,4,RF,1,1
7325,4,RF,0,0
7327,4,RF,0,0
7337,4,RF,0,1
7338,4,RF,0,0
7343,4,RF,0,0
7352,4,RF,0,0
7353,4,RF,0,0
7354,4,RF,0,0
7368,4,RF,0,0
7370,4,RF,0,0
7378,4,RF,0,0
7382,4,RF,0,0
7383,4,RF,0,0
7385,4,RF,0,0
7390,4,RF,0,0
7391,4,RF,0,0
7395,4,RF,0,0
7404,4,RF,0,0
7407,4,RF,0,0
7411,4,RF,0,0
7412,4,RF,0,0
7417,4,RF,0,0
7434,4,RF,0,0
7436,4,RF,0,0
7442,4,RF,1,1
7448,4,RF,0,0
7449,4,RF,1,1
7450,4,RF,0,0
7451,4,RF,0,0
7455,4,RF,0,0
7458,4,RF,0,0
7459,4,RF,1,1
7461,4,RF,0,0
7462,4,RF,0,0
7469,4,RF,0,0
7477,4,RF,0,0
7483,4,RF,1,1
7488,4,RF,1,0
7494,4,RF,0,0
7500,4,RF,0,0
7504,4,RF,0,0
7513,4,RF,0,0
7514,4,RF,0,0
7528,4,RF,0,0
7529,4,RF,0,0
7530,4,RF,0,0
7531,4,RF,0,1
7534,4,RF,0,0
7539,4,RF,0,0
7542,4,RF,0,0
7543,4,RF,0,0
7544,4,RF,0,0
7545,4,RF,0,0
7552,4,RF,0,0
7565,4,RF,0,0
7574,4,RF,0,0
7604,4,RF,0,0
7607,4,RF,1,1
7608,4,RF,0,0
7613,4,RF,0,0
7620,4,RF,0,1
7621,4,RF,0,0
7625,4,RF,0,0
7626,4,RF,0,0
7636,4,RF,0,0
7638,4,RF,0,0
7640,4,RF,0,0
7642,4,RF,0,1
7647,4,RF,0,0
7649,4,RF,0,0
7652,4,RF,0,0
7656,4,RF,0,0
7658,4,RF,0,0
7660,4,RF,0,0
7664,4,RF,0,0
7668,4,RF,0,0
7674,4,RF,0,0
7682,4,RF,0,0
7685,4,RF,1,1
7686,4,RF,0,0
7688,4,RF,0,0
7693,4,RF,0,0
7695,4,RF,0,0
7696,4,RF,0,0
7699,4,RF,0,0
7702,4,RF,0,0
7706,4,RF,0,0
7711,4,RF,0,0
7732,4,RF,0,0
7735,4,RF,0,0
7742,4,RF,0,0
7743,4,RF,0,0
7745,4,RF,0,0
7750,4,RF,0,0
7755,4,RF,0,0
7758,4,RF,0,0
7761,4,RF,0,0
7763,4,RF,1,1
7769,4,RF,0,0
7781,4,RF,0,0
7800,4,RF,0,0
7806,4,RF,0,0
7810,4,RF,0,0
7814,4,RF,0,0
7823,4,RF,0,0
7824,4,RF,0,0
7828,4,RF,0,0
7854,4,RF,0,0
7874,4,RF,1,1
7876,4,RF,0,0
7882,4,RF,0,0
7883,4,RF,0,0
7887,4,RF,0,0
7889,4,RF,1,1
7893,4,RF,0,0
7905,4,RF,0,0
7920,4,RF,0,0
7921,4,RF,1,1
7925,4,RF,0,0
7927,4,RF,0,0
7939,4,RF,0,0
7941,4,RF,0,0
7942,4,RF,1,0
7943,4,RF,0,0
7944,4,RF,0,0
7945,4,RF,0,0
7947,4,RF,0,0
7951,4,RF,0,0
7953,4,RF,1,1
7954,4,RF,0,0
7958,4,RF,0,0
7961,4,RF,1,1
7970,4,RF,0,0
7978,4,RF,0,0
7979,4,RF,0,0
7982,4,RF,0,0
7985,4,RF,0,0
7986,4,RF,0,0
7991,4,RF,1,1
7992,4,RF,0,0
7998,4,RF,0,0
8005,4,RF,0,0
8015,4,RF,0,0
8017,4,RF,0,0
8019,4,RF,0,0
8024,4,RF,0,0
8030,4,RF,0,0
8051,4,RF,0,0
8052,4,RF,1,1
8057,4,RF,0,0
8066,4,RF,0,0
8072,4,RF,0,0
8077,4,RF,0,0
8084,4,RF,0,0
8089,4,RF,0,0
8095,4,RF,0,0
8098,4,RF,1,1
8106,4,RF,0,0
8107,4,RF,1,1
8108,4,RF,1,0
8118,4,RF,0,0
8119,4,RF,0,0
8125,4,RF,0,0
8129,4,RF,0,0
8134,4,RF,0,0
8135,4,RF,0,0
8145,4,RF,1,1
8148,4,RF,1,1
8152,4,RF,0,0
8156,4,RF,0,0
8160,4,RF,0,0
8162,4,RF,0,0
8165,4,RF,1,0
8167,4,RF,0,1
8168,4,RF,0,0
8169,4,RF,0,0
8173,4,RF,0,0
8180,4,RF,0,0
8185,4,RF,0,0
8189,4,RF,0,0
8218,4,RF,0,0
8219,4,RF,0,0
8225,4,RF,0,0
8227,4,RF,0,0
8237,4,RF,0,0
8238,4,RF,0,0
8241,4,RF,1,1
8242,4,RF,0,0
8250,4,RF,0,1
8251,4,RF,0,0
8253,4,RF,0,0
8266,4,RF,0,0
8270,4,RF,0,0
8273,4,RF,0,0
8280,4,RF,1,1
8300,4,RF,0,0
8307,4,RF,0,0
8313,4,RF,1,1
8326,4,RF,0,0
8327,4,RF,0,0
8330,4,RF,0,0
8335,4,RF,0,0
8338,4,RF,0,0
8354,4,RF,0,0
8355,4,RF,0,0
8359,4,RF,0,0
8369,4,RF,0,0
8370,4,RF,1,1
8371,4,RF,1,0
8373,4,RF,0,0
8375,4,RF,0,0
8377,4,RF,1,1
8400,4,RF,0,0
8409,4,RF,0,0
8414,4,RF,0,0
8419,4,RF,0,0
8426,4,RF,0,0
8431,4,RF,0,0
8432,4,RF,0,0
8433,4,RF,1,1
8434,4,RF,0,0
8441,4,RF,0,0
8448,4,RF,0,0
8460,4,RF,1,1
8463,4,RF,0,0
8467,4,RF,0,0
8476,4,RF,0,0
8482,4,RF,0,0
8483,4,RF,0,0
8485,4,RF,0,0
8487,4,RF,0,0
8490,4,RF,0,0
8491,4,RF,1,1
8492,4,RF,0,0
8497,4,RF,0,0
8498,4,RF,0,0
8499,4,RF,1,1
8502,4,RF,0,0
8503,4,RF,0,0
8505,4,RF,0,0
8506,4,RF,0,0
8508,4,RF,0,0
8520,4,RF,0,0
8524,4,RF,0,0
8526,4,RF,1,1
8529,4,RF,0,0
8533,4,RF,0,0
8543,4,RF,0,0
8548,4,RF,0,0
8553,4,RF,0,0
8563,4,RF,0,0
8579,4,RF,1,1
8580,4,RF,0,0
8590,4,RF,0,0
8592,4,RF,0,0
8603,4,RF,0,0
8610,4,RF,0,0
8636,4,RF,0,0
8638,4,RF,0,0
8640,4,RF,0,0
8651,4,RF,0,0
8664,4,RF,0,0
8666,4,RF,0,0
8672,4,RF,0,0
8673,4,RF,0,0
8681,4,RF,0,1
8682,4,RF,0,0
8687,4,RF,0,0
8688,4,RF,0,0
8714,4,RF,0,0
8726,4,RF,0,0
8740,4,RF,0,0
8743,4,RF,0,0
8746,4,RF,0,0
8753,4,RF,0,0
8754,4,RF,1,1
8757,4,RF,1,1
8759,4,RF,0,0
8762,4,RF,0,0
8764,4,RF,0,0
8771,4,RF,0,0
8774,4,RF,1,1
8775,4,RF,0,0
8776,4,RF,0,0
8788,4,RF,0,0
8794,4,RF,0,0
8800,4,RF,0,0
8807,4,RF,0,0
8811,4,RF,0,0
8814,4,RF,0,0
8818,4,RF,0,0
8820,4,RF,0,0
8822,4,RF,0,0
8825,4,RF,0,0
8835,4,RF,1,1
8837,4,RF,1,1
8844,4,RF,1,0
8861,4,RF,1,1
8864,4,RF,1,1
8869,4,RF,0,0
8873,4,RF,0,0
8886,4,RF,0,0
8887,4,RF,0,0
8896,4,RF,0,1
8906,4,RF,0,0
8907,4,RF,1,1
8912,4,RF,0,0
8915,4,RF,0,0
8920,4,RF,0,0
8924,4,RF,0,0
8929,4,RF,0,0
8939,4,RF,0,0
8946,4,RF,0,0
8947,4,RF,0,0
8948,4,RF,0,0
8955,4,RF,0,0
8956,4,RF,0,0
8957,4,RF,0,0
8965,4,RF,0,0
8968,4,RF,0,0
8969,4,RF,0,0
8979,4,RF,0,0
8980,4,RF,0,0
8982,4,RF,1,1
8995,4,RF,0,0
9000,4,RF,0,0
9004,4,RF,0,0
9012,4,RF,1,1
9017,4,RF,0,0
9026,4,RF,0,0
9032,4,RF,0,0
9038,4,RF,0,0
9044,4,RF,0,0
9048,4,RF,0,0
9050,4,RF,0,0
9055,4,RF,0,0
9065,4,RF,0,0
9070,4,RF,0,0
9084,4,RF,0,0
9088,4,RF,0,0
9094,4,RF,1,1
9096,4,RF,0,1
9097,4,RF,0,0
9113,4,RF,0,0
9119,4,RF,0,0
9121,4,RF,0,0
9122,4,RF,0,0
9123,4,RF,0,0
9135,4,RF,0,0
9139,4,RF,0,0
9145,4,RF,0,0
9153,4,RF,1,1
9156,4,RF,1,1
9171,4,RF,0,0
9174,4,RF,0,0
9178,4,RF,0,0
9179,4,RF,1,1
9180,4,RF,0,0
9197,4,RF,0,0
9201,4,RF,0,0
9203,4,RF,0,0
9210,4,RF,0,0
9211,4,RF,0,0
9213,4,RF,0,0
9214,4,RF,0,0
9216,4,RF,0,0
9223,4,RF,0,0
9225,4,RF,0,0
9230,4,RF,0,0
9231,4,RF,0,0
9232,4,RF,0,0
9236,4,RF,1,1
9241,4,RF,0,0
9248,4,RF,0,0
9263,4,RF,0,0
9264,4,RF,0,0
9268,4,RF,0,0
9272,4,RF,0,0
9280,4,RF,0,0
9282,4,RF,0,0
9303,4,RF,0,0
9304,4,RF,0,0
9305,4,RF,0,0
9306,4,RF,1,1
9318,4,RF,0,0
9327,4,RF,0,0
9334,4,RF,0,0
9341,4,RF,0,0
9345,4,RF,1,1
9351,4,RF,0,0
9353,4,RF,0,0
9360,4,RF,0,0
9372,4,RF,0,0
9374,4,RF,0,0
9379,4,RF,0,0
9382,4,RF,0,0
9385,4,RF,0,0
9386,4,RF,0,0
9387,4,RF,0,0
9388,4,RF,0,0
9401,4,RF,0,0
9403,4,RF,1,1
9407,4,RF,0,0
9415,4,RF,0,0
9421,4,RF,0,0
9425,4,RF,0,0
9426,4,RF,0,0
9431,4,RF,0,0
9443,4,RF,0,0
9444,4,RF,0,0
9456,4,RF,0,0
9457,4,RF,0,0
9459,4,RF,0,0
9463,4,RF,0,0
9464,4,RF,0,0
9466,4,RF,0,0
9467,4,RF,0,0
9469,4,RF,0,0
9475,4,RF,0,0
9477,4,RF,1,0
9479,4,RF,0,0
9488,4,RF,1,0
9489,4,RF,0,0
9498,4,RF,0,0
9502,4,RF,0,0
9510,4,RF,0,0
9523,4,RF,0,0
9536,4,RF,0,0
9538,4,RF,0,0
9539,4,RF,1,1
9541,4,RF,0,0
9543,4,RF,0,0
9548,4,RF,1,0
9555,4,RF,0,0
9560,4,RF,1,1
9568,4,RF,0,1
9579,4,RF,0,0
9580,4,RF,0,0
9592,4,RF,0,0
9598,4,RF,0,0
9608,4,RF,0,0
9615,4,RF,0,0
9616,4,RF,1,1
9619,4,RF,0,0
9621,4,RF,0,0
9623,4,RF,0,0
9624,4,RF,0,0
9625,4,RF,0,0
9627,4,RF,0,0
9632,4,RF,0,0
9635,4,RF,0,0
9636,4,RF,0,0
9641,4,RF,0,0
9645,4,RF,0,0
9647,4,RF,0,0
9649,4,RF,0,0
9651,4,RF,0,0
9652,4,RF,1,1
9656,4,RF,0,0
9657,4,RF,0,0
9666,4,RF,0,0
9667,4,RF,0,0
9671,4,RF,0,0
9672,4,RF,0,0
9682,4,RF,0,0
9683,4,RF,0,0
9686,4,RF,0,0
9695,4,RF,0,0
9700,4,RF,0,0
9702,4,RF,0,0
9703,4,RF,0,0
9704,4,RF,0,0
9706,4,RF,1,1
9711,4,RF,0,0
9712,4,RF,0,0
9719,4,RF,0,0
9722,4,RF,0,0
9724,4,RF,0,0
9728,4,RF,0,0
9732,4,RF,0,0
9744,4,RF,0,0
9755,4,RF,1,0
9756,4,RF,0,0
9762,4,RF,0,0
9764,4,RF,0,0
9766,4,RF,0,0
9768,4,RF,1,1
9775,4,RF,0,0
9782,4,RF,0,0
9788,4,RF,0,0
9790,4,RF,0,0
9797,4,RF,0,0
9806,4,RF,0,0
9810,4,RF,0,0
9819,4,RF,0,0
9820,4,RF,0,0
9823,4,RF,0,0
9825,4,RF,0,0
9835,4,RF,0,0
9839,4,RF,0,0
9849,4,RF,0,0
9858,4,RF,0,0
9860,4,RF,0,0
9861,4,RF,0,0
9863,4,RF,0,0
9868,4,RF,1,1
9870,4,RF,1,1
9871,4,RF,0,0
9885,4,RF,1,1
9899,4,RF,0,0
9902,4,RF,0,0
9904,4,RF,0,0
9905,4,RF,0,0
9908,4,RF,1,0
9915,4,RF,0,0
9921,4,RF,0,0
9923,4,RF,0,0
9924,4,RF,0,0
9926,4,RF,0,0
9927,4,RF,0,0
9940,4,RF,1,1
9955,4,RF,0,0
9956,4,RF,0,0
9958,4,RF,0,0
9960,4,RF,0,0
9962,4,RF,0,0
9969,4,RF,0,0
9977,4,RF,1,1
9981,4,RF,1,1
9989,4,RF,0,0
9991,4,RF,0,0
9994,4,RF,0,0
9996,4,RF,0,0
10000,4,RF,0,0
10003,4,RF,0,1
10008,4,RF,0,0
10014,4,RF,0,0
10016,4,RF,0,0
10017,4,RF,0,0
10021,4,RF,0,0
10025,4,RF,0,0
10027,4,RF,0,0
10036,4,RF,0,0
10038,4,RF,0,0
10047,4,RF,0,0
10050,4,RF,0,0
10061,4,RF,0,0
10064,4,RF,0,0
10065,4,RF,0,0
10072,4,RF,0,0
10079,4,RF,0,0
10083,4,RF,0,0
10088,4,RF,0,0
10091,4,RF,1,1
10093,4,RF,0,0
10098,4,RF,0,0
10115,4,RF,0,0
10118,4,RF,0,0
10119,4,RF,0,0
10124,4,RF,0,0
10157,4,RF,0,0
10162,4,RF,0,0
10165,4,RF,0,0
10166,4,RF,0,0
10167,4,RF,0,0
10172,4,RF,1,1
10174,4,RF,0,0
10176,4,RF,0,0
10178,4,RF,0,0
10184,4,RF,1,1
10187,4,RF,0,0
10188,4,RF,1,0
10191,4,RF,0,0
10193,4,RF,0,0
10198,4,RF,0,0
10200,4,RF,0,0
10202,4,RF,0,0
10208,4,RF,0,0
10210,4,RF,0,0
10213,4,RF,1,1
10217,4,RF,0,0
10218,4,RF,0,0
10219,4,RF,0,0
10222,4,RF,0,0
10228,4,RF,0,0
10230,4,RF,0,0
10235,4,RF,0,0
10238,4,RF,0,0
10245,4,RF,0,0
10247,4,RF,0,0
10252,4,RF,0,0
10260,4,RF,0,0
10270,4,RF,0,0
10286,4,RF,0,0
10289,4,RF,0,0
10293,4,RF,0,0
10306,4,RF,1,0
10308,4,RF,0,0
10311,4,RF,0,0
10313,4,RF,0,0
10314,4,RF,0,0
10315,4,RF,0,0
10317,4,RF,0,0
10320,4,RF,0,0
10331,4,RF,0,0
10333,4,RF,0,0
10349,4,RF,0,0
10352,4,RF,0,0
10353,4,RF,0,0
10361,4,RF,0,0
10365,4,RF,0,0
10369,4,RF,0,0
10383,4,RF,1,0
10384,4,RF,0,0
10395,4,RF,0,0
10396,4,RF,0,0
10400,4,RF,0,0
10415,4,RF,0,0
10421,4,RF,0,0
10423,4,RF,0,0
10436,4,RF,0,0
10446,4,RF,0,0
10449,4,RF,0,0
10452,4,RF,0,0
10458,4,RF,0,0
10460,4,RF,1,1
10467,4,RF,0,0
10469,4,RF,0,0
10476,4,RF,0,0
10487,4,RF,0,0
10488,4,RF,0,0
10489,4,RF,0,0
10494,4,RF,0,0
10513,4,RF,0,0
10524,4,RF,0,0
10526,4,RF,0,0
10530,4,RF,0,0
10536,4,RF,1,1
10537,4,RF,0,0
10538,4,RF,0,0
10539,4,RF,0,0
10556,4,RF,0,0
10563,4,RF,0,0
10567,4,RF,1,1
10569,4,RF,0,0
10571,4,RF,1,1
10578,4,RF,0,0
10579,4,RF,0,0
10581,4,RF,0,0
10592,4,RF,1,0
10593,4,RF,0,0
10603,4,RF,0,0
10606,4,RF,0,0
10610,4,RF,0,0
10614,4,RF,0,0
10615,4,RF,0,0
10618,4,RF,0,0
10622,4,RF,0,1
10624,4,RF,0,0
10632,4,RF,0,0
10637,4,RF,1,0
10642,4,RF,0,0
10649,4,RF,0,0
10659,4,RF,0,0
10660,4,RF,1,1
10665,4,RF,0,0
10666,4,RF,0,0
10671,4,RF,0,0
10673,4,RF,0,0
10675,4,RF,0,0
10683,4,RF,0,0
10692,4,RF,0,0
10695,4,RF,0,0
10697,4,RF,0,0
10698,4,RF,0,0
10699,4,RF,0,0
10705,4,RF,0,0
10711,4,RF,0,0
10712,4,RF,0,0
10721,4,RF,0,0
10725,4,RF,0,0
10730,4,RF,0,1
10735,4,RF,0,0
10741,4,RF,1,1
10747,4,RF,0,0
10757,4,RF,1,1
10761,4,RF,1,1
10769,4,RF,0,0
10775,4,RF,0,0
10776,4,RF,0,0
10778,4,RF,0,0
10783,4,RF,0,0
10786,4,RF,0,0
10793,4,RF,1,1
10794,4,RF,1,1
10804,4,RF,0,0
10807,4,RF,0,0
10818,4,RF,0,0
10821,4,RF,0,0
10825,4,RF,0,0
10826,4,RF,0,0
10831,4,RF,1,1
10833,4,RF,0,0
10849,4,RF,0,0
10850,4,RF,0,0
10877,4,RF,0,0
10891,4,RF,0,0
10906,4,RF,0,0
10911,4,RF,0,0
10921,4,RF,0,0
10937,4,RF,0,0
10940,4,RF,0,0
10945,4,RF,0,0
10949,4,RF,0,0
10960,4,RF,0,0
10969,4,RF,0,0
10971,4,RF,0,0
10973,4,RF,0,0
10974,4,RF,0,0
10982,4,RF,0,0
10989,4,RF,0,0
10991,4,RF,1,1
10992,4,RF,0,0
10994,4,RF,0,1
10995,4,RF,0,0
10996,4,RF,0,0
11004,4,RF,0,0
11006,4,RF,0,1
11016,4,RF,0,0
11021,4,RF,1,1
11023,4,RF,0,0
11026,4,RF,0,0
11042,4,RF,0,0
11043,4,RF,0,0
11044,4,RF,0,0
11045,4,RF,0,0
11046,4,RF,0,0
11048,4,RF,0,0
11049,4,RF,0,0
11052,4,RF,0,0
11076,4,RF,0,0
11078,4,RF,0,0
11079,4,RF,0,1
11086,4,RF,0,0
11087,4,RF,0,0
11090,4,RF,0,0
11091,4,RF,0,0
11102,4,RF,0,0
11104,4,RF,0,0
11105,4,RF,0,0
11107,4,RF,0,0
11109,4,RF,0,0
11119,4,RF,0,0
11122,4,RF,0,0
11126,4,RF,0,0
11151,4,RF,0,0
11162,4,RF,0,0
11166,4,RF,1,1
11171,4,RF,0,0
11174,4,RF,0,0
11176,4,RF,0,1
11183,4,RF,0,0
11188,4,RF,0,0
11201,4,RF,0,0
11203,4,RF,1,1
11224,4,RF,0,0
11237,4,RF,0,0
11238,4,RF,0,0
11239,4,RF,0,0
11247,4,RF,0,0
11252,4,RF,0,0
11253,4,RF,0,0
11261,4,RF,0,0
11273,4,RF,0,0
11277,4,RF,0,0
11294,4,RF,0,0
11295,4,RF,0,0
11304,4,RF,1,0
11305,4,RF,0,0
11306,4,RF,0,0
11310,4,RF,0,0
11314,4,RF,0,0
11316,4,RF,1,1
11322,4,RF,0,0
11324,4,RF,0,0
11334,4,RF,0,0
11339,4,RF,0,0
11346,4,RF,0,0
11347,4,RF,1,1
11355,4,RF,0,0
11356,4,RF,0,0
11362,4,RF,1,1
11363,4,RF,0,0
11364,4,RF,0,0
11370,4,RF,0,0
11379,4,RF,1,1
11381,4,RF,0,0
11389,4,RF,0,0
11401,4,RF,0,0
11402,4,RF,0,0
11404,4,RF,0,0
11408,4,RF,0,0
11412,4,RF,1,1
11419,4,RF,0,0
11420,4,RF,0,0
11424,4,RF,1,0
11426,4,RF,0,0
11428,4,RF,0,0
11438,4,RF,0,0
11442,4,RF,0,0
11444,4,RF,1,1
11447,4,RF,0,0
11448,4,RF,1,1
11451,4,RF,0,0
11465,4,RF,0,0
11467,4,RF,0,0
11469,4,RF,1,1
11476,4,RF,0,0
11491,4,RF,0,0
11503,4,RF,0,0
11512,4,RF,0,0
11516,4,RF,0,0
11518,4,RF,0,0
11520,4,RF,0,0
11521,4,RF,0,0
11528,4,RF,0,0
11532,4,RF,0,0
11537,4,RF,0,0
11548,4,RF,0,0
11549,4,RF,0,0
11553,4,RF,0,0
11557,4,RF,0,0
11560,4,RF,0,0
11569,4,RF,0,0
11572,4,RF,1,1
11573,4,RF,1,0
11574,4,RF,0,0
11579,4,RF,0,0
11581,4,RF,0,0
11584,4,RF,0,0
11589,4,RF,0,0
11592,4,RF,0,0
11597,4,RF,0,0
11600,4,RF,0,0
11606,4,RF,1,1
11608,4,RF,1,1
11621,4,RF,0,0
11623,4,RF,0,0
11624,4,RF,0,0
11627,4,RF,0,0
11639,4,RF,0,0
11654,4,RF,0,0
11656,4,RF,0,0
11663,4,RF,0,0
11668,4,RF,0,0
11670,4,RF,0,0
11675,4,RF,1,1
11680,4,RF,1,0
11691,4,RF,0,0
11692,4,RF,0,0
11701,4,RF,1,0
11702,4,RF,0,0
11704,4,RF,0,0
11706,4,RF,0,0
11715,4,RF,1,1
11721,4,RF,0,0
11723,4,RF,0,0
11730,4,RF,0,0
11732,4,RF,0,0
11741,4,RF,1,1
11753,4,RF,0,0
11755,4,RF,0,0
11759,4,RF,0,0
11765,4,RF,0,0
11768,4,RF,0,0
11774,4,RF,0,0
11776,4,RF,0,0
11784,4,RF,1,1
11785,4,RF,0,0
11786,4,RF,0,0
11800,4,RF,0,0
11802,4,RF,0,0
11806,4,RF,0,0
11811,4,RF,0,0
11815,4,RF,1,0
11819,4,RF,0,0
11830,4,RF,0,0
11831,4,RF,1,1
11832,4,RF,0,0
11833,4,RF,0,0
11835,4,RF,0,0
11836,4,RF,0,0
11846,4,RF,0,0
11848,4,RF,0,0
11852,4,RF,0,0
11861,4,RF,0,0
11865,4,RF,0,0
11869,4,RF,1,1
11870,4,RF,0,0
11872,4,RF,0,0
11874,4,RF,0,0
11875,4,RF,0,0
11879,4,RF,0,0
11882,4,RF,0,0
11883,4,RF,0,0
11884,4,RF,0,0
11889,4,RF,0,0
11895,4,RF,0,0
11907,4,RF,0,0
11914,4,RF,0,0
11915,4,RF,0,0
11916,4,RF,0,0
11917,4,RF,0,0
11932,4,RF,0,0
11937,4,RF,0,0
11940,4,RF,0,0
11945,4,RF,0,0
11951,4,RF,0,0
11956,4,RF,0,0
11957,4,RF,1,1
11964,4,RF,0,0
11967,4,RF,0,0
11971,4,RF,0,0
11973,4,RF,0,0
11986,4,RF,0,0
12000,4,RF,0,0
12003,4,RF,0,0
12007,4,RF,0,0
12027,4,RF,0,0
12031,4,RF,1,1
12034,4,RF,0,0
12036,4,RF,0,0
12037,4,RF,0,0
12045,4,RF,0,0
12054,4,RF,1,0
12057,4,RF,1,1
12059,4,RF,0,0
12060,4,RF,1,1
12062,4,RF,0,0
12063,4,RF,0,0
12068,4,RF,0,0
12071,4,RF,0,0
12074,4,RF,0,0
12078,4,RF,0,0
12088,4,RF,0,0
12091,4,RF,0,0
12093,4,RF,0,0
12095,4,RF,0,0
12098,4,RF,0,0
12101,4,RF,0,0
12108,4,RF,1,1
12127,4,RF,0,0
12128,4,RF,0,0
12130,4,RF,0,0
12131,4,RF,0,0
12134,4,RF,0,0
12137,4,RF,0,0
12143,4,RF,0,0
12154,4,RF,0,0
12158,4,RF,0,0
12160,4,RF,0,0
12163,4,RF,0,0
12169,4,RF,1,0
12173,4,RF,0,0
12175,4,RF,0,0
12176,4,RF,0,0
12177,4,RF,0,0
12181,4,RF,0,0
12183,4,RF,0,0
12194,4,RF,1,0
12195,4,RF,0,0
12211,4,RF,0,0
12218,4,RF,0,0
12220,4,RF,1,1
12229,4,RF,0,0
12234,4,RF,0,0
12241,4,RF,0,0
12243,4,RF,0,0
12244,4,RF,0,0
12253,4,RF,0,0
12255,4,RF,0,0
12257,4,RF,0,0
12260,4,RF,0,0
12265,4,RF,0,0
12266,4,RF,0,0
12283,4,RF,0,0
12289,4,RF,0,0
12293,4,RF,0,0
12295,4,RF,0,0
12297,4,RF,0,0
12301,4,RF,1,1
12302,4,RF,0,0
12306,4,RF,0,0
12312,4,RF,0,0
12315,4,RF,0,0
12316,4,RF,0,0
12318,4,RF,0,0
12319,4,RF,0,0
12320,4,RF,0,0
12321,4,RF,0,0
12322,4,RF,0,0
12323,4,RF,0,0
12324,4,RF,1,1
12336,4,RF,0,0
12337,4,RF,0,0
12363,4,RF,0,0
12385,4,RF,0,0
12401,4,RF,0,0
12407,4,RF,0,0
12415,4,RF,0,1
12417,4,RF,0,0
12418,4,RF,0,0
12425,4,RF,1,0
12427,4,RF,0,0
12430,4,RF,0,0
12431,4,RF,0,0
12433,4,RF,0,0
12436,4,RF,1,1
12440,4,RF,0,0
12442,4,RF,0,0
12447,4,RF,0,0
12452,4,RF,0,0
12469,4,RF,0,0
12472,4,RF,0,0
12484,4,RF,1,1
12486,4,RF,0,0
12488,4,RF,0,0
12489,4,RF,0,0
12492,4,RF,0,0
12497,4,RF,0,0
12504,4,RF,0,0
12507,4,RF,0,0
12508,4,RF,0,0
12511,4,RF,0,0
12521,4,RF,0,0
12523,4,RF,0,0
12529,4,RF,0,0
12533,4,RF,0,0
12545,4,RF,1,1
12551,4,RF,0,1
12552,4,RF,1,0
12554,4,RF,0,0
12555,4,RF,0,0
12564,4,RF,0,0
12577,4,RF,0,0
12580,4,RF,0,0
12591,4,RF,0,0
12594,4,RF,0,0
12595,4,RF,0,0
12601,4,RF,0,0
12603,4,RF,0,0
12609,4,RF,0,0
12619,4,RF,0,0
12620,4,RF,0,0
12621,4,RF,0,0
12622,4,RF,0,0
12624,4,RF,1,1
12625,4,RF,0,0
12627,4,RF,0,0
12642,4,RF,0,0
12644,4,RF,0,0
12659,4,RF,0,0
12664,4,RF,1,1
12700,4,RF,0,0
12717,4,RF,0,0
12720,4,RF,0,0
12730,4,RF,0,0
12735,4,RF,0,0
12740,4,RF,1,0
12743,4,RF,0,0
12744,4,RF,0,0
12751,4,RF,1,1
12753,4,RF,0,0
12755,4,RF,0,0
12771,4,RF,0,0
12780,4,RF,0,0
12783,4,RF,1,1
12793,4,RF,0,0
12794,4,RF,0,0
12803,4,RF,0,0
12804,4,RF,0,0
12805,4,RF,0,0
12807,4,RF,0,0
12811,4,RF,0,0
12815,4,RF,1,1
12820,4,RF,0,0
12826,4,RF,0,0
12838,4,RF,0,0
12847,4,RF,0,0
12852,4,RF,0,0
12861,4,RF,1,1
12865,4,RF,0,0
12871,4,RF,0,0
12872,4,RF,0,0
12873,4,RF,0,0
12874,4,RF,0,0
12876,4,RF,0,0
12878,4,RF,0,0
12884,4,RF,0,0
12896,4,RF,0,0
12897,4,RF,0,0
12898,4,RF,0,0
12904,4,RF,0,0
12905,4,RF,0,0
12906,4,RF,1,0
12909,4,RF,0,0
12912,4,RF,0,0
12933,4,RF,0,0
12935,4,RF,0,0
12939,4,RF,0,0
12940,4,RF,0,0
12942,4,RF,0,0
12944,4,RF,0,0
12961,4,RF,0,0
12966,4,RF,0,0
12968,4,RF,0,0
12977,4,RF,0,0
12978,4,RF,0,0
12980,4,RF,1,1
12988,4,RF,0,0
12990,4,RF,0,0
13005,4,RF,0,0
13010,4,RF,0,0
13011,4,RF,0,0
13029,4,RF,1,1
13044,4,RF,1,1
13052,4,RF,0,0
13054,4,RF,0,0
13069,4,RF,0,0
13073,4,RF,0,0
13074,4,RF,0,0
13084,4,RF,0,0
13085,4,RF,0,0
13089,4,RF,0,0
13093,4,RF,0,0
13098,4,RF,0,0
13101,4,RF,0,0
13105,4,RF,0,0
13113,4,RF,0,0
13122,4,RF,0,0
13126,4,RF,0,0
13129,4,RF,0,0
13136,4,RF,0,0
13137,4,RF,0,0
13141,4,RF,0,0
13142,4,RF,0,0
13144,4,RF,1,1
13150,4,RF,0,0
13159,4,RF,0,0
13161,4,RF,0,0
13163,4,RF,1,1
13174,4,RF,1,0
13175,4,RF,0,0
13178,4,RF,0,0
13192,4,RF,0,0
13196,4,RF,0,0
13198,4,RF,0,0
13210,4,RF,0,0
13214,4,RF,0,0
13219,4,RF,0,0
13222,4,RF,1,1
13223,4,RF,0,0
13225,4,RF,0,0
13230,4,RF,0,0
13232,4,RF,0,0
13233,4,RF,0,0
13236,4,RF,0,0
13237,4,RF,0,0
13238,4,RF,0,0
13241,4,RF,0,0
13243,4,RF,0,0
13250,4,RF,0,0
13255,4,RF,0,0
13264,4,RF,0,0
13269,4,RF,0,0
13275,4,RF,0,0
13287,4,RF,0,0
13292,4,RF,0,0
13293,4,RF,0,0
13295,4,RF,0,0
13309,4,RF,0,0
13312,4,RF,0,0
13315,4,RF,1,0
13322,4,RF,0,0
13325,4,RF,0,0
13340,4,RF,0,0
13350,4,RF,0,0
13357,4,RF,0,0
13358,4,RF,0,0
13362,4,RF,1,0
13368,4,RF,0,0
13370,4,RF,0,0
13374,4,RF,0,0
13376,4,RF,1,1
13379,4,RF,0,0
13385,4,RF,0,0
13397,4,RF,0,0
13401,4,RF,0,0
13403,4,RF,0,0
13412,4,RF,0,0
13415,4,RF,0,0
13423,4,RF,0,0
13429,4,RF,0,0
13433,4,RF,0,0
13435,4,RF,0,0
13436,4,RF,0,0
13441,4,RF,0,0
13443,4,RF,0,0
13458,4,RF,0,0
13468,4,RF,0,0
13475,4,RF,1,1
13482,4,RF,0,0
13483,4,RF,1,1
13485,4,RF,0,0
13491,4,RF,0,0
13498,4,RF,0,0
13500,4,RF,0,0
13501,4,RF,0,0
13506,4,RF,0,0
13524,4,RF,1,0
13528,4,RF,0,0
13529,4,RF,0,1
13542,4,RF,0,0
13543,4,RF,0,0
13547,4,RF,0,0
13549,4,RF,0,0
13550,4,RF,0,0
13554,4,RF,0,0
13558,4,RF,0,0
13565,4,RF,1,1
13567,4,RF,0,0
13568,4,RF,0,0
13569,4,RF,0,0
13571,4,RF,0,0
13573,4,RF,1,0
13575,4,RF,0,0
13578,4,RF,1,1
13581,4,RF,0,0
13583,4,RF,0,0
13588,4,RF,0,0
13590,4,RF,0,0
13591,4,RF,0,0
13592,4,RF,0,0
13594,4,RF,0,0
13600,4,RF,1,1
13613,4,RF,0,0
13623,4,RF,0,1
13628,4,RF,0,0
13630,4,RF,0,0
13633,4,RF,0,0
13636,4,RF,0,0
13639,4,RF,0,0
13654,4,RF,0,0
13660,4,RF,0,0
13666,4,RF,0,0
13667,4,RF,0,0
13674,4,RF,0,0
13676,4,RF,0,0
13679,4,RF,0,0
13681,4,RF,0,0
13683,4,RF,0,0
13685,4,RF,0,0
13693,4,RF,0,0
13703,4,RF,0,0
13708,4,RF,0,0
13716,4,RF,0,0
13720,4,RF,1,1
13722,4,RF,0,0
13724,4,RF,0,0
13727,4,RF,0,0
13729,4,RF,0,0
13741,4,RF,0,0
13746,4,RF,0,0
13748,4,RF,0,0
13761,4,RF,0,0
13762,4,RF,0,0
13768,4,RF,0,0
13769,4,RF,0,0
13773,4,RF,0,0
13778,4,RF,0,0
13780,4,RF,0,0
13791,4,RF,0,0
13794,4,RF,0,0
13801,4,RF,0,1
13807,4,RF,0,0
13815,4,RF,0,0
13816,4,RF,0,0
13818,4,RF,0,0
13824,4,RF,0,0
13825,4,RF,0,0
13828,4,RF,0,0
13833,4,RF,0,0
13837,4,RF,1,1
13838,4,RF,0,0
13844,4,RF,0,0
13847,4,RF,0,0
13851,4,RF,0,0
13853,4,RF,0,0
13854,4,RF,0,0
13855,4,RF,0,0
13865,4,RF,0,0
13868,4,RF,0,0
13872,4,RF,0,0
13879,4,RF,0,0
13880,4,RF,0,0
13882,4,RF,0,0
13894,4,RF,1,1
13905,4,RF,0,0
13910,4,RF,0,0
13913,4,RF,0,1
13914,4,RF,0,0
13916,4,RF,0,0
13918,4,RF,0,0
13922,4,RF,0,0
13927,4,RF,1,1
13932,4,RF,0,0
13933,4,RF,0,0
13943,4,RF,0,0
13949,4,RF,0,0
13956,4,RF,0,0
13958,4,RF,0,0
13961,4,RF,0,0
13969,4,RF,0,0
13971,4,RF,0,0
13972,4,RF,0,0
13973,4,RF,0,0
13974,4,RF,0,0
13977,4,RF,0,0
13980,4,RF,1,1
13982,4,RF,1,1
13990,4,RF,0,0
13997,4,RF,0,0
14001,4,RF,0,0
14013,4,RF,0,0
14029,4,RF,0,0
14042,4,RF,0,0
14049,4,RF,0,0
14050,4,RF,0,0
14053,4,RF,0,0
14054,4,RF,1,1
14056,4,RF,0,0
14067,4,RF,0,0
14088,4,RF,1,1
14090,4,RF,0,0
14096,4,RF,1,1
14099,4,RF,1,0
14104,4,RF,0,0
14112,4,RF,0,0
14113,4,RF,0,0
14127,4,RF,0,0
14135,4,RF,0,0
14144,4,RF,0,0
14147,4,RF,0,0
14150,4,RF,0,0
14157,4,RF,1,1
14176,4,RF,0,0
14177,4,RF,1,1
14178,4,RF,0,1
14179,4,RF,0,0
14182,4,RF,0,0
14186,4,RF,0,0
14188,4,RF,0,0
14190,4,RF,0,0
14194,4,RF,0,0
14206,4,RF,0,0
14213,4,RF,0,0
14227,4,RF,0,0
14232,4,RF,1,1
14235,4,RF,0,0
14244,4,RF,0,0
14246,4,RF,1,0
14253,4,RF,0,0
14254,4,RF,0,0
14258,4,RF,0,0
14267,4,RF,0,0
14268,4,RF,0,0
14270,4,RF,0,0
14278,4,RF,0,1
14283,4,RF,0,0
14288,4,RF,0,0
14294,4,RF,0,0
14298,4,RF,0,0
14303,4,RF,0,0
14305,4,RF,0,0
14311,4,RF,0,0
14324,4,RF,0,0
14332,4,RF,0,0
14340,4,RF,0,0
14350,4,RF,0,0
14356,4,RF,0,0
14358,4,RF,0,0
14363,4,RF,1,1
14368,4,RF,0,0
14371,4,RF,0,0
14373,4,RF,0,0
14377,4,RF,0,0
14379,4,RF,0,0
14384,4,RF,0,0
14387,4,RF,0,0
14394,4,RF,0,0
14396,4,RF,1,1
14397,4,RF,0,0
14400,4,RF,0,0
14401,4,RF,0,0
14403,4,RF,1,1
14404,4,RF,1,1
14411,4,RF,0,0
14427,4,RF,0,0
14429,4,RF,0,0
14433,4,RF,0,0
14444,4,RF,1,1
14446,4,RF,0,0
14450,4,RF,0,0
14459,4,RF,0,0
14461,4,RF,0,0
14466,4,RF,0,0
14470,4,RF,1,1
14472,4,RF,0,0
14477,4,RF,0,0
14480,4,RF,1,1
14488,4,RF,0,0
14495,4,RF,0,0
14496,4,RF,0,0
14501,4,RF,0,0
14504,4,RF,0,0
14505,4,RF,0,0
14511,4,RF,0,0
14512,4,RF,0,0
14520,4,RF,0,0
14528,4,RF,0,0
14534,4,RF,0,0
14538,4,RF,0,0
14541,4,RF,0,0
14554,4,RF,0,0
14557,4,RF,1,1
14561,4,RF,0,0
14562,4,RF,0,0
14566,4,RF,0,0
14567,4,RF,0,0
14570,4,RF,0,0
14573,4,RF,0,0
14576,4,RF,0,0
14578,4,RF,0,0
14579,4,RF,0,0
14581,4,RF,0,0
14584,4,RF,0,0
14589,4,RF,0,0
14595,4,RF,0,0
14600,4,RF,0,0
14603,4,RF,0,0
14607,4,RF,0,0
14611,4,RF,0,0
14612,4,RF,0,0
14621,4,RF,0,0
14622,4,RF,0,0
14628,4,RF,0,0
14629,4,RF,0,0
14633,4,RF,0,0
14636,4,RF,0,0
14639,4,RF,0,0
14640,4,RF,0,0
14642,4,RF,0,0
14646,4,RF,0,0
14650,4,RF,0,0
14663,4,RF,0,0
14666,4,RF,0,0
14670,4,RF,0,0
14676,4,RF,0,0
14681,4,RF,0,0
14683,4,RF,0,0
14686,4,RF,0,0
14701,4,RF,0,0
14704,4,RF,1,0
14710,4,RF,0,0
14715,4,RF,0,0
14717,4,RF,0,0
14723,4,RF,0,0
14724,4,RF,0,0
14725,4,RF,0,0
14726,4,RF,0,0
14738,4,RF,0,0
14739,4,RF,1,1
14742,4,RF,1,1
14744,4,RF,0,0
14761,4,RF,0,0
14767,4,RF,0,0
14768,4,RF,0,0
14769,4,RF,0,0
14776,4,RF,0,0
14783,4,RF,0,0
14787,4,RF,1,0
14790,4,RF,0,0
14794,4,RF,0,0
14800,4,RF,0,0
14807,4,RF,0,0
14809,4,RF,0,0
14812,4,RF,0,0
14817,4,RF,0,0
14820,4,RF,0,0
14829,4,RF,1,1
14830,4,RF,0,0
14842,4,RF,0,0
14847,4,RF,0,0
14849,4,RF,0,0
14850,4,RF,0,0
14871,4,RF,0,0
14875,4,RF,0,0
14876,4,RF,1,1
14884,4,RF,0,0
14885,4,RF,0,0
14887,4,RF,0,0
14890,4,RF,0,0
14892,4,RF,0,0
14893,4,RF,0,0
14898,4,RF,0,0
14900,4,RF,0,0
14901,4,RF,0,0
14906,4,RF,0,0
14907,4,RF,0,0
14909,4,RF,0,0
14911,4,RF,0,0
14912,4,RF,0,0
14915,4,RF,0,0
14920,4,RF,0,0
14922,4,RF,0,0
14925,4,RF,0,0
14926,4,RF,0,0
14927,4,RF,0,0
14929,4,RF,0,0
14933,4,RF,0,0
14939,4,RF,0,0
14941,4,RF,0,0
14953,4,RF,1,0
14955,4,RF,0,0
14958,4,RF,0,0
14965,4,RF,0,0
14975,4,RF,1,1
14984,4,RF,0,0
14991,4,RF,0,0
15000,4,RF,0,0
15002,4,RF,0,0
15006,4,RF,0,0
15010,4,RF,0,0
15012,4,RF,1,0
15018,4,RF,0,0
15019,4,RF,0,0
15033,4,RF,0,0
15036,4,RF,0,0
15040,4,RF,0,0
15046,4,RF,1,1
15051,4,RF,0,0
15060,4,RF,0,0
15070,4,RF,1,1
15091,4,RF,0,1
15098,4,RF,0,0
15103,4,RF,0,0
15114,4,RF,0,0
15121,4,RF,0,0
15123,4,RF,0,0
15125,4,RF,0,0
15130,4,RF,0,0
15131,4,RF,0,0
15136,4,RF,0,0
15138,4,RF,0,0
15140,4,RF,0,0
15145,4,RF,0,0
15147,4,RF,1,1
15150,4,RF,0,0
15159,4,RF,0,0
15160,4,RF,0,0
15161,4,RF,0,0
15173,4,RF,0,0
15177,4,RF,0,0
15181,4,RF,0,0
15182,4,RF,0,0
15185,4,RF,0,0
15186,4,RF,0,0
15194,4,RF,0,0
15197,4,RF,0,0
15200,4,RF,0,0
15212,4,RF,1,1
15215,4,RF,0,0
15220,4,RF,1,1
15224,4,RF,0,0
15225,4,RF,0,0
15234,4,RF,0,0
15235,4,RF,0,0
15236,4,RF,0,0
15249,4,RF,0,0
15250,4,RF,0,0
15254,4,RF,0,0
15260,4,RF,1,0
15262,4,RF,0,0
15265,4,RF,0,0
15267,4,RF,0,0
15270,4,RF,0,0
15273,4,RF,0,0
15274,4,RF,0,0
15276,4,RF,0,0
15281,4,RF,0,0
15283,4,RF,0,0
15284,4,RF,0,0
15287,4,RF,0,0
15295,4,RF,1,1
15297,4,RF,0,0
15303,4,RF,0,0
15310,4,RF,1,0
15314,4,RF,0,0
15317,4,RF,0,0
15324,4,RF,0,0
15331,4,RF,0,0
15337,4,RF,0,0
15344,4,RF,0,0
15349,4,RF,0,0
15363,4,RF,1,1
15366,4,RF,0,0
15367,4,RF,0,0
15372,4,RF,0,0
15373,4,RF,0,0
15376,4,RF,0,0
15381,4,RF,0,0
15384,4,RF,0,0
15394,4,RF,0,0
15396,4,RF,0,0
15400,4,RF,0,0
15401,4,RF,0,0
15413,4,RF,0,0
15418,4,RF,0,0
15419,4,RF,0,0
15421,4,RF,0,0
15425,4,RF,0,0
15431,4,RF,0,0
15433,4,RF,0,0
15439,4,RF,1,0
15440,4,RF,0,0
15441,4,RF,0,0
15443,4,RF,1,1
15449,4,RF,0,0
15454,4,RF,0,0
15456,4,RF,0,0
15465,4,RF,0,0
15468,4,RF,1,1
15471,4,RF,1,0
15478,4,RF,0,0
15486,4,RF,0,0
15487,4,RF,0,0
15495,4,RF,1,1
15498,4,RF,1,1
15500,4,RF,0,0
15501,4,RF,0,0
15504,4,RF,0,0
15508,4,RF,1,1
15511,4,RF,0,0
15512,4,RF,0,0
15513,4,RF,0,0
15515,4,RF,0,0
15517,4,RF,0,0
15522,4,RF,1,0
15534,4,RF,0,0
15536,4,RF,0,0
15538,4,RF,0,0
15539,4,RF,0,0
15540,4,RF,0,0
15541,4,RF,0,0
15542,4,RF,0,0
15543,4,RF,0,0
15544,4,RF,0,0
15557,4,RF,0,0
15563,4,RF,0,0
15566,4,RF,0,0
15572,4,RF,0,0
15576,4,RF,0,0
15579,4,RF,0,0
15584,4,RF,0,0
15590,4,RF,0,1
15591,4,RF,0,0
15611,4,RF,0,0
15612,4,RF,0,0
15619,4,RF,1,1
15623,4,RF,0,0
15626,4,RF,0,0
15627,4,RF,0,0
15628,4,RF,0,0
15637,4,RF,0,0
15647,4,RF,0,0
15656,4,RF,0,0
15658,4,RF,0,0
15660,4,RF,0,0
15663,4,RF,0,0
15684,4,RF,0,0
15685,4,RF,0,0
15691,4,RF,0,0
15695,4,RF,0,0
15696,4,RF,0,0
15704,4,RF,0,0
15710,4,RF,0,0
15712,4,RF,0,0
15714,4,RF,0,0
15722,4,RF,1,1
15723,4,RF,0,0
15725,4,RF,0,0
15752,4,RF,0,0
15756,4,RF,0,0
15765,4,RF,0,0
15768,4,RF,0,0
15769,4,RF,0,0
15772,4,RF,0,0
15785,4,RF,0,0
15790,4,RF,1,0
15791,4,RF,0,0
15797,4,RF,1,1
15806,4,RF,0,0
15810,4,RF,0,0
15811,4,RF,0,0
15821,4,RF,0,0
15841,4,RF,0,0
15845,4,RF,1,0
15849,4,RF,0,0
15850,4,RF,0,0
15857,4,RF,0,0
15861,4,RF,0,0
15869,4,RF,1,0
15880,4,RF,0,0
15881,4,RF,0,0
15882,4,RF,1,1
15885,4,RF,0,0
15888,4,RF,0,0
15893,4,RF,0,0
15897,4,RF,0,0
15898,4,RF,0,0
15903,4,RF,1,0
15905,4,RF,0,0
15906,4,RF,0,0
15908,4,RF,0,0
15909,4,RF,0,0
15912,4,RF,1,1
15913,4,RF,1,1
15919,4,RF,0,0
15920,4,RF,0,0
15927,4,RF,0,0
15955,4,RF,0,0
15960,4,RF,0,0
15971,4,RF,1,1
15972,4,RF,0,0
15979,4,RF,0,0
15985,4,RF,0,0
15992,4,RF,0,0
15994,4,RF,0,0
15999,4,RF,0,0
16001,4,RF,0,0
16006,4,RF,0,0
16008,4,RF,0,0
16010,4,RF,0,0
16013,4,RF,0,0
16015,4,RF,1,1
16018,4,RF,0,0
16019,4,RF,0,0
16022,4,RF,0,0
16029,4,RF,0,0
16030,4,RF,0,0
16051,4,RF,0,0
16054,4,RF,0,0
16063,4,RF,0,0
16080,4,RF,0,0
16082,4,RF,1,1
16083,4,RF,0,0
16091,4,RF,0,0
16097,4,RF,0,0
16101,4,RF,0,0
16102,4,RF,0,0
16110,4,RF,0,0
16116,4,RF,0,0
16118,4,RF,0,0
16128,4,RF,0,0
16134,4,RF,0,0
16145,4,RF,0,0
16155,4,RF,0,0
16156,4,RF,0,0
16159,4,RF,0,0
16165,4,RF,1,1
16166,4,RF,0,0
16167,4,RF,0,0
16169,4,RF,0,0
16170,4,RF,0,0
16171,4,RF,0,0
16185,4,RF,0,0
16193,4,RF,0,0
16197,4,RF,0,0
16200,4,RF,0,0
16217,4,RF,0,0
16221,4,RF,0,0
16223,4,RF,1,1
16226,4,RF,1,1
16235,4,RF,0,0
16245,4,RF,0,0
16253,4,RF,1,1
16256,4,RF,0,0
16257,4,RF,0,0
16259,4,RF,0,0
16266,4,RF,0,0
16268,4,RF,0,0
16270,4,RF,0,0
16274,4,RF,0,0
16278,4,RF,0,0
16280,4,RF,0,0
16283,4,RF,0,0
16294,4,RF,0,0
16301,4,RF,0,0
16304,4,RF,0,0
16308,4,RF,1,1
16310,4,RF,0,0
16313,4,RF,1,1
16316,4,RF,0,0
16323,4,RF,1,1
16326,4,RF,0,0
16333,4,RF,0,0
16342,4,RF,0,0
16344,4,RF,0,0
16345,4,RF,0,0
16347,4,RF,0,0
16348,4,RF,1,0
16349,4,RF,0,0
16350,4,RF,0,0
16351,4,RF,1,0
16363,4,RF,0,0
16369,4,RF,0,0
16372,4,RF,1,1
16374,4,RF,0,0
16376,4,RF,0,0
16384,4,RF,0,0
16403,4,RF,0,0
16404,4,RF,0,0
16408,4,RF,0,0
16410,4,RF,0,0
16412,4,RF,0,0
16417,4,RF,0,0
16421,4,RF,0,0
16428,4,RF,0,0
16429,4,RF,0,0
16434,4,RF,0,0
16442,4,RF,0,0
16445,4,RF,0,0
16446,4,RF,0,0
16449,4,RF,0,0
16451,4,RF,1,0
16456,4,RF,0,0
16457,4,RF,1,0
16460,4,RF,1,1
16464,4,RF,0,0
16466,4,RF,0,0
16470,4,RF,0,0
16471,4,RF,0,0
16472,4,RF,0,0
16486,4,RF,0,0
16489,4,RF,0,0
16491,4,RF,1,1
16508,4,RF,0,0
16523,4,RF,0,0
16524,4,RF,0,0
16526,4,RF,0,0
16528,4,RF,0,0
16531,4,RF,0,0
16542,4,RF,0,0
16544,4,RF,0,0
16546,4,RF,1,1
16547,4,RF,0,0
16548,4,RF,0,0
16552,4,RF,0,0
16569,4,RF,0,0
16577,4,RF,0,0
16580,4,RF,0,0
16581,4,RF,0,0
16596,4,RF,0,0
16600,4,RF,0,0
16602,4,RF,0,0
16610,4,RF,0,0
16612,4,RF,0,0
16649,4,RF,0,0
16651,4,RF,0,0
16654,4,RF,0,0
16660,4,RF,0,0
16668,4,RF,0,0
16670,4,RF,0,0
16671,4,RF,0,0
16675,4,RF,0,0
16678,4,RF,1,0
16685,4,RF,1,0
16689,4,RF,0,0
16691,4,RF,0,0
16694,4,RF,1,1
16695,4,RF,0,0
16698,4,RF,0,0
16702,4,RF,0,0
16703,4,RF,0,0
16706,4,RF,0,0
16708,4,RF,1,1
16712,4,RF,0,0
16714,4,RF,1,1
16715,4,RF,1,0
16718,4,RF,0,0
16721,4,RF,1,1
16729,4,RF,0,0
16744,4,RF,0,0
16746,4,RF,0,0
16747,4,RF,0,0
16752,4,RF,0,0
16765,4,RF,0,0
16770,4,RF,0,0
16773,4,RF,0,0
16777,4,RF,0,0
16779,4,RF,0,0
16781,4,RF,0,0
16787,4,RF,1,1
16799,4,RF,0,0
16802,4,RF,0,0
16803,4,RF,0,0
16806,4,RF,0,0
16819,4,RF,0,0
16825,4,RF,0,0
16832,4,RF,0,0
16835,4,RF,0,0
16841,4,RF,0,0
16845,4,RF,0,0
16855,4,RF,0,0
16869,4,RF,0,0
16871,4,RF,0,0
16872,4,RF,0,0
16875,4,RF,0,0
16876,4,RF,1,0
16880,4,RF,0,0
16883,4,RF,0,0
16886,4,RF,0,0
16889,4,RF,0,0
16893,4,RF,0,0
16894,4,RF,0,0
16922,4,RF,0,0
16923,4,RF,0,0
16933,4,RF,0,0
16934,4,RF,0,1
16942,4,RF,0,0
16945,4,RF,0,0
16950,4,RF,1,1
16958,4,RF,0,0
16962,4,RF,1,1
16963,4,RF,1,0
16982,4,RF,0,0
16983,4,RF,0,0
16990,4,RF,1,1
16998,4,RF,0,0
17003,4,RF,0,0
17004,4,RF,0,0
17005,4,RF,0,0
17016,4,RF,0,0
17017,4,RF,0,0
17019,4,RF,0,0
17022,4,RF,0,0
17026,4,RF,0,0
17029,4,RF,1,0
17030,4,RF,1,1
17031,4,RF,0,0
17032,4,RF,1,0
17039,4,RF,0,0
17054,4,RF,0,0
17055,4,RF,0,0
17061,4,RF,0,0
17067,4,RF,0,0
17068,4,RF,1,1
17074,4,RF,0,0
17078,4,RF,0,0
17079,4,RF,0,0
17082,4,RF,0,0
17084,4,RF,0,0
17091,4,RF,0,0
17098,4,RF,0,0
17104,4,RF,0,0
17108,4,RF,0,0
17113,4,RF,0,0
17116,4,RF,0,0
17121,4,RF,0,0
17122,4,RF,0,0
17123,4,RF,0,0
17130,4,RF,0,1
17131,4,RF,0,0
17133,4,RF,0,0
17135,4,RF,0,1
17139,4,RF,0,0
17143,4,RF,0,0
17148,4,RF,0,0
17153,4,RF,0,0
17156,4,RF,0,0
17172,4,RF,0,0
17185,4,RF,0,0
17198,4,RF,0,0
17201,4,RF,0,0
17203,4,RF,0,1
17215,4,RF,0,0
17219,4,RF,1,1
17220,4,RF,1,1
17228,4,RF,0,0
17234,4,RF,0,0
17242,4,RF,0,0
17246,4,RF,0,0
17250,4,RF,0,0
17255,4,RF,0,0
17259,4,RF,0,0
17262,4,RF,0,0
17267,4,RF,0,0
17272,4,RF,0,0
17277,4,RF,0,0
17286,4,RF,0,0
17289,4,RF,0,0
17292,4,RF,0,0
17297,4,RF,1,1
17298,4,RF,0,0
17299,4,RF,0,0
17304,4,RF,0,0
17307,4,RF,1,0
17309,4,RF,0,0
17310,4,RF,0,0
17311,4,RF,0,0
17321,4,RF,0,0
17322,4,RF,1,1
17327,4,RF,1,1
17328,4,RF,0,0
17331,4,RF,0,0
17332,4,RF,0,0
17340,4,RF,0,0
17353,4,RF,0,0
17361,4,RF,0,0
17363,4,RF,0,0
17368,4,RF,0,0
17371,4,RF,0,0
17375,4,RF,0,0
17378,4,RF,0,0
17379,4,RF,0,0
17384,4,RF,0,0
17385,4,RF,0,0
17387,4,RF,1,1
17391,4,RF,0,0
17392,4,RF,0,1
17393,4,RF,0,0
17396,4,RF,0,0
17406,4,RF,0,0
17408,4,RF,0,0
17413,4,RF,0,0
17417,4,RF,0,0
17421,4,RF,0,0
17422,4,RF,0,0
17431,4,RF,0,0
17443,4,RF,1,1
17447,4,RF,0,0
17455,4,RF,0,0
17482,4,RF,1,0
17489,4,RF,0,0
17493,4,RF,0,0
17496,4,RF,0,0
17499,4,RF,0,0
17500,4,RF,0,0
17506,4,RF,0,0
17509,4,RF,0,0
17524,4,RF,0,0
17534,4,RF,0,0
17538,4,RF,1,1
17541,4,RF,0,0
17543,4,RF,0,0
17544,4,RF,0,0
17546,4,RF,0,0
17551,4,RF,0,0
17570,4,RF,0,0
17587,4,RF,0,0
17589,4,RF,0,0
17592,4,RF,0,0
17593,4,RF,0,0
17601,4,RF,0,0
17610,4,RF,0,0
17616,4,RF,0,0
17620,4,RF,0,0
17628,4,RF,0,0
17631,4,RF,0,0
17632,4,RF,0,0
17633,4,RF,0,0
17634,4,RF,0,0
17640,4,RF,0,0
17653,4,RF,0,0
17664,4,RF,0,0
17670,4,RF,0,0
17677,4,RF,1,1
17682,4,RF,0,0
17685,4,RF,0,0
17688,4,RF,0,0
17692,4,RF,0,0
17693,4,RF,0,0
17695,4,RF,0,0
17700,4,RF,0,0
17701,4,RF,0,0
17704,4,RF,0,0
17718,4,RF,0,0
17731,4,RF,1,1
17737,4,RF,0,0
17748,4,RF,0,0
17758,4,RF,0,0
17759,4,RF,0,0
17762,4,RF,0,0
17772,4,RF,0,0
17777,4,RF,0,0
17778,4,RF,0,0
17788,4,RF,0,0
17794,4,RF,0,0
17795,4,RF,0,0
17796,4,RF,0,0
17802,4,RF,0,0
17809,4,RF,0,0
17816,4,RF,0,0
17819,4,RF,0,0
17824,4,RF,0,0
17825,4,RF,1,1
17831,4,RF,0,0
17838,4,RF,0,0
17840,4,RF,1,1
17849,4,RF,0,0
17850,4,RF,0,0
17851,4,RF,0,1
17859,4,RF,0,0
17863,4,RF,0,0
17867,4,RF,0,0
17868,4,RF,0,0
17870,4,RF,0,0
17874,4,RF,0,0
17876,4,RF,0,0
17878,4,RF,1,1
17892,4,RF,0,0
17899,4,RF,0,0
17901,4,RF,0,0
17905,4,RF,0,0
17911,4,RF,0,0
17927,4,RF,0,0
17930,4,RF,0,0
17935,4,RF,0,0
17939,4,RF,0,0
17940,4,RF,0,0
17945,4,RF,0,0
17954,4,RF,0,0
17961,4,RF,0,0
17980,4,RF,0,0
17984,4,RF,0,0
17987,4,RF,0,0
17988,4,RF,0,0
17989,4,RF,0,0
17995,4,RF,0,0
17998,4,RF,0,0
18003,4,RF,0,0
18004,4,RF,0,0
18009,4,RF,0,0
18016,4,RF,0,0
18017,4,RF,1,1
18018,4,RF,0,0
18019,4,RF,0,0
18026,4,RF,0,0
18036,4,RF,0,1
18037,4,RF,0,0
18038,4,RF,0,0
18040,4,RF,0,0
18044,4,RF,0,0
18045,4,RF,0,0
18046,4,RF,0,0
18047,4,RF,0,0
18048,4,RF,0,1
18057,4,RF,0,0
18058,4,RF,0,0
18061,4,RF,0,0
18062,4,RF,1,1
18065,4,RF,0,0
18068,4,RF,0,0
18069,4,RF,1,1
18071,4,RF,0,0
18073,4,RF,0,0
18079,4,RF,0,0
18081,4,RF,0,0
18086,4,RF,0,0
18090,4,RF,0,0
18091,4,RF,0,0
18102,4,RF,1,0
18113,4,RF,0,0
18126,4,RF,0,0
18128,4,RF,0,0
18131,4,RF,0,0
18135,4,RF,1,1
18137,4,RF,1,0
18142,4,RF,0,0
18144,4,RF,0,0
18146,4,RF,0,0
18149,4,RF,0,0
18151,4,RF,0,0
18153,4,RF,1,1
18170,4,RF,0,0
18172,4,RF,0,0
18174,4,RF,0,0
18180,4,RF,0,0
18182,4,RF,0,0
18185,4,RF,0,0
18196,4,RF,0,0
18198,4,RF,0,0
18199,4,RF,0,0
18203,4,RF,0,0
18204,4,RF,0,0
18217,4,RF,0,0
18219,4,RF,0,0
18221,4,RF,0,0
18236,4,RF,1,1
18238,4,RF,0,0
18239,4,RF,0,0
18244,4,RF,0,0
18250,4,RF,0,0
18260,4,RF,1,1
18262,4,RF,1,0
18281,4,RF,0,0
18285,4,RF,0,0
18289,4,RF,1,1
18294,4,RF,0,0
18295,4,RF,0,0
18300,4,RF,0,0
18303,4,RF,0,0
18310,4,RF,0,0
18311,4,RF,0,0
18314,4,RF,0,0
18322,4,RF,0,0
18325,4,RF,0,0
18330,4,RF,1,1
18336,4,RF,0,0
18341,4,RF,0,0
18342,4,RF,0,0
18350,4,RF,0,0
18351,4,RF,0,0
18352,4,RF,0,0
18357,4,RF,0,0
18361,4,RF,0,0
18366,4,RF,0,0
18369,4,RF,0,0
18371,4,RF,0,0
18372,4,RF,0,0
18373,4,RF,0,0
18376,4,RF,0,0
18378,4,RF,0,0
18380,4,RF,0,0
18400,4,RF,0,0
18401,4,RF,0,0
18408,4,RF,0,0
18410,4,RF,0,0
18411,4,RF,0,0
18415,4,RF,0,0
18419,4,RF,0,0
18421,4,RF,0,0
18423,4,RF,0,0
18424,4,RF,0,0
18436,4,RF,1,0
18443,4,RF,0,0
18444,4,RF,0,0
18453,4,RF,0,0
18456,4,RF,0,0
18457,4,RF,0,0
18462,4,RF,0,0
18464,4,RF,0,0
18472,4,RF,1,1
18473,4,RF,0,0
18483,4,RF,0,0
18484,4,RF,0,0
18507,4,RF,0,0
18512,4,RF,0,0
18526,4,RF,0,0
18527,4,RF,0,0
18528,4,RF,0,0
18533,4,RF,0,0
18540,4,RF,1,0
18541,4,RF,0,0
18543,4,RF,0,0
18548,4,RF,0,0
18550,4,RF,0,0
18552,4,RF,0,0
18569,4,RF,0,0
18570,4,RF,0,0
18572,4,RF,0,0
18573,4,RF,0,0
18576,4,RF,0,0
18578,4,RF,0,0
18580,4,RF,0,0
18596,4,RF,0,0
18597,4,RF,0,0
18598,4,RF,0,0
18609,4,RF,0,0
18619,4,RF,0,0
18624,4,RF,0,0
18632,4,RF,1,1
18650,4,RF,0,0
18653,4,RF,0,0
18657,4,RF,0,0
18663,4,RF,1,1
18666,4,RF,0,0
18667,4,RF,0,0
18672,4,RF,0,0
18674,4,RF,0,0
18678,4,RF,0,0
18681,4,RF,0,0
18682,4,RF,0,0
18683,4,RF,0,0
18687,4,RF,1,1
18699,4,RF,0,0
18702,4,RF,0,0
18703,4,RF,0,0
18705,4,RF,1,0
18706,4,RF,0,0
18707,4,RF,0,0
18708,4,RF,0,0
18709,4,RF,0,0
18717,4,RF,0,0
18723,4,RF,0,0
18731,4,RF,0,0
18743,4,RF,0,0
18746,4,RF,0,0
18749,4,RF,0,0
18757,4,RF,0,0
18758,4,RF,0,0
18762,4,RF,0,0
18763,4,RF,0,0
18765,4,RF,0,0
18769,4,RF,0,0
18773,4,RF,1,1
18783,4,RF,0,0
18786,4,RF,0,0
18796,4,RF,1,1
18797,4,RF,0,0
18805,4,RF,0,0
18808,4,RF,1,0
18819,4,RF,0,0
18824,4,RF,1,1
18827,4,RF,1,0
18831,4,RF,0,0
18833,4,RF,0,0
18834,4,RF,0,0
18835,4,RF,0,0
18839,4,RF,1,0
18847,4,RF,0,0
18848,4,RF,0,0
18855,4,RF,0,0
18857,4,RF,0,0
18863,4,RF,1,1
18869,4,RF,1,0
18874,4,RF,1,1
18875,4,RF,0,0
18889,4,RF,0,0
18892,4,RF,0,0
18893,4,RF,0,0
18897,4,RF,0,0
18899,4,RF,0,0
18902,4,RF,0,0
18907,4,RF,0,0
18913,4,RF,0,0
18916,4,RF,0,0
18921,4,RF,0,1
18924,4,RF,0,0
18927,4,RF,0,0
18936,4,RF,1,1
18939,4,RF,0,0
18944,4,RF,0,0
18945,4,RF,0,0
18949,4,RF,0,0
18950,4,RF,0,0
18960,4,RF,0,0
18962,4,RF,0,0
18966,4,RF,0,0
18967,4,RF,1,0
18977,4,RF,0,0
18978,4,RF,0,0
18994,4,RF,0,1
18995,4,RF,0,0
19005,4,RF,0,0
19008,4,RF,0,0
19009,4,RF,0,0
19015,4,RF,0,0
19022,4,RF,1,1
19026,4,RF,0,1
19031,4,RF,0,0
19038,4,RF,0,0
19044,4,RF,1,1
19047,4,RF,0,0
19049,4,RF,1,0
19052,4,RF,0,0
19055,4,RF,0,0
19058,4,RF,0,0
19067,4,RF,0,0
19078,4,RF,0,0
19084,4,RF,0,0
19092,4,RF,0,0
19094,4,RF,0,0
19095,4,RF,0,0
19096,4,RF,0,0
19103,4,RF,1,1
19106,4,RF,0,0
19110,4,RF,0,0
19112,4,RF,0,0
19126,4,RF,1,1
19131,4,RF,0,0
19138,4,RF,0,0
19139,4,RF,0,0
19143,4,RF,0,0
19144,4,RF,0,0
19145,4,RF,0,0
19148,4,RF,0,0
19160,4,RF,0,0
19164,4,RF,0,0
19169,4,RF,1,1
19176,4,RF,0,0
19178,4,RF,1,1
19179,4,RF,0,0
19183,4,RF,0,0
19187,4,RF,0,0
19192,4,RF,0,0
19198,4,RF,0,0
19206,4,RF,0,0
19208,4,RF,0,0
19212,4,RF,0,0
19230,4,RF,0,0
19231,4,RF,0,1
19232,4,RF,0,0
19239,4,RF,0,0
19241,4,RF,0,0
19251,4,RF,0,0
19254,4,RF,0,0
19256,4,RF,0,0
19264,4,RF,0,0
19268,4,RF,0,0
19277,4,RF,0,0
19287,4,RF,0,0
19292,4,RF,0,0
19306,4,RF,0,0
19313,4,RF,0,0
19314,4,RF,0,0
19319,4,RF,0,0
19326,4,RF,0,0
19328,4,RF,0,0
19329,4,RF,0,0
19331,4,RF,1,1
19332,4,RF,1,0
19334,4,RF,0,0
19336,4,RF,0,0
19339,4,RF,0,0
19345,4,RF,0,1
19348,4,RF,0,0
19349,4,RF,0,0
19350,4,RF,0,0
19351,4,RF,0,0
19357,4,RF,0,0
19362,4,RF,1,0
19366,4,RF,0,0
19369,4,RF,0,0
19378,4,RF,0,0
19385,4,RF,1,1
19390,4,RF,0,0
19393,4,RF,0,0
19404,4,RF,0,0
19410,4,RF,0,0
19415,4,RF,0,0
19420,4,RF,0,0
19422,4,RF,0,0
19424,4,RF,1,0
19434,4,RF,0,0
19438,4,RF,1,1
19439,4,RF,0,0
19440,4,RF,0,0
19447,4,RF,0,0
19448,4,RF,0,0
19454,4,RF,0,0
19455,4,RF,0,0
19477,4,RF,0,0
19480,4,RF,0,0
19485,4,RF,0,0
19501,4,RF,1,1
19505,4,RF,0,0
19509,4,RF,0,0
19512,4,RF,0,0
19518,4,RF,0,1
19527,4,RF,0,0
19532,4,RF,0,0
19542,4,RF,0,0
19545,4,RF,0,0
19555,4,RF,0,0
19559,4,RF,0,0
19560,4,RF,0,0
19562,4,RF,0,0
19567,4,RF,1,0
19568,4,RF,0,0
19573,4,RF,0,0
19574,4,RF,0,0
19575,4,RF,0,0
19578,4,RF,0,0
19581,4,RF,1,1
19583,4,RF,0,0
19594,4,RF,0,0
19598,4,RF,0,0
19612,4,RF,1,1
19613,4,RF,0,0
19615,4,RF,0,0
19617,4,RF,0,0
19618,4,RF,0,0
19632,4,RF,0,0
19636,4,RF,0,0
19647,4,RF,0,0
19656,4,RF,0,0
19657,4,RF,0,0
19664,4,RF,0,0
19673,4,RF,0,0
19678,4,RF,0,0
19685,4,RF,0,0
19690,4,RF,0,0
19693,4,RF,0,0
19695,4,RF,0,0
19704,4,RF,0,0
19717,4,RF,0,0
19725,4,RF,0,0
19726,4,RF,0,0
19727,4,RF,0,0
19728,4,RF,0,0
19730,4,RF,1,1
19733,4,RF,0,0
19740,4,RF,0,0
19742,4,RF,0,0
19744,4,RF,0,0
19748,4,RF,0,0
19777,4,RF,1,1
19786,4,RF,0,1
19787,4,RF,0,0
19788,4,RF,0,0
19789,4,RF,0,0
19793,4,RF,0,0
19797,4,RF,0,0
19799,4,RF,0,0
19802,4,RF,1,1
19806,4,RF,0,0
19810,4,RF,0,0
19812,4,RF,0,0
19815,4,RF,0,0
19819,4,RF,0,0
19821,4,RF,1,1
19823,4,RF,1,1
19835,4,RF,0,0
19842,4,RF,0,0
19844,4,RF,0,0
19847,4,RF,0,0
19849,4,RF,0,0
19858,4,RF,0,0
19864,4,RF,0,0
19868,4,RF,0,0
19872,4,RF,0,0
19875,4,RF,0,0
19879,4,RF,0,0
19884,4,RF,1,1
19887,4,RF,1,0
19892,4,RF,0,0
19893,4,RF,0,0
19906,4,RF,0,0
19907,4,RF,0,0
19909,4,RF,1,1
19920,4,RF,0,0
19928,4,RF,0,0
19936,4,RF,0,0
19939,4,RF,0,0
19948,4,RF,0,1
19949,4,RF,0,0
19953,4,RF,0,0
19958,4,RF,0,0
19963,4,RF,0,0
19965,4,RF,0,0
19970,4,RF,0,0
19978,4,RF,0,0
19987,4,RF,0,0
19989,4,RF,0,0
19992,4,RF,0,0
19993,4,RF,0,0
20001,4,RF,0,0
20006,4,RF,0,0
20010,4,RF,0,0
20017,4,RF,1,1
20018,4,RF,0,0
20019,4,RF,0,0
20020,4,RF,0,0
20024,4,RF,0,0
20029,4,RF,0,0
20030,4,RF,0,0
20033,4,RF,1,1
20047,4,RF,0,0
20054,4,RF,0,0
20061,4,RF,0,0
20064,4,RF,0,0
20065,4,RF,0,0
20066,4,RF,0,0
20073,4,RF,0,0
20077,4,RF,0,0
20081,4,RF,0,0
20083,4,RF,0,0
20088,4,RF,0,0
20104,4,RF,0,0
20109,4,RF,0,0
20110,4,RF,0,0
5,4,LR,0,0
11,4,LR,0,0
12,4,LR,0,0
15,4,LR,1,1
20,4,LR,0,0
23,4,LR,0,0
38,4,LR,0,0
40,4,LR,0,0
42,4,LR,1,1
55,4,LR,0,0
57,4,LR,0,0
59,4,LR,1,0
61,4,LR,0,0
67,4,LR,0,0
72,4,LR,0,0
86,4,LR,0,1
87,4,LR,0,0
93,4,LR,0,0
95,4,LR,0,0
107,4,LR,0,0
108,4,LR,0,0
121,4,LR,0,0
124,4,LR,0,0
133,4,LR,1,0
140,4,LR,1,1
141,4,LR,0,0
142,4,LR,0,0
147,4,LR,0,0
153,4,LR,1,1
159,4,LR,0,0
160,4,LR,0,0
164,4,LR,0,0
176,4,LR,0,0
182,4,LR,0,0
184,4,LR,0,0
195,4,LR,0,0
196,4,LR,0,1
200,4,LR,0,0
201,4,LR,0,0
203,4,LR,0,0
207,4,LR,0,0
218,4,LR,0,0
225,4,LR,1,1
226,4,LR,0,0
241,4,LR,0,0
246,4,LR,0,0
257,4,LR,1,1
261,4,LR,0,0
263,4,LR,0,0
274,4,LR,0,0
276,4,LR,0,0
285,4,LR,0,0
296,4,LR,0,0
315,4,LR,0,0
328,4,LR,0,0
329,4,LR,0,0
331,4,LR,0,0
333,4,LR,0,0
334,4,LR,0,0
335,4,LR,0,0
338,4,LR,0,0
344,4,LR,0,0
357,4,LR,0,0
358,4,LR,1,1
383,4,LR,0,0
384,4,LR,0,0
389,4,LR,0,0
392,4,LR,0,0
394,4,LR,0,0
398,4,LR,0,0
400,4,LR,0,0
406,4,LR,0,0
414,4,LR,1,1
416,4,LR,0,0
417,4,LR,0,0
418,4,LR,0,0
426,4,LR,0,0
428,4,LR,0,0
437,4,LR,0,0
440,4,LR,0,0
453,4,LR,0,0
454,4,LR,0,0
458,4,LR,0,1
462,4,LR,0,0
472,4,LR,0,0
473,4,LR,0,0
474,4,LR,0,0
477,4,LR,0,0
478,4,LR,0,0
481,4,LR,0,0
484,4,LR,0,0
492,4,LR,0,0
495,4,LR,1,1
496,4,LR,0,0
501,4,LR,0,0
510,4,LR,0,0
512,4,LR,0,0
534,4,LR,0,0
538,4,LR,0,0
539,4,LR,0,0
549,4,LR,0,0
561,4,LR,0,0
571,4,LR,0,0
578,4,LR,0,0
587,4,LR,0,0
593,4,LR,0,0
594,4,LR,0,0
598,4,LR,0,0
606,4,LR,0,0
608,4,LR,0,0
624,4,LR,0,0
629,4,LR,0,0
631,4,LR,0,0
638,4,LR,0,0
656,4,LR,1,1
657,4,LR,0,0
663,4,LR,0,0
664,4,LR,0,0
669,4,LR,1,0
670,4,LR,0,0
671,4,LR,0,0
672,4,LR,1,1
674,4,LR,1,1
675,4,LR,0,0
682,4,LR,0,0
686,4,LR,0,0
688,4,LR,0,0
691,4,LR,0,0
698,4,LR,0,0
703,4,LR,0,0
705,4,LR,1,1
706,4,LR,0,0
707,4,LR,0,0
712,4,LR,0,0
713,4,LR,0,0
718,4,LR,0,0
723,4,LR,0,0
741,4,LR,0,0
752,4,LR,1,1
757,4,LR,0,0
760,4,LR,0,0
761,4,LR,0,0
764,4,LR,0,0
775,4,LR,0,0
776,4,LR,1,0
777,4,LR,0,0
781,4,LR,0,0
783,4,LR,0,0
786,4,LR,0,0
790,4,LR,0,0
800,4,LR,0,0
802,4,LR,0,0
807,4,LR,0,0
813,4,LR,0,0
814,4,LR,0,0
817,4,LR,0,0
824,4,LR,0,0
828,4,LR,0,0
836,4,LR,0,0
844,4,LR,1,1
845,4,LR,0,0
853,4,LR,0,0
855,4,LR,0,0
860,4,LR,0,0
861,4,LR,0,0
862,4,LR,0,0
864,4,LR,0,0
865,4,LR,0,0
878,4,LR,1,0
888,4,LR,1,1
889,4,LR,0,0
896,4,LR,0,0
907,4,LR,0,0
910,4,LR,1,0
915,4,LR,0,0
916,4,LR,0,0
924,4,LR,0,0
927,4,LR,1,1
933,4,LR,0,0
940,4,LR,0,0
951,4,LR,0,0
955,4,LR,0,0
959,4,LR,0,0
960,4,LR,0,0
965,4,LR,0,0
966,4,LR,0,0
968,4,LR,0,0
971,4,LR,0,0
973,4,LR,0,0
974,4,LR,1,0
979,4,LR,0,0
980,4,LR,0,0
993,4,LR,0,0
996,4,LR,0,0
997,4,LR,1,1
998,4,LR,0,0
999,4,LR,0,0
1011,4,LR,0,0
1023,4,LR,1,1
1052,4,LR,0,1
1056,4,LR,0,0
1059,4,LR,0,0
1063,4,LR,1,1
1066,4,LR,0,0
1067,4,LR,1,1
1072,4,LR,1,1
1074,4,LR,1,0
1076,4,LR,0,0
1080,4,LR,0,0
1081,4,LR,1,1
1088,4,LR,0,0
1099,4,LR,0,0
1107,4,LR,0,0
1108,4,LR,0,0
1109,4,LR,0,0
1113,4,LR,0,0
1114,4,LR,1,1
1117,4,LR,0,1
1118,4,LR,1,0
1119,4,LR,0,0
1122,4,LR,0,0
1125,4,LR,0,0
1126,4,LR,1,0
1127,4,LR,0,0
1131,4,LR,0,0
1137,4,LR,0,0
1139,4,LR,0,0
1140,4,LR,0,0
1141,4,LR,0,0
1145,4,LR,0,0
1163,4,LR,1,0
1169,4,LR,0,0
1170,4,LR,0,0
1181,4,LR,0,0
1186,4,LR,1,1
1192,4,LR,0,0
1197,4,LR,0,0
1201,4,LR,0,0
1223,4,LR,0,0
1229,4,LR,0,0
1231,4,LR,0,0
1233,4,LR,0,0
1235,4,LR,1,1
1245,4,LR,1,1
1269,4,LR,0,0
1276,4,LR,0,0
1285,4,LR,1,1
1289,4,LR,0,0
1301,4,LR,0,0
1303,4,LR,0,0
1305,4,LR,0,0
1309,4,LR,1,1
1323,4,LR,0,0
1326,4,LR,0,0
1328,4,LR,0,0
1331,4,LR,0,0
1336,4,LR,0,0
1339,4,LR,0,0
1341,4,LR,0,0
1342,4,LR,0,0
1343,4,LR,0,0
1352,4,LR,0,0
1355,4,LR,1,1
1370,4,LR,0,0
1372,4,LR,0,0
1373,4,LR,0,0
1384,4,LR,0,0
1391,4,LR,0,1
1392,4,LR,0,0
1393,4,LR,0,0
1425,4,LR,0,0
1427,4,LR,0,1
1428,4,LR,0,0
1429,4,LR,0,0
1434,4,LR,1,1
1452,4,LR,0,0
1458,4,LR,0,0
1460,4,LR,1,1
1462,4,LR,1,1
1467,4,LR,0,0
1479,4,LR,0,0
1480,4,LR,0,0
1481,4,LR,0,0
1488,4,LR,0,0
1489,4,LR,0,0
1499,4,LR,0,0
1505,4,LR,1,1
1521,4,LR,0,0
1523,4,LR,0,0
1527,4,LR,0,0
1531,4,LR,0,0
1538,4,LR,1,1
1539,4,LR,0,0
1546,4,LR,0,0
1552,4,LR,0,0
1554,4,LR,0,0
1561,4,LR,0,0
1566,4,LR,1,1
1567,4,LR,0,0
1572,4,LR,0,0
1576,4,LR,0,0
1581,4,LR,0,0
1589,4,LR,0,0
1598,4,LR,0,0
1600,4,LR,0,0
1603,4,LR,0,0
1605,4,LR,0,0
1613,4,LR,0,0
1615,4,LR,0,0
1616,4,LR,0,0
1620,4,LR,0,0
1621,4,LR,0,0
1622,4,LR,0,0
1626,4,LR,0,0
1631,4,LR,0,1
1634,4,LR,0,0
1637,4,LR,0,0
1638,4,LR,0,0
1642,4,LR,0,0
1649,4,LR,0,0
1652,4,LR,0,0
1660,4,LR,1,1
1664,4,LR,0,0
1665,4,LR,1,1
1667,4,LR,1,1
1668,4,LR,0,0
1672,4,LR,0,0
1673,4,LR,0,0
1675,4,LR,0,0
1677,4,LR,0,0
1681,4,LR,1,1
1687,4,LR,0,0
1690,4,LR,1,1
1692,4,LR,0,0
1693,4,LR,0,1
1694,4,LR,0,0
1699,4,LR,0,0
1701,4,LR,0,0
1702,4,LR,0,0
1703,4,LR,0,0
1705,4,LR,0,0
1709,4,LR,0,0
1715,4,LR,0,0
1720,4,LR,0,0
1728,4,LR,0,0
1729,4,LR,0,0
1734,4,LR,1,1
1735,4,LR,0,0
1742,4,LR,0,0
1744,4,LR,0,0
1759,4,LR,0,0
1763,4,LR,0,0
1764,4,LR,0,0
1768,4,LR,0,0
1772,4,LR,0,0
1774,4,LR,0,0
1784,4,LR,0,0
1797,4,LR,0,0
1805,4,LR,0,0
1809,4,LR,1,1
1816,4,LR,0,0
1820,4,LR,0,0
1823,4,LR,0,0
1830,4,LR,0,0
1836,4,LR,0,0
1838,4,LR,0,0
1845,4,LR,0,0
1856,4,LR,0,0
1857,4,LR,0,0
1858,4,LR,0,0
1863,4,LR,0,0
1866,4,LR,0,0
1867,4,LR,0,0
1875,4,LR,0,0
1876,4,LR,0,0
1878,4,LR,0,0
1882,4,LR,0,0
1884,4,LR,0,0
1885,4,LR,0,0
1887,4,LR,0,0
1889,4,LR,0,0
1890,4,LR,0,0
1892,4,LR,0,1
1894,4,LR,0,0
1898,4,LR,0,0
1904,4,LR,0,0
1907,4,LR,0,0
1914,4,LR,0,0
1915,4,LR,0,0
1916,4,LR,1,1
1920,4,LR,0,0
1923,4,LR,0,0
1927,4,LR,0,0
1931,4,LR,1,0
1932,4,LR,0,1
1941,4,LR,0,0
1943,4,LR,0,0
1952,4,LR,1,1
1974,4,LR,0,0
1975,4,LR,0,0
1977,4,LR,0,0
1982,4,LR,0,0
1983,4,LR,0,1
1986,4,LR,0,0
1994,4,LR,1,0
1995,4,LR,1,1
1996,4,LR,0,0
1997,4,LR,0,0
2004,4,LR,0,0
2008,4,LR,0,1
2009,4,LR,0,1
2013,4,LR,0,0
2022,4,LR,0,0
2023,4,LR,0,0
2024,4,LR,0,0
2038,4,LR,1,1
2043,4,LR,0,0
2044,4,LR,0,0
2046,4,LR,0,0
2047,4,LR,0,0
2051,4,LR,1,1
2056,4,LR,0,0
2059,4,LR,0,0
2067,4,LR,0,0
2071,4,LR,0,0
2081,4,LR,0,0
2086,4,LR,0,0
2091,4,LR,0,0
2106,4,LR,0,1
2111,4,LR,0,0
2116,4,LR,0,0
2117,4,LR,1,0
2134,4,LR,1,1
2143,4,LR,0,0
2147,4,LR,0,0
2163,4,LR,0,0
2166,4,LR,0,0
2169,4,LR,1,1
2172,4,LR,0,0
2176,4,LR,0,0
2179,4,LR,0,0
2183,4,LR,0,0
2185,4,LR,0,0
2190,4,LR,1,1
2211,4,LR,0,0
2213,4,LR,0,0
2214,4,LR,0,0
2226,4,LR,0,0
2227,4,LR,0,0
2229,4,LR,0,0
2238,4,LR,1,1
2246,4,LR,1,0
2247,4,LR,1,1
2254,4,LR,0,0
2256,4,LR,0,0
2267,4,LR,0,0
2268,4,LR,0,0
2271,4,LR,0,0
2279,4,LR,0,0
2281,4,LR,0,0
2283,4,LR,0,0
2291,4,LR,0,0
2296,4,LR,0,0
2300,4,LR,0,0
2303,4,LR,0,0
2304,4,LR,0,0
2308,4,LR,0,0
2311,4,LR,1,1
2321,4,LR,0,0
2323,4,LR,0,0
2325,4,LR,0,0
2330,4,LR,1,1
2333,4,LR,0,0
2341,4,LR,0,0
2345,4,LR,0,0
2352,4,LR,0,0
2355,4,LR,0,0
2357,4,LR,0,0
2360,4,LR,0,0
2374,4,LR,0,0
2376,4,LR,0,0
2380,4,LR,0,0
2392,4,LR,0,0
2397,4,LR,1,0
2398,4,LR,0,0
2400,4,LR,0,0
2407,4,LR,0,0
2409,4,LR,0,0
2411,4,LR,0,1
2414,4,LR,0,0
2416,4,LR,0,0
2431,4,LR,0,0
2433,4,LR,0,0
2437,4,LR,0,0
2444,4,LR,0,0
2451,4,LR,1,1
2452,4,LR,1,1
2465,4,LR,0,0
2468,4,LR,0,0
2469,4,LR,0,0
2472,4,LR,0,0
2473,4,LR,0,0
2479,4,LR,0,0
2483,4,LR,0,0
2496,4,LR,0,0
2500,4,LR,0,0
2504,4,LR,0,0
2506,4,LR,0,0
2512,4,LR,1,1
2515,4,LR,0,0
2519,4,LR,1,1
2523,4,LR,0,0
2530,4,LR,0,0
2536,4,LR,0,0
2538,4,LR,1,1
2542,4,LR,1,1
2544,4,LR,0,0
2550,4,LR,1,1
2554,4,LR,0,1
2557,4,LR,0,0
2561,4,LR,0,0
2564,4,LR,1,1
2565,4,LR,0,0
2573,4,LR,0,0
2576,4,LR,0,0
2583,4,LR,0,0
2584,4,LR,0,1
2586,4,LR,0,0
2587,4,LR,0,0
2597,4,LR,0,0
2606,4,LR,0,0
2608,4,LR,0,0
2616,4,LR,0,0
2622,4,LR,0,0
2624,4,LR,0,0
2627,4,LR,0,0
2641,4,LR,0,0
2642,4,LR,0,0
2656,4,LR,0,0
2663,4,LR,0,0
2668,4,LR,0,0
2672,4,LR,0,0
2680,4,LR,1,1
2689,4,LR,0,0
2699,4,LR,0,0
2707,4,LR,0,0
2711,4,LR,0,0
2714,4,LR,1,1
2721,4,LR,1,1
2725,4,LR,0,0
2726,4,LR,0,0
2728,4,LR,0,0
2730,4,LR,1,1
2732,4,LR,0,1
2737,4,LR,0,0
2741,4,LR,0,0
2745,4,LR,0,0
2749,4,LR,0,0
2761,4,LR,0,0
2763,4,LR,0,0
2767,4,LR,0,0
2768,4,LR,0,0
2776,4,LR,0,0
2777,4,LR,0,0
2785,4,LR,0,0
2787,4,LR,0,0
2789,4,LR,0,0
2791,4,LR,0,0
2793,4,LR,0,0
2797,4,LR,0,0
2811,4,LR,0,0
2815,4,LR,0,0
2823,4,LR,0,0
2825,4,LR,0,0
2830,4,LR,0,0
2837,4,LR,0,0
2838,4,LR,0,0
2840,4,LR,0,0
2841,4,LR,0,1
2845,4,LR,0,0
2849,4,LR,0,0
2852,4,LR,0,0
2857,4,LR,0,0
2862,4,LR,0,0
2874,4,LR,1,1
2881,4,LR,0,0
2888,4,LR,0,0
2892,4,LR,0,0
2904,4,LR,0,0
2916,4,LR,0,0
2924,4,LR,0,0
2933,4,LR,0,0
2940,4,LR,0,0
2941,4,LR,0,0
2942,4,LR,0,0
2946,4,LR,0,0
2951,4,LR,0,0
2954,4,LR,1,0
2957,4,LR,0,0
2963,4,LR,1,1
2964,4,LR,0,0
2966,4,LR,1,1
2968,4,LR,1,1
2969,4,LR,0,1
2972,4,LR,0,0
2977,4,LR,0,0
2979,4,LR,1,1
2981,4,LR,1,1
2991,4,LR,0,1
2996,4,LR,0,0
3016,4,LR,0,0
3020,4,LR,0,0
3021,4,LR,0,0
3025,4,LR,0,0
3026,4,LR,0,0
3028,4,LR,0,0
3030,4,LR,1,0
3032,4,LR,0,0
3034,4,LR,0,0
3036,4,LR,0,0
3037,4,LR,0,0
3048,4,LR,0,0
3049,4,LR,1,1
3055,4,LR,1,0
3058,4,LR,0,0
3075,4,LR,0,0
3081,4,LR,0,0
3084,4,LR,0,0
3087,4,LR,0,0
3089,4,LR,0,0
3090,4,LR,0,0
3094,4,LR,0,0
3097,4,LR,0,0
3108,4,LR,0,0
3110,4,LR,0,0
3127,4,LR,0,0
3129,4,LR,0,0
3132,4,LR,0,0
3133,4,LR,1,1
3134,4,LR,0,0
3137,4,LR,0,0
3141,4,LR,0,0
3144,4,LR,0,0
3148,4,LR,0,0
3152,4,LR,0,0
3159,4,LR,0,0
3163,4,LR,0,0
3171,4,LR,0,0
3178,4,LR,1,1
3189,4,LR,0,0
3191,4,LR,0,0
3199,4,LR,0,0
3200,4,LR,0,0
3201,4,LR,0,0
3206,4,LR,0,0
3220,4,LR,0,0
3221,4,LR,0,0
3225,4,LR,0,0
3227,4,LR,0,0
3233,4,LR,0,0
3241,4,LR,0,0
3251,4,LR,0,0
3255,4,LR,0,0
3257,4,LR,0,0
3260,4,LR,0,0
3261,4,LR,0,0
3275,4,LR,0,0
3277,4,LR,0,0
3279,4,LR,1,1
3280,4,LR,0,0
3285,4,LR,0,0
3292,4,LR,0,1
3293,4,LR,0,0
3297,4,LR,0,0
3299,4,LR,1,1
3303,4,LR,0,0
3306,4,LR,1,1
3312,4,LR,0,0
3313,4,LR,1,1
3315,4,LR,0,0
3323,4,LR,0,0
3326,4,LR,0,0
3331,4,LR,0,0
3333,4,LR,0,0
3335,4,LR,0,0
3371,4,LR,0,0
3373,4,LR,1,1
3387,4,LR,0,0
3391,4,LR,0,0
3395,4,LR,1,1
3396,4,LR,0,0
3403,4,LR,1,1
3412,4,LR,1,1
3416,4,LR,0,0
3418,4,LR,0,0
3423,4,LR,0,0
3427,4,LR,0,0
3431,4,LR,0,0
3432,4,LR,0,1
3436,4,LR,1,1
3445,4,LR,1,1
3453,4,LR,0,0
3462,4,LR,0,0
3463,4,LR,0,0
3471,4,LR,0,0
3473,4,LR,0,0
3477,4,LR,0,0
3478,4,LR,0,0
3481,4,LR,0,0
3483,4,LR,0,0
3484,4,LR,0,0
3485,4,LR,0,0
3487,4,LR,0,0
3492,4,LR,0,0
3499,4,LR,0,0
3511,4,LR,0,0
3514,4,LR,0,0
3518,4,LR,0,0
3536,4,LR,0,0
3538,4,LR,0,0
3543,4,LR,0,0
3559,4,LR,0,0
3563,4,LR,0,0
3566,4,LR,0,0
3578,4,LR,0,0
3588,4,LR,0,0
3591,4,LR,0,0
3595,4,LR,0,0
3600,4,LR,0,0
3601,4,LR,0,0
3611,4,LR,0,0
3613,4,LR,0,0
3626,4,LR,0,0
3627,4,LR,0,0
3628,4,LR,0,0
3635,4,LR,0,0
3636,4,LR,1,1
3638,4,LR,0,0
3643,4,LR,0,0
3655,4,LR,0,0
3660,4,LR,0,0
3669,4,LR,0,0
3674,4,LR,0,0
3686,4,LR,0,0
3687,4,LR,0,0
3693,4,LR,0,0
3694,4,LR,0,0
3697,4,LR,0,0
3700,4,LR,0,0
3714,4,LR,1,1
3716,4,LR,1,1
3717,4,LR,0,0
3720,4,LR,0,0
3727,4,LR,0,0
3731,4,LR,0,0
3732,4,LR,0,0
3739,4,LR,0,0
3740,4,LR,0,0
3754,4,LR,0,0
3755,4,LR,0,0
3782,4,LR,0,0
3784,4,LR,0,0
3785,4,LR,0,0
3790,4,LR,0,0
3795,4,LR,1,1
3799,4,LR,0,0
3800,4,LR,0,0
3801,4,LR,0,0
3802,4,LR,0,0
3805,4,LR,0,0
3812,4,LR,0,0
3813,4,LR,0,0
3816,4,LR,0,0
3820,4,LR,0,0
3825,4,LR,0,0
3833,4,LR,0,0
3835,4,LR,0,0
3840,4,LR,0,0
3848,4,LR,0,0
3852,4,LR,0,0
3856,4,LR,0,0
3857,4,LR,1,0
3866,4,LR,0,0
3874,4,LR,0,0
3879,4,LR,0,1
3880,4,LR,1,0
3882,4,LR,0,0
3883,4,LR,0,0
3884,4,LR,0,0
3896,4,LR,0,1
3903,4,LR,0,0
3905,4,LR,0,0
3919,4,LR,0,0
3929,4,LR,0,0
3934,4,LR,0,0
3936,4,LR,0,0
3943,4,LR,0,0
3945,4,LR,0,1
3947,4,LR,0,0
3954,4,LR,0,0
3956,4,LR,0,0
3959,4,LR,0,0
3969,4,LR,0,0
3977,4,LR,0,0
3978,4,LR,0,0
3983,4,LR,0,0
3985,4,LR,0,0
3986,4,LR,0,0
3987,4,LR,0,1
3992,4,LR,1,1
4006,4,LR,0,0
4007,4,LR,1,1
4009,4,LR,0,0
4015,4,LR,0,0
4018,4,LR,0,0
4024,4,LR,0,0
4026,4,LR,0,0
4033,4,LR,0,0
4035,4,LR,1,1
4036,4,LR,0,0
4037,4,LR,0,0
4056,4,LR,0,0
4057,4,LR,0,0
4061,4,LR,0,0
4065,4,LR,0,0
4067,4,LR,0,0
4080,4,LR,1,1
4083,4,LR,0,0
4086,4,LR,0,0
4104,4,LR,0,0
4107,4,LR,0,0
4117,4,LR,0,0
4118,4,LR,0,0
4119,4,LR,0,0
4120,4,LR,0,0
4126,4,LR,0,0
4134,4,LR,0,0
4136,4,LR,0,0
4137,4,LR,0,0
4142,4,LR,0,0
4149,4,LR,0,0
4152,4,LR,0,0
4160,4,LR,0,0
4164,4,LR,0,0
4165,4,LR,0,0
4167,4,LR,0,0
4169,4,LR,0,0
4173,4,LR,0,0
4180,4,LR,0,0
4181,4,LR,0,0
4182,4,LR,0,0
4186,4,LR,0,0
4194,4,LR,0,0
4198,4,LR,0,0
4199,4,LR,0,0
4204,4,LR,1,1
4208,4,LR,0,0
4212,4,LR,0,0
4222,4,LR,1,1
4227,4,LR,0,0
4228,4,LR,0,0
4238,4,LR,0,0
4239,4,LR,0,0
4254,4,LR,0,0
4256,4,LR,0,0
4257,4,LR,1,1
4258,4,LR,1,1
4276,4,LR,0,0
4283,4,LR,0,0
4290,4,LR,0,0
4294,4,LR,0,0
4300,4,LR,1,1
4301,4,LR,0,0
4305,4,LR,0,0
4309,4,LR,1,1
4316,4,LR,0,0
4326,4,LR,0,0
4337,4,LR,0,0
4342,4,LR,0,0
4345,4,LR,0,0
4347,4,LR,0,0
4349,4,LR,1,1
4369,4,LR,1,1
4370,4,LR,0,0
4371,4,LR,0,0
4380,4,LR,0,0
4381,4,LR,0,0
4387,4,LR,1,1
4391,4,LR,0,0
4396,4,LR,0,0
4399,4,LR,1,0
4403,4,LR,0,0
4407,4,LR,0,0
4413,4,LR,1,1
4417,4,LR,0,0
4421,4,LR,0,0
4440,4,LR,0,0
4446,4,LR,0,0
4452,4,LR,0,0
4453,4,LR,0,0
4454,4,LR,0,0
4466,4,LR,0,0
4475,4,LR,0,0
4480,4,LR,0,0
4482,4,LR,0,0
4484,4,LR,0,0
4494,4,LR,0,0
4495,4,LR,0,0
4497,4,LR,0,0
4499,4,LR,0,0
4503,4,LR,0,0
4505,4,LR,0,0
4508,4,LR,0,0
4510,4,LR,0,0
4513,4,LR,0,0
4514,4,LR,0,0
4516,4,LR,0,0
4517,4,LR,1,0
4522,4,LR,0,0
4524,4,LR,0,0
4527,4,LR,0,0
4528,4,LR,0,0
4529,4,LR,0,0
4534,4,LR,0,0
4545,4,LR,0,0
4549,4,LR,0,0
4552,4,LR,0,0
4553,4,LR,0,0
4556,4,LR,0,0
4563,4,LR,0,0
4572,4,LR,0,0
4583,4,LR,0,0
4590,4,LR,1,1
4596,4,LR,0,0
4599,4,LR,0,0
4601,4,LR,0,0
4602,4,LR,0,0
4618,4,LR,0,0
4619,4,LR,0,0
4621,4,LR,1,1
4626,4,LR,0,0
4629,4,LR,0,0
4631,4,LR,1,0
4636,4,LR,0,0
4641,4,LR,0,1
4643,4,LR,0,0
4653,4,LR,0,0
4658,4,LR,0,0
4660,4,LR,0,0
4679,4,LR,0,0
4681,4,LR,0,0
4684,4,LR,0,0
4688,4,LR,0,0
4690,4,LR,0,0
4691,4,LR,0,0
4692,4,LR,0,0
4714,4,LR,0,0
4717,4,LR,1,1
4718,4,LR,0,0
4720,4,LR,0,0
4721,4,LR,0,0
4722,4,LR,1,1
4724,4,LR,0,0
4725,4,LR,0,0
4726,4,LR,0,0
4729,4,LR,0,0
4740,4,LR,0,0
4745,4,LR,0,0
4746,4,LR,0,0
4752,4,LR,1,1
4754,4,LR,0,1
4757,4,LR,0,0
4765,4,LR,1,1
4773,4,LR,0,0
4775,4,LR,0,1
4790,4,LR,0,0
4798,4,LR,0,0
4808,4,LR,0,0
4809,4,LR,0,0
4813,4,LR,0,0
4814,4,LR,0,0
4826,4,LR,0,0
4829,4,LR,0,0
4843,4,LR,0,0
4851,4,LR,0,0
4852,4,LR,1,0
4853,4,LR,1,1
4854,4,LR,0,0
4857,4,LR,0,0
4858,4,LR,0,1
4859,4,LR,0,0
4876,4,LR,0,0
4877,4,LR,0,0
4886,4,LR,0,0
4890,4,LR,0,0
4899,4,LR,0,1
4902,4,LR,0,0
4909,4,LR,0,0
4914,4,LR,0,0
4916,4,LR,0,0
4917,4,LR,0,0
4930,4,LR,0,0
4951,4,LR,0,0
4954,4,LR,1,1
4962,4,LR,0,0
4972,4,LR,0,0
4976,4,LR,0,0
4987,4,LR,0,0
4990,4,LR,0,0
5010,4,LR,0,0
5016,4,LR,0,0
5022,4,LR,0,0
5037,4,LR,0,0
5042,4,LR,1,1
5045,4,LR,0,0
5051,4,LR,0,0
5058,4,LR,0,0
5061,4,LR,0,0
5066,4,LR,0,0
5079,4,LR,0,0
5103,4,LR,1,1
5114,4,LR,0,0
5120,4,LR,0,0
5121,4,LR,0,0
5124,4,LR,0,0
5126,4,LR,0,0
5132,4,LR,0,0
5138,4,LR,0,0
5141,4,LR,1,1
5144,4,LR,0,0
5145,4,LR,0,0
5153,4,LR,0,0
5161,4,LR,0,0
5164,4,LR,0,0
5167,4,LR,0,1
5172,4,LR,0,0
5174,4,LR,0,0
5181,4,LR,0,1
5183,4,LR,0,0
5191,4,LR,0,0
5192,4,LR,0,0
5198,4,LR,0,0
5203,4,LR,0,0
5211,4,LR,0,0
5222,4,LR,0,0
5226,4,LR,0,0
5237,4,LR,0,0
5238,4,LR,0,0
5240,4,LR,0,0
5249,4,LR,0,0
5272,4,LR,1,1
5277,4,LR,0,0
5278,4,LR,1,1
5290,4,LR,0,0
5291,4,LR,0,0
5298,4,LR,0,0
5301,4,LR,0,0
5302,4,LR,0,0
5305,4,LR,0,0
5308,4,LR,0,0
5312,4,LR,0,0
5316,4,LR,0,0
5329,4,LR,1,1
5337,4,LR,0,0
5348,4,LR,0,0
5354,4,LR,1,1
5359,4,LR,0,0
5373,4,LR,0,0
5383,4,LR,0,0
5386,4,LR,0,0
5391,4,LR,0,0
5394,4,LR,0,0
5411,4,LR,0,0
5416,4,LR,0,0
5418,4,LR,0,0
5423,4,LR,0,0
5424,4,LR,1,1
5430,4,LR,1,1
5432,4,LR,0,1
5433,4,LR,0,0
5437,4,LR,0,0
5444,4,LR,0,0
5450,4,LR,0,0
5454,4,LR,0,0
5458,4,LR,0,0
5468,4,LR,1,1
5486,4,LR,0,0
5492,4,LR,0,0
5504,4,LR,0,0
5506,4,LR,0,0
5513,4,LR,0,0
5517,4,LR,0,0
5529,4,LR,0,0
5539,4,LR,1,1
5557,4,LR,0,0
5564,4,LR,0,0
5573,4,LR,0,0
5575,4,LR,1,1
5583,4,LR,0,0
5586,4,LR,0,0
5588,4,LR,0,0
5594,4,LR,0,0
5596,4,LR,0,0
5597,4,LR,0,0
5599,4,LR,0,0
5604,4,LR,0,0
5607,4,LR,0,0
5615,4,LR,0,0
5617,4,LR,0,0
5626,4,LR,1,1
5627,4,LR,1,1
5631,4,LR,0,0
5642,4,LR,0,0
5643,4,LR,0,0
5644,4,LR,0,0
5646,4,LR,0,0
5649,4,LR,0,0
5651,4,LR,0,0
5672,4,LR,0,0
5674,4,LR,0,0
5675,4,LR,0,0
5676,4,LR,0,0
5683,4,LR,0,0
5684,4,LR,1,1
5692,4,LR,0,0
5693,4,LR,0,0
5694,4,LR,0,0
5710,4,LR,0,0
5713,4,LR,0,0
5715,4,LR,0,0
5716,4,LR,0,0
5723,4,LR,0,0
5724,4,LR,0,0
5726,4,LR,1,1
5731,4,LR,0,0
5732,4,LR,0,0
5737,4,LR,0,0
5738,4,LR,0,0
5739,4,LR,0,0
5741,4,LR,0,0
5747,4,LR,0,0
5757,4,LR,1,0
5760,4,LR,0,0
5765,4,LR,0,0
5770,4,LR,0,0
5779,4,LR,0,0
5780,4,LR,0,0
5797,4,LR,0,0
5798,4,LR,0,0
5807,4,LR,0,0
5814,4,LR,0,0
5817,4,LR,0,0
5818,4,LR,0,0
5821,4,LR,0,0
5825,4,LR,0,0
5834,4,LR,0,0
5835,4,LR,0,0
5844,4,LR,0,0
5854,4,LR,0,0
5857,4,LR,0,0
5858,4,LR,0,0
5860,4,LR,0,0
5866,4,LR,0,0
5871,4,LR,0,0
5875,4,LR,0,0
5877,4,LR,0,0
5882,4,LR,0,0
5887,4,LR,0,0
5891,4,LR,0,0
5893,4,LR,0,0
5894,4,LR,0,0
5899,4,LR,0,0
5913,4,LR,0,0
5917,4,LR,0,0
5927,4,LR,1,1
5937,4,LR,1,1
5941,4,LR,0,0
5946,4,LR,0,0
5949,4,LR,1,1
5951,4,LR,0,0
5953,4,LR,0,0
5955,4,LR,1,1
5957,4,LR,0,0
5962,4,LR,0,0
5967,4,LR,0,0
5977,4,LR,1,0
5981,4,LR,0,0
5997,4,LR,0,0
6000,4,LR,0,0
6004,4,LR,0,0
6008,4,LR,0,0
6009,4,LR,0,0
6013,4,LR,0,0
6019,4,LR,0,0
6025,4,LR,0,0
6028,4,LR,0,0
6029,4,LR,0,0
6030,4,LR,0,0
6032,4,LR,0,0
6041,4,LR,0,0
6053,4,LR,0,0
6059,4,LR,0,0
6064,4,LR,1,1
6067,4,LR,0,0
6070,4,LR,0,0
6071,4,LR,1,1
6074,4,LR,0,0
6077,4,LR,0,0
6082,4,LR,0,0
6083,4,LR,1,0
6089,4,LR,0,0
6107,4,LR,0,0
6122,4,LR,0,0
6123,4,LR,0,0
6133,4,LR,0,0
6134,4,LR,0,0
6139,4,LR,0,0
6140,4,LR,0,0
6148,4,LR,0,0
6149,4,LR,0,0
6168,4,LR,0,0
6170,4,LR,1,1
6185,4,LR,0,0
6191,4,LR,0,0
6202,4,LR,0,0
6212,4,LR,0,0
6220,4,LR,0,0
6229,4,LR,1,1
6233,4,LR,0,0
6234,4,LR,0,0
6236,4,LR,0,0
6250,4,LR,0,0
6251,4,LR,0,0
6262,4,LR,0,0
6265,4,LR,0,0
6283,4,LR,0,0
6297,4,LR,1,1
6305,4,LR,0,0
6306,4,LR,0,0
6311,4,LR,0,0
6312,4,LR,0,0
6326,4,LR,0,0
6329,4,LR,0,0
6337,4,LR,0,0
6349,4,LR,0,0
6351,4,LR,0,0
6352,4,LR,0,0
6357,4,LR,0,0
6359,4,LR,0,0
6364,4,LR,0,0
6365,4,LR,0,0
6377,4,LR,0,0
6378,4,LR,1,1
6382,4,LR,0,0
6383,4,LR,0,0
6384,4,LR,0,0
6387,4,LR,0,0
6392,4,LR,0,0
6405,4,LR,0,0
6408,4,LR,0,0
6409,4,LR,0,0
6410,4,LR,0,0
6448,4,LR,0,0
6458,4,LR,0,0
6467,4,LR,1,1
6470,4,LR,0,0
6476,4,LR,0,0
6481,4,LR,0,0
6483,4,LR,0,0
6485,4,LR,0,0
6495,4,LR,0,0
6500,4,LR,0,0
6506,4,LR,0,1
6507,4,LR,0,0
6512,4,LR,0,0
6528,4,LR,0,0
6537,4,LR,0,0
6552,4,LR,0,0
6554,4,LR,0,0
6557,4,LR,0,0
6558,4,LR,0,0
6567,4,LR,0,0
6568,4,LR,0,0
6569,4,LR,0,0
6570,4,LR,0,0
6577,4,LR,0,0
6582,4,LR,0,0
6586,4,LR,0,1
6590,4,LR,0,0
6595,4,LR,0,0
6602,4,LR,0,0
6613,4,LR,0,0
6614,4,LR,0,0
6619,4,LR,0,0
6620,4,LR,1,1
6622,4,LR,0,0
6629,4,LR,0,0
6637,4,LR,1,1
6650,4,LR,1,1
6653,4,LR,0,0
6659,4,LR,0,0
6660,4,LR,0,0
6661,4,LR,0,0
6662,4,LR,0,0
6666,4,LR,0,0
6669,4,LR,0,0
6678,4,LR,0,0
6690,4,LR,0,0
6694,4,LR,0,1
6695,4,LR,0,0
6713,4,LR,0,0
6716,4,LR,0,0
6721,4,LR,1,1
6727,4,LR,0,1
6740,4,LR,0,0
6747,4,LR,0,0
6778,4,LR,0,0
6779,4,LR,0,0
6791,4,LR,1,1
6805,4,LR,0,0
6809,4,LR,0,0
6814,4,LR,0,0
6823,4,LR,0,0
6830,4,LR,0,0
6831,4,LR,0,0
6832,4,LR,0,0
6838,4,LR,0,0
6840,4,LR,0,0
6846,4,LR,0,0
6849,4,LR,0,0
6850,4,LR,0,0
6854,4,LR,0,0
6871,4,LR,0,0
6874,4,LR,0,0
6882,4,LR,0,0
6886,4,LR,0,0
6889,4,LR,0,0
6900,4,LR,1,1
6902,4,LR,1,0
6908,4,LR,0,0
6914,4,LR,0,0
6917,4,LR,0,0
6923,4,LR,0,0
6927,4,LR,0,0
6929,4,LR,0,0
6931,4,LR,0,0
6935,4,LR,1,1
6942,4,LR,0,0
6954,4,LR,0,1
6955,4,LR,0,0
6957,4,LR,0,0
6978,4,LR,0,0
6981,4,LR,0,1
6982,4,LR,0,0
6989,4,LR,0,0
6993,4,LR,0,0
6997,4,LR,1,0
7003,4,LR,0,0
7007,4,LR,0,0
7018,4,LR,0,0
7022,4,LR,0,0
7023,4,LR,0,0
7025,4,LR,0,0
7030,4,LR,1,1
7031,4,LR,0,0
7043,4,LR,0,0
7044,4,LR,0,0
7050,4,LR,0,0
7051,4,LR,0,0
7052,4,LR,0,0
7059,4,LR,0,0
7060,4,LR,0,0
7062,4,LR,0,0
7064,4,LR,0,0
7065,4,LR,0,0
7066,4,LR,0,0
7079,4,LR,1,1
7087,4,LR,0,0
7092,4,LR,0,0
7113,4,LR,1,0
7119,4,LR,0,0
7127,4,LR,0,0
7130,4,LR,0,0
7131,4,LR,0,0
7132,4,LR,0,0
7135,4,LR,0,0
7143,4,LR,0,0
7144,4,LR,0,0
7152,4,LR,0,0
7159,4,LR,0,0
7175,4,LR,1,1
7176,4,LR,0,1
7177,4,LR,0,0
7181,4,LR,1,1
7186,4,LR,0,0
7188,4,LR,0,0
7197,4,LR,0,0
7198,4,LR,0,0
7212,4,LR,0,0
7218,4,LR,0,0
7221,4,LR,1,1
7224,4,LR,0,0
7236,4,LR,0,1
7242,4,LR,0,0
7248,4,LR,0,0
7252,4,LR,0,0
7254,4,LR,0,0
7256,4,LR,0,0
7257,4,LR,0,0
7259,4,LR,0,0
7260,4,LR,0,0
7261,4,LR,0,0
7276,4,LR,0,0
7278,4,LR,0,0
7287,4,LR,0,0
7297,4,LR,0,0
7301,4,LR,0,0
7307,4,LR,0,0
7312,4,LR,1,1
7321,4,LR,0,0
7322,4,LR,1,1
7325,4,LR,0,0
7327,4,LR,0,0
7337,4,LR,0,1
7338,4,LR,0,0
7343,4,LR,0,0
7352,4,LR,0,0
7353,4,LR,0,0
7354,4,LR,0,0
7368,4,LR,0,0
7370,4,LR,0,0
7378,4,LR,0,0
7382,4,LR,0,0
7383,4,LR,0,0
7385,4,LR,0,0
7390,4,LR,0,0
7391,4,LR,0,0
7395,4,LR,0,0
7404,4,LR,0,0
7407,4,LR,0,0
7411,4,LR,0,0
7412,4,LR,0,0
7417,4,LR,0,0
7434,4,LR,0,0
7436,4,LR,0,0
7442,4,LR,1,1
7448,4,LR,0,0
7449,4,LR,1,1
7450,4,LR,0,0
7451,4,LR,0,1
7455,4,LR,0,0
7458,4,LR,0,0
7459,4,LR,1,1
7461,4,LR,0,0
7462,4,LR,0,0
7469,4,LR,0,0
7477,4,LR,0,1
7483,4,LR,1,1
7488,4,LR,1,0
7494,4,LR,0,0
7500,4,LR,0,0
7504,4,LR,0,0
7513,4,LR,0,0
7514,4,LR,0,0
7528,4,LR,0,0
7529,4,LR,0,0
7530,4,LR,0,0
7531,4,LR,0,1
7534,4,LR,0,0
7539,4,LR,0,0
7542,4,LR,0,0
7543,4,LR,0,0
7544,4,LR,0,0
7545,4,LR,0,0
7552,4,LR,0,0
7565,4,LR,0,0
7574,4,LR,0,0
7604,4,LR,0,0
7607,4,LR,1,1
7608,4,LR,0,0
7613,4,LR,0,0
7620,4,LR,0,1
7621,4,LR,0,0
7625,4,LR,0,0
7626,4,LR,0,0
7636,4,LR,0,0
7638,4,LR,0,0
7640,4,LR,0,0
7642,4,LR,0,1
7647,4,LR,0,0
7649,4,LR,0,0
7652,4,LR,0,0
7656,4,LR,0,0
7658,4,LR,0,0
7660,4,LR,0,0
7664,4,LR,0,0
7668,4,LR,0,0
7674,4,LR,0,0
7682,4,LR,0,0
7685,4,LR,1,1
7686,4,LR,0,0
7688,4,LR,0,0
7693,4,LR,0,0
7695,4,LR,0,0
7696,4,LR,0,0
7699,4,LR,0,0
7702,4,LR,0,0
7706,4,LR,0,0
7711,4,LR,0,0
7732,4,LR,0,0
7735,4,LR,0,0
7742,4,LR,0,0
7743,4,LR,0,0
7745,4,LR,0,0
7750,4,LR,0,0
7755,4,LR,0,0
7758,4,LR,0,0
7761,4,LR,0,0
7763,4,LR,1,1
7769,4,LR,0,0
7781,4,LR,0,0
7800,4,LR,0,0
7806,4,LR,0,0
7810,4,LR,0,0
7814,4,LR,0,0
7823,4,LR,0,0
7824,4,LR,0,0
7828,4,LR,0,0
7854,4,LR,0,0
7874,4,LR,1,1
7876,4,LR,0,0
7882,4,LR,0,0
7883,4,LR,0,0
7887,4,LR,0,0
7889,4,LR,1,1
7893,4,LR,0,0
7905,4,LR,0,0
7920,4,LR,0,0
7921,4,LR,1,1
7925,4,LR,0,0
7927,4,LR,0,0
7939,4,LR,0,0
7941,4,LR,0,0
7942,4,LR,1,0
7943,4,LR,0,0
7944,4,LR,0,0
7945,4,LR,0,0
7947,4,LR,0,0
7951,4,LR,0,0
7953,4,LR,1,1
7954,4,LR,0,0
7958,4,LR,0,0
7961,4,LR,1,1
7970,4,LR,0,0
7978,4,LR,0,0
7979,4,LR,0,0
7982,4,LR,0,0
7985,4,LR,0,0
7986,4,LR,0,0
7991,4,LR,1,1
7992,4,LR,0,0
7998,4,LR,0,0
8005,4,LR,0,0
8015,4,LR,0,0
8017,4,LR,0,0
8019,4,LR,0,0
8024,4,LR,0,0
8030,4,LR,0,0
8051,4,LR,0,0
8052,4,LR,1,1
8057,4,LR,0,0
8066,4,LR,0,0
8072,4,LR,0,0
8077,4,LR,0,0
8084,4,LR,0,0
8089,4,LR,0,0
8095,4,LR,0,0
8098,4,LR,1,1
8106,4,LR,0,0
8107,4,LR,1,1
8108,4,LR,1,0
8118,4,LR,0,0
8119,4,LR,0,0
8125,4,LR,0,0
8129,4,LR,0,0
8134,4,LR,0,0
8135,4,LR,0,0
8145,4,LR,1,1
8148,4,LR,1,1
8152,4,LR,0,0
8156,4,LR,0,0
8160,4,LR,0,0
8162,4,LR,0,0
8165,4,LR,1,1
8167,4,LR,0,1
8168,4,LR,0,0
8169,4,LR,0,0
8173,4,LR,0,0
8180,4,LR,0,0
8185,4,LR,0,0
8189,4,LR,0,0
8218,4,LR,0,0
8219,4,LR,0,0
8225,4,LR,0,0
8227,4,LR,0,0
8237,4,LR,0,0
8238,4,LR,0,0
8241,4,LR,1,1
8242,4,LR,0,0
8250,4,LR,0,1
8251,4,LR,0,0
8253,4,LR,0,0
8266,4,LR,0,0
8270,4,LR,0,0
8273,4,LR,0,0
8280,4,LR,1,1
8300,4,LR,0,0
8307,4,LR,0,0
8313,4,LR,1,1
8326,4,LR,0,0
8327,4,LR,0,0
8330,4,LR,0,0
8335,4,LR,0,0
8338,4,LR,0,0
8354,4,LR,0,0
8355,4,LR,0,0
8359,4,LR,0,0
8369,4,LR,0,1
8370,4,LR,1,1
8371,4,LR,1,0
8373,4,LR,0,0
8375,4,LR,0,0
8377,4,LR,1,1
8400,4,LR,0,0
8409,4,LR,0,0
8414,4,LR,0,0
8419,4,LR,0,1
8426,4,LR,0,0
8431,4,LR,0,0
8432,4,LR,0,0
8433,4,LR,1,1
8434,4,LR,0,0
8441,4,LR,0,0
8448,4,LR,0,0
8460,4,LR,1,1
8463,4,LR,0,0
8467,4,LR,0,0
8476,4,LR,0,0
8482,4,LR,0,1
8483,4,LR,0,0
8485,4,LR,0,0
8487,4,LR,0,0
8490,4,LR,0,0
8491,4,LR,1,1
8492,4,LR,0,0
8497,4,LR,0,0
8498,4,LR,0,0
8499,4,LR,1,1
8502,4,LR,0,0
8503,4,LR,0,0
8505,4,LR,0,0
8506,4,LR,0,1
8508,4,LR,0,0
8520,4,LR,0,0
8524,4,LR,0,0
8526,4,LR,1,1
8529,4,LR,0,0
8533,4,LR,0,0
8543,4,LR,0,0
8548,4,LR,0,0
8553,4,LR,0,0
8563,4,LR,0,0
8579,4,LR,1,1
8580,4,LR,0,0
8590,4,LR,0,0
8592,4,LR,0,0
8603,4,LR,0,0
8610,4,LR,0,0
8636,4,LR,0,0
8638,4,LR,0,0
8640,4,LR,0,0
8651,4,LR,0,0
8664,4,LR,0,0
8666,4,LR,0,0
8672,4,LR,0,0
8673,4,LR,0,0
8681,4,LR,0,1
8682,4,LR,0,0
8687,4,LR,0,0
8688,4,LR,0,0
8714,4,LR,0,1
8726,4,LR,0,0
8740,4,LR,0,0
8743,4,LR,0,0
8746,4,LR,0,0
8753,4,LR,0,0
8754,4,LR,1,1
8757,4,LR,1,1
8759,4,LR,0,0
8762,4,LR,0,0
8764,4,LR,0,0
8771,4,LR,0,0
8774,4,LR,1,1
8775,4,LR,0,0
8776,4,LR,0,0
8788,4,LR,0,0
8794,4,LR,0,0
8800,4,LR,0,0
8807,4,LR,0,0
8811,4,LR,0,0
8814,4,LR,0,0
8818,4,LR,0,0
8820,4,LR,0,0
8822,4,LR,0,0
8825,4,LR,0,0
8835,4,LR,1,1
8837,4,LR,1,0
8844,4,LR,1,0
8861,4,LR,1,1
8864,4,LR,1,1
8869,4,LR,0,0
8873,4,LR,0,0
8886,4,LR,0,0
8887,4,LR,0,0
8896,4,LR,0,1
8906,4,LR,0,0
8907,4,LR,1,1
8912,4,LR,0,0
8915,4,LR,0,0
8920,4,LR,0,0
8924,4,LR,0,0
8929,4,LR,0,0
8939,4,LR,0,0
8946,4,LR,0,0
8947,4,LR,0,0
8948,4,LR,0,0
8955,4,LR,0,0
8956,4,LR,0,0
8957,4,LR,0,0
8965,4,LR,0,0
8968,4,LR,0,0
8969,4,LR,0,0
8979,4,LR,0,0
8980,4,LR,0,0
8982,4,LR,1,1
8995,4,LR,0,0
9000,4,LR,0,0
9004,4,LR,0,0
9012,4,LR,1,1
9017,4,LR,0,0
9026,4,LR,0,0
9032,4,LR,0,0
9038,4,LR,0,0
9044,4,LR,0,0
9048,4,LR,0,0
9050,4,LR,0,0
9055,4,LR,0,0
9065,4,LR,0,0
9070,4,LR,0,0
9084,4,LR,0,0
9088,4,LR,0,0
9094,4,LR,1,1
9096,4,LR,0,1
9097,4,LR,0,0
9113,4,LR,0,0
9119,4,LR,0,0
9121,4,LR,0,0
9122,4,LR,0,0
9123,4,LR,0,0
9135,4,LR,0,0
9139,4,LR,0,0
9145,4,LR,0,0
9153,4,LR,1,1
9156,4,LR,1,1
9171,4,LR,0,0
9174,4,LR,0,0
9178,4,LR,0,0
9179,4,LR,1,1
9180,4,LR,0,0
9197,4,LR,0,0
9201,4,LR,0,0
9203,4,LR,0,0
9210,4,LR,0,0
9211,4,LR,0,0
9213,4,LR,0,0
9214,4,LR,0,0
9216,4,LR,0,0
9223,4,LR,0,0
9225,4,LR,0,0
9230,4,LR,0,0
9231,4,LR,0,0
9232,4,LR,0,0
9236,4,LR,1,1
9241,4,LR,0,0
9248,4,LR,0,0
9263,4,LR,0,0
9264,4,LR,0,0
9268,4,LR,0,0
9272,4,LR,0,0
9280,4,LR,0,0
9282,4,LR,0,0
9303,4,LR,0,0
9304,4,LR,0,0
9305,4,LR,0,0
9306,4,LR,1,1
9318,4,LR,0,0
9327,4,LR,0,0
9334,4,LR,0,0
9341,4,LR,0,0
9345,4,LR,1,1
9351,4,LR,0,0
9353,4,LR,0,0
9360,4,LR,0,0
9372,4,LR,0,0
9374,4,LR,0,0
9379,4,LR,0,1
9382,4,LR,0,0
9385,4,LR,0,0
9386,4,LR,0,0
9387,4,LR,0,0
9388,4,LR,0,0
9401,4,LR,0,0
9403,4,LR,1,1
9407,4,LR,0,0
9415,4,LR,0,0
9421,4,LR,0,0
9425,4,LR,0,0
9426,4,LR,0,0
9431,4,LR,0,0
9443,4,LR,0,0
9444,4,LR,0,0
9456,4,LR,0,0
9457,4,LR,0,0
9459,4,LR,0,0
9463,4,LR,0,0
9464,4,LR,0,0
9466,4,LR,0,0
9467,4,LR,0,0
9469,4,LR,0,0
9475,4,LR,0,0
9477,4,LR,1,1
9479,4,LR,0,0
9488,4,LR,1,0
9489,4,LR,0,0
9498,4,LR,0,0
9502,4,LR,0,0
9510,4,LR,0,0
9523,4,LR,0,0
9536,4,LR,0,0
9538,4,LR,0,0
9539,4,LR,1,1
9541,4,LR,0,0
9543,4,LR,0,0
9548,4,LR,1,0
9555,4,LR,0,0
9560,4,LR,1,1
9568,4,LR,0,1
9579,4,LR,0,0
9580,4,LR,0,0
9592,4,LR,0,0
9598,4,LR,0,0
9608,4,LR,0,0
9615,4,LR,0,0
9616,4,LR,1,1
9619,4,LR,0,0
9621,4,LR,0,0
9623,4,LR,0,0
9624,4,LR,0,0
9625,4,LR,0,0
9627,4,LR,0,0
9632,4,LR,0,0
9635,4,LR,0,0
9636,4,LR,0,0
9641,4,LR,0,0
9645,4,LR,0,0
9647,4,LR,0,0
9649,4,LR,0,0
9651,4,LR,0,0
9652,4,LR,1,1
9656,4,LR,0,0
9657,4,LR,0,0
9666,4,LR,0,0
9667,4,LR,0,0
9671,4,LR,0,0
9672,4,LR,0,0
9682,4,LR,0,0
9683,4,LR,0,0
9686,4,LR,0,0
9695,4,LR,0,0
9700,4,LR,0,0
9702,4,LR,0,0
9703,4,LR,0,0
9704,4,LR,0,0
9706,4,LR,1,1
9711,4,LR,0,0
9712,4,LR,0,0
9719,4,LR,0,0
9722,4,LR,0,0
9724,4,LR,0,0
9728,4,LR,0,0
9732,4,LR,0,0
9744,4,LR,0,0
9755,4,LR,1,1
9756,4,LR,0,0
9762,4,LR,0,0
9764,4,LR,0,0
9766,4,LR,0,0
9768,4,LR,1,1
9775,4,LR,0,0
9782,4,LR,0,0
9788,4,LR,0,0
9790,4,LR,0,0
9797,4,LR,0,0
9806,4,LR,0,0
9810,4,LR,0,0
9819,4,LR,0,0
9820,4,LR,0,0
9823,4,LR,0,0
9825,4,LR,0,0
9835,4,LR,0,0
9839,4,LR,0,0
9849,4,LR,0,0
9858,4,LR,0,0
9860,4,LR,0,0
9861,4,LR,0,0
9863,4,LR,0,0
9868,4,LR,1,1
9870,4,LR,1,1
9871,4,LR,0,0
9885,4,LR,1,1
9899,4,LR,0,0
9902,4,LR,0,0
9904,4,LR,0,0
9905,4,LR,0,0
9908,4,LR,1,1
9915,4,LR,0,0
9921,4,LR,0,0
9923,4,LR,0,0
9924,4,LR,0,0
9926,4,LR,0,0
9927,4,LR,0,0
9940,4,LR,1,1
9955,4,LR,0,0
9956,4,LR,0,0
9958,4,LR,0,0
9960,4,LR,0,0
9962,4,LR,0,0
9969,4,LR,0,0
9977,4,LR,1,1
9981,4,LR,1,1
9989,4,LR,0,0
9991,4,LR,0,0
9994,4,LR,0,0
9996,4,LR,0,0
10000,4,LR,0,0
10003,4,LR,0,1
10008,4,LR,0,0
10014,4,LR,0,0
10016,4,LR,0,0
10017,4,LR,0,0
10021,4,LR,0,0
10025,4,LR,0,0
10027,4,LR,0,0
10036,4,LR,0,0
10038,4,LR,0,0
10047,4,LR,0,0
10050,4,LR,0,0
10061,4,LR,0,0
10064,4,LR,0,0
10065,4,LR,0,0
10072,4,LR,0,0
10079,4,LR,0,0
10083,4,LR,0,0
10088,4,LR,0,0
10091,4,LR,1,1
10093,4,LR,0,0
10098,4,LR,0,0
10115,4,LR,0,0
10118,4,LR,0,0
10119,4,LR,0,0
10124,4,LR,0,0
10157,4,LR,0,0
10162,4,LR,0,0
10165,4,LR,0,0
10166,4,LR,0,0
10167,4,LR,0,0
10172,4,LR,1,1
10174,4,LR,0,0
10176,4,LR,0,0
10178,4,LR,0,0
10184,4,LR,1,1
10187,4,LR,0,0
10188,4,LR,1,0
10191,4,LR,0,0
10193,4,LR,0,0
10198,4,LR,0,0
10200,4,LR,0,0
10202,4,LR,0,0
10208,4,LR,0,0
10210,4,LR,0,0
10213,4,LR,1,1
10217,4,LR,0,0
10218,4,LR,0,0
10219,4,LR,0,0
10222,4,LR,0,0
10228,4,LR,0,0
10230,4,LR,0,0
10235,4,LR,0,0
10238,4,LR,0,0
10245,4,LR,0,1
10247,4,LR,0,0
10252,4,LR,0,0
10260,4,LR,0,0
10270,4,LR,0,0
10286,4,LR,0,0
10289,4,LR,0,0
10293,4,LR,0,0
10306,4,LR,1,0
10308,4,LR,0,0
10311,4,LR,0,0
10313,4,LR,0,0
10314,4,LR,0,0
10315,4,LR,0,0
10317,4,LR,0,0
10320,4,LR,0,0
10331,4,LR,0,0
10333,4,LR,0,0
10349,4,LR,0,0
10352,4,LR,0,0
10353,4,LR,0,0
10361,4,LR,0,0
10365,4,LR,0,0
10369,4,LR,0,0
10383,4,LR,1,0
10384,4,LR,0,0
10395,4,LR,0,0
10396,4,LR,0,0
10400,4,LR,0,0
10415,4,LR,0,0
10421,4,LR,0,0
10423,4,LR,0,0
10436,4,LR,0,0
10446,4,LR,0,0
10449,4,LR,0,0
10452,4,LR,0,0
10458,4,LR,0,0
10460,4,LR,1,1
10467,4,LR,0,0
10469,4,LR,0,0
10476,4,LR,0,0
10487,4,LR,0,0
10488,4,LR,0,0
10489,4,LR,0,0
10494,4,LR,0,0
10513,4,LR,0,0
10524,4,LR,0,0
10526,4,LR,0,0
10530,4,LR,0,0
10536,4,LR,1,1
10537,4,LR,0,0
10538,4,LR,0,0
10539,4,LR,0,0
10556,4,LR,0,0
10563,4,LR,0,0
10567,4,LR,1,1
10569,4,LR,0,0
10571,4,LR,1,1
10578,4,LR,0,0
10579,4,LR,0,0
10581,4,LR,0,0
10592,4,LR,1,0
10593,4,LR,0,0
10603,4,LR,0,0
10606,4,LR,0,0
10610,4,LR,0,0
10614,4,LR,0,0
10615,4,LR,0,0
10618,4,LR,0,0
10622,4,LR,0,1
10624,4,LR,0,0
10632,4,LR,0,0
10637,4,LR,1,0
10642,4,LR,0,0
10649,4,LR,0,0
10659,4,LR,0,0
10660,4,LR,1,1
10665,4,LR,0,0
10666,4,LR,0,0
10671,4,LR,0,0
10673,4,LR,0,0
10675,4,LR,0,0
10683,4,LR,0,0
10692,4,LR,0,0
10695,4,LR,0,0
10697,4,LR,0,0
10698,4,LR,0,0
10699,4,LR,0,0
10705,4,LR,0,0
10711,4,LR,0,0
10712,4,LR,0,1
10721,4,LR,0,0
10725,4,LR,0,0
10730,4,LR,0,1
10735,4,LR,0,0
10741,4,LR,1,1
10747,4,LR,0,0
10757,4,LR,1,1
10761,4,LR,1,1
10769,4,LR,0,0
10775,4,LR,0,0
10776,4,LR,0,0
10778,4,LR,0,1
10783,4,LR,0,0
10786,4,LR,0,0
10793,4,LR,1,1
10794,4,LR,1,1
10804,4,LR,0,0
10807,4,LR,0,0
10818,4,LR,0,0
10821,4,LR,0,0
10825,4,LR,0,0
10826,4,LR,0,0
10831,4,LR,1,1
10833,4,LR,0,0
10849,4,LR,0,0
10850,4,LR,0,0
10877,4,LR,0,0
10891,4,LR,0,0
10906,4,LR,0,0
10911,4,LR,0,0
10921,4,LR,0,0
10937,4,LR,0,1
10940,4,LR,0,0
10945,4,LR,0,0
10949,4,LR,0,0
10960,4,LR,0,0
10969,4,LR,0,0
10971,4,LR,0,0
10973,4,LR,0,0
10974,4,LR,0,0
10982,4,LR,0,0
10989,4,LR,0,0
10991,4,LR,1,1
10992,4,LR,0,0
10994,4,LR,0,1
10995,4,LR,0,0
10996,4,LR,0,0
11004,4,LR,0,0
11006,4,LR,0,1
11016,4,LR,0,0
11021,4,LR,1,1
11023,4,LR,0,0
11026,4,LR,0,0
11042,4,LR,0,0
11043,4,LR,0,0
11044,4,LR,0,0
11045,4,LR,0,0
11046,4,LR,0,0
11048,4,LR,0,0
11049,4,LR,0,0
11052,4,LR,0,0
11076,4,LR,0,0
11078,4,LR,0,0
11079,4,LR,0,1
11086,4,LR,0,0
11087,4,LR,0,0
11090,4,LR,0,0
11091,4,LR,0,0
11102,4,LR,0,0
11104,4,LR,0,0
11105,4,LR,0,0
11107,4,LR,0,0
11109,4,LR,0,0
11119,4,LR,0,0
11122,4,LR,0,0
11126,4,LR,0,0
11151,4,LR,0,0
11162,4,LR,0,0
11166,4,LR,1,1
11171,4,LR,0,0
11174,4,LR,0,0
11176,4,LR,0,1
11183,4,LR,0,0
11188,4,LR,0,0
11201,4,LR,0,0
11203,4,LR,1,1
11224,4,LR,0,0
11237,4,LR,0,0
11238,4,LR,0,0
11239,4,LR,0,0
11247,4,LR,0,0
11252,4,LR,0,0
11253,4,LR,0,0
11261,4,LR,0,0
11273,4,LR,0,0
11277,4,LR,0,0
11294,4,LR,0,0
11295,4,LR,0,0
11304,4,LR,1,0
11305,4,LR,0,0
11306,4,LR,0,0
11310,4,LR,0,0
11314,4,LR,0,0
11316,4,LR,1,1
11322,4,LR,0,0
11324,4,LR,0,0
11334,4,LR,0,0
11339,4,LR,0,1
11346,4,LR,0,0
11347,4,LR,1,1
11355,4,LR,0,0
11356,4,LR,0,0
11362,4,LR,1,1
11363,4,LR,0,0
11364,4,LR,0,0
11370,4,LR,0,0
11379,4,LR,1,1
11381,4,LR,0,0
11389,4,LR,0,0
11401,4,LR,0,0
11402,4,LR,0,0
11404,4,LR,0,0
11408,4,LR,0,0
11412,4,LR,1,1
11419,4,LR,0,0
11420,4,LR,0,0
11424,4,LR,1,0
11426,4,LR,0,0
11428,4,LR,0,0
11438,4,LR,0,0
11442,4,LR,0,0
11444,4,LR,1,1
11447,4,LR,0,0
11448,4,LR,1,1
11451,4,LR,0,0
11465,4,LR,0,0
11467,4,LR,0,0
11469,4,LR,1,1
11476,4,LR,0,0
11491,4,LR,0,0
11503,4,LR,0,0
11512,4,LR,0,0
11516,4,LR,0,0
11518,4,LR,0,0
11520,4,LR,0,0
11521,4,LR,0,0
11528,4,LR,0,0
11532,4,LR,0,0
11537,4,LR,0,0
11548,4,LR,0,0
11549,4,LR,0,0
11553,4,LR,0,0
11557,4,LR,0,1
11560,4,LR,0,0
11569,4,LR,0,0
11572,4,LR,1,1
11573,4,LR,1,1
11574,4,LR,0,0
11579,4,LR,0,0
11581,4,LR,0,0
11584,4,LR,0,0
11589,4,LR,0,0
11592,4,LR,0,0
11597,4,LR,0,0
11600,4,LR,0,0
11606,4,LR,1,1
11608,4,LR,1,1
11621,4,LR,0,0
11623,4,LR,0,0
11624,4,LR,0,0
11627,4,LR,0,0
11639,4,LR,0,0
11654,4,LR,0,0
11656,4,LR,0,0
11663,4,LR,0,0
11668,4,LR,0,0
11670,4,LR,0,0
11675,4,LR,1,1
11680,4,LR,1,1
11691,4,LR,0,0
11692,4,LR,0,0
11701,4,LR,1,1
11702,4,LR,0,0
11704,4,LR,0,1
11706,4,LR,0,0
11715,4,LR,1,1
11721,4,LR,0,0
11723,4,LR,0,0
11730,4,LR,0,0
11732,4,LR,0,0
11741,4,LR,1,1
11753,4,LR,0,0
11755,4,LR,0,0
11759,4,LR,0,0
11765,4,LR,0,0
11768,4,LR,0,0
11774,4,LR,0,0
11776,4,LR,0,0
11784,4,LR,1,1
11785,4,LR,0,0
11786,4,LR,0,0
11800,4,LR,0,0
11802,4,LR,0,0
11806,4,LR,0,0
11811,4,LR,0,0
11815,4,LR,1,0
11819,4,LR,0,0
11830,4,LR,0,0
11831,4,LR,1,1
11832,4,LR,0,0
11833,4,LR,0,0
11835,4,LR,0,0
11836,4,LR,0,0
11846,4,LR,0,0
11848,4,LR,0,0
11852,4,LR,0,0
11861,4,LR,0,0
11865,4,LR,0,0
11869,4,LR,1,1
11870,4,LR,0,0
11872,4,LR,0,0
11874,4,LR,0,0
11875,4,LR,0,0
11879,4,LR,0,0
11882,4,LR,0,0
11883,4,LR,0,0
11884,4,LR,0,0
11889,4,LR,0,0
11895,4,LR,0,0
11907,4,LR,0,0
11914,4,LR,0,0
11915,4,LR,0,0
11916,4,LR,0,0
11917,4,LR,0,0
11932,4,LR,0,0
11937,4,LR,0,0
11940,4,LR,0,0
11945,4,LR,0,0
11951,4,LR,0,0
11956,4,LR,0,0
11957,4,LR,1,1
11964,4,LR,0,0
11967,4,LR,0,0
11971,4,LR,0,0
11973,4,LR,0,0
11986,4,LR,0,0
12000,4,LR,0,0
12003,4,LR,0,0
12007,4,LR,0,0
12027,4,LR,0,0
12031,4,LR,1,1
12034,4,LR,0,0
12036,4,LR,0,0
12037,4,LR,0,0
12045,4,LR,0,0
12054,4,LR,1,0
12057,4,LR,1,1
12059,4,LR,0,0
12060,4,LR,1,1
12062,4,LR,0,0
12063,4,LR,0,0
12068,4,LR,0,0
12071,4,LR,0,0
12074,4,LR,0,0
12078,4,LR,0,0
12088,4,LR,0,0
12091,4,LR,0,0
12093,4,LR,0,0
12095,4,LR,0,0
12098,4,LR,0,1
12101,4,LR,0,0
12108,4,LR,1,1
12127,4,LR,0,0
12128,4,LR,0,0
12130,4,LR,0,0
12131,4,LR,0,0
12134,4,LR,0,0
12137,4,LR,0,0
12143,4,LR,0,0
12154,4,LR,0,0
12158,4,LR,0,0
12160,4,LR,0,0
12163,4,LR,0,0
12169,4,LR,1,0
12173,4,LR,0,0
12175,4,LR,0,0
12176,4,LR,0,0
12177,4,LR,0,0
12181,4,LR,0,0
12183,4,LR,0,0
12194,4,LR,1,0
12195,4,LR,0,0
12211,4,LR,0,0
12218,4,LR,0,0
12220,4,LR,1,1
12229,4,LR,0,0
12234,4,LR,0,0
12241,4,LR,0,0
12243,4,LR,0,0
12244,4,LR,0,0
12253,4,LR,0,0
12255,4,LR,0,0
12257,4,LR,0,0
12260,4,LR,0,0
12265,4,LR,0,0
12266,4,LR,0,0
12283,4,LR,0,0
12289,4,LR,0,0
12293,4,LR,0,0
12295,4,LR,0,0
12297,4,LR,0,0
12301,4,LR,1,1
12302,4,LR,0,0
12306,4,LR,0,0
12312,4,LR,0,0
12315,4,LR,0,0
12316,4,LR,0,0
12318,4,LR,0,0
12319,4,LR,0,0
12320,4,LR,0,1
12321,4,LR,0,0
12322,4,LR,0,0
12323,4,LR,0,0
12324,4,LR,1,1
12336,4,LR,0,0
12337,4,LR,0,0
12363,4,LR,0,0
12385,4,LR,0,0
12401,4,LR,0,0
12407,4,LR,0,0
12415,4,LR,0,1
12417,4,LR,0,0
12418,4,LR,0,0
12425,4,LR,1,0
12427,4,LR,0,0
12430,4,LR,0,0
12431,4,LR,0,0
12433,4,LR,0,0
12436,4,LR,1,1
12440,4,LR,0,0
12442,4,LR,0,0
12447,4,LR,0,0
12452,4,LR,0,0
12469,4,LR,0,0
12472,4,LR,0,1
12484,4,LR,1,1
12486,4,LR,0,0
12488,4,LR,0,0
12489,4,LR,0,0
12492,4,LR,0,0
12497,4,LR,0,0
12504,4,LR,0,0
12507,4,LR,0,0
12508,4,LR,0,0
12511,4,LR,0,0
12521,4,LR,0,0
12523,4,LR,0,0
12529,4,LR,0,0
12533,4,LR,0,0
12545,4,LR,1,1
12551,4,LR,0,1
12552,4,LR,1,0
12554,4,LR,0,0
12555,4,LR,0,0
12564,4,LR,0,0
12577,4,LR,0,0
12580,4,LR,0,0
12591,4,LR,0,0
12594,4,LR,0,0
12595,4,LR,0,0
12601,4,LR,0,0
12603,4,LR,0,0
12609,4,LR,0,0
12619,4,LR,0,0
12620,4,LR,0,0
12621,4,LR,0,0
12622,4,LR,0,0
12624,4,LR,1,1
12625,4,LR,0,0
12627,4,LR,0,0
12642,4,LR,0,0
12644,4,LR,0,0
12659,4,LR,0,0
12664,4,LR,1,1
12700,4,LR,0,0
12717,4,LR,0,0
12720,4,LR,0,0
12730,4,LR,0,0
12735,4,LR,0,0
12740,4,LR,1,0
12743,4,LR,0,0
12744,4,LR,0,0
12751,4,LR,1,1
12753,4,LR,0,0
12755,4,LR,0,0
12771,4,LR,0,0
12780,4,LR,0,0
12783,4,LR,1,1
12793,4,LR,0,0
12794,4,LR,0,0
12803,4,LR,0,0
12804,4,LR,0,0
12805,4,LR,0,0
12807,4,LR,0,0
12811,4,LR,0,0
12815,4,LR,1,1
12820,4,LR,0,0
12826,4,LR,0,0
12838,4,LR,0,0
12847,4,LR,0,0
12852,4,LR,0,0
12861,4,LR,1,1
12865,4,LR,0,0
12871,4,LR,0,0
12872,4,LR,0,0
12873,4,LR,0,0
12874,4,LR,0,0
12876,4,LR,0,0
12878,4,LR,0,0
12884,4,LR,0,0
12896,4,LR,0,0
12897,4,LR,0,0
12898,4,LR,0,0
12904,4,LR,0,0
12905,4,LR,0,0
12906,4,LR,1,0
12909,4,LR,0,0
12912,4,LR,0,0
12933,4,LR,0,0
12935,4,LR,0,0
12939,4,LR,0,0
12940,4,LR,0,0
12942,4,LR,0,0
12944,4,LR,0,0
12961,4,LR,0,0
12966,4,LR,0,0
12968,4,LR,0,1
12977,4,LR,0,0
12978,4,LR,0,0
12980,4,LR,1,1
12988,4,LR,0,0
12990,4,LR,0,0
13005,4,LR,0,0
13010,4,LR,0,0
13011,4,LR,0,0
13029,4,LR,1,1
13044,4,LR,1,1
13052,4,LR,0,0
13054,4,LR,0,0
13069,4,LR,0,0
13073,4,LR,0,0
13074,4,LR,0,0
13084,4,LR,0,0
13085,4,LR,0,0
13089,4,LR,0,0
13093,4,LR,0,0
13098,4,LR,0,0
13101,4,LR,0,0
13105,4,LR,0,0
13113,4,LR,0,0
13122,4,LR,0,0
13126,4,LR,0,0
13129,4,LR,0,0
13136,4,LR,0,0
13137,4,LR,0,0
13141,4,LR,0,0
13142,4,LR,0,0
13144,4,LR,1,1
13150,4,LR,0,0
13159,4,LR,0,0
13161,4,LR,0,0
13163,4,LR,1,1
13174,4,LR,1,1
13175,4,LR,0,0
13178,4,LR,0,0
13192,4,LR,0,0
13196,4,LR,0,0
13198,4,LR,0,0
13210,4,LR,0,0
13214,4,LR,0,0
13219,4,LR,0,0
13222,4,LR,1,1
13223,4,LR,0,0
13225,4,LR,0,0
13230,4,LR,0,0
13232,4,LR,0,0
13233,4,LR,0,0
13236,4,LR,0,0
13237,4,LR,0,0
13238,4,LR,0,0
13241,4,LR,0,0
13243,4,LR,0,0
13250,4,LR,0,0
13255,4,LR,0,0
13264,4,LR,0,0
13269,4,LR,0,0
13275,4,LR,0,0
13287,4,LR,0,0
13292,4,LR,0,0
13293,4,LR,0,0
13295,4,LR,0,0
13309,4,LR,0,0
13312,4,LR,0,0
13315,4,LR,1,1
13322,4,LR,0,0
13325,4,LR,0,0
13340,4,LR,0,0
13350,4,LR,0,0
13357,4,LR,0,0
13358,4,LR,0,0
13362,4,LR,1,0
13368,4,LR,0,0
13370,4,LR,0,0
13374,4,LR,0,0
13376,4,LR,1,1
13379,4,LR,0,0
13385,4,LR,0,0
13397,4,LR,0,0
13401,4,LR,0,0
13403,4,LR,0,0
13412,4,LR,0,0
13415,4,LR,0,0
13423,4,LR,0,0
13429,4,LR,0,0
13433,4,LR,0,0
13435,4,LR,0,0
13436,4,LR,0,0
13441,4,LR,0,0
13443,4,LR,0,0
13458,4,LR,0,0
13468,4,LR,0,0
13475,4,LR,1,1
13482,4,LR,0,0
13483,4,LR,1,1
13485,4,LR,0,0
13491,4,LR,0,0
13498,4,LR,0,0
13500,4,LR,0,0
13501,4,LR,0,0
13506,4,LR,0,0
13524,4,LR,1,0
13528,4,LR,0,0
13529,4,LR,0,1
13542,4,LR,0,0
13543,4,LR,0,0
13547,4,LR,0,0
13549,4,LR,0,0
13550,4,LR,0,0
13554,4,LR,0,0
13558,4,LR,0,1
13565,4,LR,1,1
13567,4,LR,0,0
13568,4,LR,0,0
13569,4,LR,0,0
13571,4,LR,0,0
13573,4,LR,1,1
13575,4,LR,0,0
13578,4,LR,1,1
13581,4,LR,0,0
13583,4,LR,0,0
13588,4,LR,0,0
13590,4,LR,0,0
13591,4,LR,0,0
13592,4,LR,0,0
13594,4,LR,0,0
13600,4,LR,1,1
13613,4,LR,0,0
13623,4,LR,0,1
13628,4,LR,0,0
13630,4,LR,0,0
13633,4,LR,0,0
13636,4,LR,0,0
13639,4,LR,0,0
13654,4,LR,0,0
13660,4,LR,0,0
13666,4,LR,0,0
13667,4,LR,0,0
13674,4,LR,0,0
13676,4,LR,0,0
13679,4,LR,0,0
13681,4,LR,0,0
13683,4,LR,0,0
13685,4,LR,0,0
13693,4,LR,0,0
13703,4,LR,0,0
13708,4,LR,0,0
13716,4,LR,0,0
13720,4,LR,1,1
13722,4,LR,0,0
13724,4,LR,0,0
13727,4,LR,0,0
13729,4,LR,0,0
13741,4,LR,0,0
13746,4,LR,0,0
13748,4,LR,0,0
13761,4,LR,0,0
13762,4,LR,0,0
13768,4,LR,0,0
13769,4,LR,0,0
13773,4,LR,0,0
13778,4,LR,0,0
13780,4,LR,0,0
13791,4,LR,0,0
13794,4,LR,0,0
13801,4,LR,0,1
13807,4,LR,0,0
13815,4,LR,0,0
13816,4,LR,0,0
13818,4,LR,0,0
13824,4,LR,0,0
13825,4,LR,0,0
13828,4,LR,0,0
13833,4,LR,0,0
13837,4,LR,1,1
13838,4,LR,0,0
13844,4,LR,0,0
13847,4,LR,0,0
13851,4,LR,0,0
13853,4,LR,0,0
13854,4,LR,0,0
13855,4,LR,0,0
13865,4,LR,0,0
13868,4,LR,0,0
13872,4,LR,0,0
13879,4,LR,0,0
13880,4,LR,0,0
13882,4,LR,0,0
13894,4,LR,1,1
13905,4,LR,0,0
13910,4,LR,0,0
13913,4,LR,0,1
13914,4,LR,0,0
13916,4,LR,0,0
13918,4,LR,0,0
13922,4,LR,0,0
13927,4,LR,1,1
13932,4,LR,0,0
13933,4,LR,0,0
13943,4,LR,0,0
13949,4,LR,0,0
13956,4,LR,0,0
13958,4,LR,0,0
13961,4,LR,0,0
13969,4,LR,0,0
13971,4,LR,0,0
13972,4,LR,0,0
13973,4,LR,0,0
13974,4,LR,0,0
13977,4,LR,0,0
13980,4,LR,1,1
13982,4,LR,1,1
13990,4,LR,0,0
13997,4,LR,0,0
14001,4,LR,0,0
14013,4,LR,0,0
14029,4,LR,0,0
14042,4,LR,0,0
14049,4,LR,0,0
14050,4,LR,0,0
14053,4,LR,0,0
14054,4,LR,1,1
14056,4,LR,0,0
14067,4,LR,0,0
14088,4,LR,1,1
14090,4,LR,0,0
14096,4,LR,1,1
14099,4,LR,1,0
14104,4,LR,0,0
14112,4,LR,0,0
14113,4,LR,0,0
14127,4,LR,0,0
14135,4,LR,0,0
14144,4,LR,0,0
14147,4,LR,0,0
14150,4,LR,0,0
14157,4,LR,1,1
14176,4,LR,0,0
14177,4,LR,1,1
14178,4,LR,0,1
14179,4,LR,0,0
14182,4,LR,0,0
14186,4,LR,0,0
14188,4,LR,0,0
14190,4,LR,0,1
14194,4,LR,0,0
14206,4,LR,0,0
14213,4,LR,0,0
14227,4,LR,0,0
14232,4,LR,1,1
14235,4,LR,0,0
14244,4,LR,0,0
14246,4,LR,1,0
14253,4,LR,0,0
14254,4,LR,0,0
14258,4,LR,0,0
14267,4,LR,0,1
14268,4,LR,0,0
14270,4,LR,0,0
14278,4,LR,0,1
14283,4,LR,0,0
14288,4,LR,0,0
14294,4,LR,0,0
14298,4,LR,0,0
14303,4,LR,0,0
14305,4,LR,0,0
14311,4,LR,0,0
14324,4,LR,0,0
14332,4,LR,0,0
14340,4,LR,0,0
14350,4,LR,0,0
14356,4,LR,0,0
14358,4,LR,0,0
14363,4,LR,1,1
14368,4,LR,0,0
14371,4,LR,0,0
14373,4,LR,0,0
14377,4,LR,0,0
14379,4,LR,0,0
14384,4,LR,0,0
14387,4,LR,0,0
14394,4,LR,0,0
14396,4,LR,1,1
14397,4,LR,0,0
14400,4,LR,0,0
14401,4,LR,0,0
14403,4,LR,1,1
14404,4,LR,1,1
14411,4,LR,0,0
14427,4,LR,0,0
14429,4,LR,0,0
14433,4,LR,0,0
14444,4,LR,1,1
14446,4,LR,0,0
14450,4,LR,0,0
14459,4,LR,0,0
14461,4,LR,0,0
14466,4,LR,0,0
14470,4,LR,1,1
14472,4,LR,0,0
14477,4,LR,0,0
14480,4,LR,1,1
14488,4,LR,0,0
14495,4,LR,0,0
14496,4,LR,0,0
14501,4,LR,0,0
14504,4,LR,0,0
14505,4,LR,0,0
14511,4,LR,0,0
14512,4,LR,0,0
14520,4,LR,0,0
14528,4,LR,0,0
14534,4,LR,0,0
14538,4,LR,0,0
14541,4,LR,0,0
14554,4,LR,0,0
14557,4,LR,1,1
14561,4,LR,0,0
14562,4,LR,0,0
14566,4,LR,0,0
14567,4,LR,0,0
14570,4,LR,0,0
14573,4,LR,0,0
14576,4,LR,0,0
14578,4,LR,0,0
14579,4,LR,0,0
14581,4,LR,0,0
14584,4,LR,0,0
14589,4,LR,0,0
14595,4,LR,0,0
14600,4,LR,0,0
14603,4,LR,0,0
14607,4,LR,0,0
14611,4,LR,0,0
14612,4,LR,0,0
14621,4,LR,0,0
14622,4,LR,0,1
14628,4,LR,0,0
14629,4,LR,0,0
14633,4,LR,0,0
14636,4,LR,0,0
14639,4,LR,0,0
14640,4,LR,0,0
14642,4,LR,0,0
14646,4,LR,0,0
14650,4,LR,0,0
14663,4,LR,0,0
14666,4,LR,0,0
14670,4,LR,0,0
14676,4,LR,0,0
14681,4,LR,0,0
14683,4,LR,0,0
14686,4,LR,0,0
14701,4,LR,0,0
14704,4,LR,1,1
14710,4,LR,0,0
14715,4,LR,0,0
14717,4,LR,0,0
14723,4,LR,0,0
14724,4,LR,0,0
14725,4,LR,0,0
14726,4,LR,0,0
14738,4,LR,0,0
14739,4,LR,1,1
14742,4,LR,1,1
14744,4,LR,0,0
14761,4,LR,0,0
14767,4,LR,0,0
14768,4,LR,0,0
14769,4,LR,0,0
14776,4,LR,0,0
14783,4,LR,0,0
14787,4,LR,1,1
14790,4,LR,0,0
14794,4,LR,0,0
14800,4,LR,0,0
14807,4,LR,0,0
14809,4,LR,0,0
14812,4,LR,0,0
14817,4,LR,0,0
14820,4,LR,0,0
14829,4,LR,1,1
14830,4,LR,0,0
14842,4,LR,0,0
14847,4,LR,0,0
14849,4,LR,0,0
14850,4,LR,0,0
14871,4,LR,0,0
14875,4,LR,0,0
14876,4,LR,1,1
14884,4,LR,0,0
14885,4,LR,0,0
14887,4,LR,0,0
14890,4,LR,0,0
14892,4,LR,0,0
14893,4,LR,0,0
14898,4,LR,0,0
14900,4,LR,0,0
14901,4,LR,0,0
14906,4,LR,0,0
14907,4,LR,0,0
14909,4,LR,0,0
14911,4,LR,0,0
14912,4,LR,0,0
14915,4,LR,0,0
14920,4,LR,0,0
14922,4,LR,0,0
14925,4,LR,0,0
14926,4,LR,0,0
14927,4,LR,0,0
14929,4,LR,0,0
14933,4,LR,0,0
14939,4,LR,0,0
14941,4,LR,0,0
14953,4,LR,1,0
14955,4,LR,0,0
14958,4,LR,0,0
14965,4,LR,0,0
14975,4,LR,1,1
14984,4,LR,0,0
14991,4,LR,0,0
15000,4,LR,0,0
15002,4,LR,0,0
15006,4,LR,0,0
15010,4,LR,0,0
15012,4,LR,1,0
15018,4,LR,0,0
15019,4,LR,0,0
15033,4,LR,0,0
15036,4,LR,0,1
15040,4,LR,0,0
15046,4,LR,1,1
15051,4,LR,0,0
15060,4,LR,0,0
15070,4,LR,1,1
15091,4,LR,0,1
15098,4,LR,0,0
15103,4,LR,0,0
15114,4,LR,0,0
15121,4,LR,0,0
15123,4,LR,0,0
15125,4,LR,0,0
15130,4,LR,0,0
15131,4,LR,0,0
15136,4,LR,0,0
15138,4,LR,0,0
15140,4,LR,0,0
15145,4,LR,0,0
15147,4,LR,1,1
15150,4,LR,0,0
15159,4,LR,0,0
15160,4,LR,0,0
15161,4,LR,0,0
15173,4,LR,0,0
15177,4,LR,0,0
15181,4,LR,0,0
15182,4,LR,0,0
15185,4,LR,0,0
15186,4,LR,0,0
15194,4,LR,0,0
15197,4,LR,0,0
15200,4,LR,0,0
15212,4,LR,1,1
15215,4,LR,0,0
15220,4,LR,1,1
15224,4,LR,0,0
15225,4,LR,0,0
15234,4,LR,0,0
15235,4,LR,0,0
15236,4,LR,0,0
15249,4,LR,0,0
15250,4,LR,0,0
15254,4,LR,0,0
15260,4,LR,1,1
15262,4,LR,0,0
15265,4,LR,0,0
15267,4,LR,0,0
15270,4,LR,0,0
15273,4,LR,0,0
15274,4,LR,0,0
15276,4,LR,0,0
15281,4,LR,0,0
15283,4,LR,0,0
15284,4,LR,0,0
15287,4,LR,0,0
15295,4,LR,1,1
15297,4,LR,0,0
15303,4,LR,0,0
15310,4,LR,1,0
15314,4,LR,0,0
15317,4,LR,0,0
15324,4,LR,0,0
15331,4,LR,0,0
15337,4,LR,0,0
15344,4,LR,0,0
15349,4,LR,0,0
15363,4,LR,1,1
15366,4,LR,0,0
15367,4,LR,0,0
15372,4,LR,0,0
15373,4,LR,0,0
15376,4,LR,0,0
15381,4,LR,0,0
15384,4,LR,0,0
15394,4,LR,0,0
15396,4,LR,0,1
15400,4,LR,0,0
15401,4,LR,0,0
15413,4,LR,0,0
15418,4,LR,0,0
15419,4,LR,0,0
15421,4,LR,0,0
15425,4,LR,0,0
15431,4,LR,0,0
15433,4,LR,0,0
15439,4,LR,1,1
15440,4,LR,0,0
15441,4,LR,0,0
15443,4,LR,1,1
15449,4,LR,0,0
15454,4,LR,0,0
15456,4,LR,0,0
15465,4,LR,0,0
15468,4,LR,1,1
15471,4,LR,1,0
15478,4,LR,0,0
15486,4,LR,0,0
15487,4,LR,0,0
15495,4,LR,1,1
15498,4,LR,1,1
15500,4,LR,0,0
15501,4,LR,0,0
15504,4,LR,0,0
15508,4,LR,1,1
15511,4,LR,0,0
15512,4,LR,0,0
15513,4,LR,0,0
15515,4,LR,0,0
15517,4,LR,0,0
15522,4,LR,1,0
15534,4,LR,0,0
15536,4,LR,0,0
15538,4,LR,0,0
15539,4,LR,0,0
15540,4,LR,0,0
15541,4,LR,0,0
15542,4,LR,0,0
15543,4,LR,0,0
15544,4,LR,0,0
15557,4,LR,0,0
15563,4,LR,0,0
15566,4,LR,0,0
15572,4,LR,0,0
15576,4,LR,0,0
15579,4,LR,0,0
15584,4,LR,0,0
15590,4,LR,0,1
15591,4,LR,0,0
15611,4,LR,0,0
15612,4,LR,0,0
15619,4,LR,1,0
15623,4,LR,0,0
15626,4,LR,0,0
15627,4,LR,0,0
15628,4,LR,0,0
15637,4,LR,0,0
15647,4,LR,0,0
15656,4,LR,0,0
15658,4,LR,0,0
15660,4,LR,0,0
15663,4,LR,0,0
15684,4,LR,0,0
15685,4,LR,0,0
15691,4,LR,0,0
15695,4,LR,0,0
15696,4,LR,0,0
15704,4,LR,0,0
15710,4,LR,0,0
15712,4,LR,0,0
15714,4,LR,0,0
15722,4,LR,1,1
15723,4,LR,0,0
15725,4,LR,0,0
15752,4,LR,0,0
15756,4,LR,0,0
15765,4,LR,0,0
15768,4,LR,0,0
15769,4,LR,0,0
15772,4,LR,0,0
15785,4,LR,0,0
15790,4,LR,1,0
15791,4,LR,0,0
15797,4,LR,1,1
15806,4,LR,0,0
15810,4,LR,0,0
15811,4,LR,0,0
15821,4,LR,0,0
15841,4,LR,0,0
15845,4,LR,1,0
15849,4,LR,0,0
15850,4,LR,0,0
15857,4,LR,0,0
15861,4,LR,0,0
15869,4,LR,1,0
15880,4,LR,0,0
15881,4,LR,0,0
15882,4,LR,1,1
15885,4,LR,0,0
15888,4,LR,0,0
15893,4,LR,0,0
15897,4,LR,0,0
15898,4,LR,0,0
15903,4,LR,1,0
15905,4,LR,0,0
15906,4,LR,0,0
15908,4,LR,0,0
15909,4,LR,0,0
15912,4,LR,1,1
15913,4,LR,1,1
15919,4,LR,0,0
15920,4,LR,0,0
15927,4,LR,0,0
15955,4,LR,0,0
15960,4,LR,0,0
15971,4,LR,1,1
15972,4,LR,0,0
15979,4,LR,0,0
15985,4,LR,0,0
15992,4,LR,0,0
15994,4,LR,0,0
15999,4,LR,0,0
16001,4,LR,0,0
16006,4,LR,0,0
16008,4,LR,0,0
16010,4,LR,0,0
16013,4,LR,0,0
16015,4,LR,1,1
16018,4,LR,0,0
16019,4,LR,0,0
16022,4,LR,0,0
16029,4,LR,0,0
16030,4,LR,0,0
16051,4,LR,0,0
16054,4,LR,0,0
16063,4,LR,0,0
16080,4,LR,0,0
16082,4,LR,1,1
16083,4,LR,0,0
16091,4,LR,0,0
16097,4,LR,0,0
16101,4,LR,0,0
16102,4,LR,0,0
16110,4,LR,0,0
16116,4,LR,0,0
16118,4,LR,0,0
16128,4,LR,0,0
16134,4,LR,0,0
16145,4,LR,0,0
16155,4,LR,0,0
16156,4,LR,0,0
16159,4,LR,0,0
16165,4,LR,1,1
16166,4,LR,0,0
16167,4,LR,0,0
16169,4,LR,0,0
16170,4,LR,0,0
16171,4,LR,0,0
16185,4,LR,0,0
16193,4,LR,0,0
16197,4,LR,0,0
16200,4,LR,0,0
16217,4,LR,0,0
16221,4,LR,0,0
16223,4,LR,1,1
16226,4,LR,1,1
16235,4,LR,0,0
16245,4,LR,0,0
16253,4,LR,1,1
16256,4,LR,0,0
16257,4,LR,0,0
16259,4,LR,0,0
16266,4,LR,0,0
16268,4,LR,0,0
16270,4,LR,0,0
16274,4,LR,0,0
16278,4,LR,0,0
16280,4,LR,0,0
16283,4,LR,0,0
16294,4,LR,0,0
16301,4,LR,0,0
16304,4,LR,0,0
16308,4,LR,1,1
16310,4,LR,0,0
16313,4,LR,1,1
16316,4,LR,0,0
16323,4,LR,1,1
16326,4,LR,0,0
16333,4,LR,0,0
16342,4,LR,0,0
16344,4,LR,0,0
16345,4,LR,0,0
16347,4,LR,0,0
16348,4,LR,1,0
16349,4,LR,0,0
16350,4,LR,0,0
16351,4,LR,1,1
16363,4,LR,0,0
16369,4,LR,0,0
16372,4,LR,1,1
16374,4,LR,0,0
16376,4,LR,0,0
16384,4,LR,0,0
16403,4,LR,0,0
16404,4,LR,0,0
16408,4,LR,0,0
16410,4,LR,0,0
16412,4,LR,0,0
16417,4,LR,0,0
16421,4,LR,0,0
16428,4,LR,0,0
16429,4,LR,0,0
16434,4,LR,0,0
16442,4,LR,0,0
16445,4,LR,0,0
16446,4,LR,0,0
16449,4,LR,0,0
16451,4,LR,1,1
16456,4,LR,0,0
16457,4,LR,1,0
16460,4,LR,1,1
16464,4,LR,0,0
16466,4,LR,0,0
16470,4,LR,0,0
16471,4,LR,0,0
16472,4,LR,0,0
16486,4,LR,0,0
16489,4,LR,0,0
16491,4,LR,1,1
16508,4,LR,0,0
16523,4,LR,0,0
16524,4,LR,0,0
16526,4,LR,0,0
16528,4,LR,0,0
16531,4,LR,0,0
16542,4,LR,0,0
16544,4,LR,0,0
16546,4,LR,1,1
16547,4,LR,0,0
16548,4,LR,0,0
16552,4,LR,0,1
16569,4,LR,0,0
16577,4,LR,0,0
16580,4,LR,0,0
16581,4,LR,0,0
16596,4,LR,0,0
16600,4,LR,0,0
16602,4,LR,0,0
16610,4,LR,0,0
16612,4,LR,0,0
16649,4,LR,0,0
16651,4,LR,0,0
16654,4,LR,0,0
16660,4,LR,0,0
16668,4,LR,0,0
16670,4,LR,0,0
16671,4,LR,0,0
16675,4,LR,0,0
16678,4,LR,1,0
16685,4,LR,1,1
16689,4,LR,0,0
16691,4,LR,0,0
16694,4,LR,1,1
16695,4,LR,0,0
16698,4,LR,0,0
16702,4,LR,0,0
16703,4,LR,0,0
16706,4,LR,0,0
16708,4,LR,1,1
16712,4,LR,0,0
16714,4,LR,1,1
16715,4,LR,1,1
16718,4,LR,0,0
16721,4,LR,1,1
16729,4,LR,0,0
16744,4,LR,0,0
16746,4,LR,0,0
16747,4,LR,0,0
16752,4,LR,0,0
16765,4,LR,0,0
16770,4,LR,0,0
16773,4,LR,0,0
16777,4,LR,0,0
16779,4,LR,0,0
16781,4,LR,0,0
16787,4,LR,1,1
16799,4,LR,0,0
16802,4,LR,0,0
16803,4,LR,0,0
16806,4,LR,0,0
16819,4,LR,0,0
16825,4,LR,0,0
16832,4,LR,0,0
16835,4,LR,0,0
16841,4,LR,0,0
16845,4,LR,0,0
16855,4,LR,0,0
16869,4,LR,0,0
16871,4,LR,0,0
16872,4,LR,0,0
16875,4,LR,0,0
16876,4,LR,1,0
16880,4,LR,0,0
16883,4,LR,0,0
16886,4,LR,0,0
16889,4,LR,0,0
16893,4,LR,0,0
16894,4,LR,0,0
16922,4,LR,0,0
16923,4,LR,0,0
16933,4,LR,0,0
16934,4,LR,0,1
16942,4,LR,0,0
16945,4,LR,0,0
16950,4,LR,1,1
16958,4,LR,0,0
16962,4,LR,1,1
16963,4,LR,1,1
16982,4,LR,0,0
16983,4,LR,0,0
16990,4,LR,1,1
16998,4,LR,0,0
17003,4,LR,0,0
17004,4,LR,0,0
17005,4,LR,0,0
17016,4,LR,0,0
17017,4,LR,0,0
17019,4,LR,0,0
17022,4,LR,0,0
17026,4,LR,0,0
17029,4,LR,1,0
17030,4,LR,1,1
17031,4,LR,0,0
17032,4,LR,1,0
17039,4,LR,0,0
17054,4,LR,0,0
17055,4,LR,0,0
17061,4,LR,0,0
17067,4,LR,0,0
17068,4,LR,1,1
17074,4,LR,0,0
17078,4,LR,0,0
17079,4,LR,0,0
17082,4,LR,0,0
17084,4,LR,0,0
17091,4,LR,0,0
17098,4,LR,0,0
17104,4,LR,0,0
17108,4,LR,0,0
17113,4,LR,0,0
17116,4,LR,0,0
17121,4,LR,0,0
17122,4,LR,0,0
17123,4,LR,0,0
17130,4,LR,0,1
17131,4,LR,0,0
17133,4,LR,0,0
17135,4,LR,0,1
17139,4,LR,0,0
17143,4,LR,0,0
17148,4,LR,0,0
17153,4,LR,0,0
17156,4,LR,0,0
17172,4,LR,0,0
17185,4,LR,0,0
17198,4,LR,0,0
17201,4,LR,0,0
17203,4,LR,0,1
17215,4,LR,0,0
17219,4,LR,1,1
17220,4,LR,1,1
17228,4,LR,0,0
17234,4,LR,0,0
17242,4,LR,0,0
17246,4,LR,0,0
17250,4,LR,0,0
17255,4,LR,0,0
17259,4,LR,0,0
17262,4,LR,0,0
17267,4,LR,0,0
17272,4,LR,0,0
17277,4,LR,0,0
17286,4,LR,0,0
17289,4,LR,0,0
17292,4,LR,0,0
17297,4,LR,1,1
17298,4,LR,0,0
17299,4,LR,0,1
17304,4,LR,0,0
17307,4,LR,1,1
17309,4,LR,0,0
17310,4,LR,0,0
17311,4,LR,0,0
17321,4,LR,0,0
17322,4,LR,1,1
17327,4,LR,1,1
17328,4,LR,0,0
17331,4,LR,0,0
17332,4,LR,0,0
17340,4,LR,0,0
17353,4,LR,0,0
17361,4,LR,0,0
17363,4,LR,0,0
17368,4,LR,0,0
17371,4,LR,0,0
17375,4,LR,0,0
17378,4,LR,0,0
17379,4,LR,0,0
17384,4,LR,0,0
17385,4,LR,0,0
17387,4,LR,1,1
17391,4,LR,0,0
17392,4,LR,0,1
17393,4,LR,0,0
17396,4,LR,0,0
17406,4,LR,0,0
17408,4,LR,0,0
17413,4,LR,0,0
17417,4,LR,0,0
17421,4,LR,0,0
17422,4,LR,0,0
17431,4,LR,0,0
17443,4,LR,1,1
17447,4,LR,0,0
17455,4,LR,0,0
17482,4,LR,1,0
17489,4,LR,0,0
17493,4,LR,0,0
17496,4,LR,0,0
17499,4,LR,0,0
17500,4,LR,0,0
17506,4,LR,0,1
17509,4,LR,0,0
17524,4,LR,0,0
17534,4,LR,0,0
17538,4,LR,1,1
17541,4,LR,0,0
17543,4,LR,0,0
17544,4,LR,0,0
17546,4,LR,0,0
17551,4,LR,0,0
17570,4,LR,0,0
17587,4,LR,0,0
17589,4,LR,0,0
17592,4,LR,0,0
17593,4,LR,0,0
17601,4,LR,0,0
17610,4,LR,0,0
17616,4,LR,0,0
17620,4,LR,0,0
17628,4,LR,0,0
17631,4,LR,0,0
17632,4,LR,0,0
17633,4,LR,0,0
17634,4,LR,0,0
17640,4,LR,0,0
17653,4,LR,0,0
17664,4,LR,0,0
17670,4,LR,0,0
17677,4,LR,1,1
17682,4,LR,0,0
17685,4,LR,0,0
17688,4,LR,0,0
17692,4,LR,0,0
17693,4,LR,0,0
17695,4,LR,0,1
17700,4,LR,0,0
17701,4,LR,0,0
17704,4,LR,0,0
17718,4,LR,0,1
17731,4,LR,1,1
17737,4,LR,0,0
17748,4,LR,0,0
17758,4,LR,0,0
17759,4,LR,0,0
17762,4,LR,0,0
17772,4,LR,0,0
17777,4,LR,0,0
17778,4,LR,0,0
17788,4,LR,0,0
17794,4,LR,0,0
17795,4,LR,0,0
17796,4,LR,0,0
17802,4,LR,0,0
17809,4,LR,0,0
17816,4,LR,0,0
17819,4,LR,0,0
17824,4,LR,0,0
17825,4,LR,1,1
17831,4,LR,0,0
17838,4,LR,0,0
17840,4,LR,1,1
17849,4,LR,0,0
17850,4,LR,0,0
17851,4,LR,0,1
17859,4,LR,0,0
17863,4,LR,0,0
17867,4,LR,0,0
17868,4,LR,0,0
17870,4,LR,0,0
17874,4,LR,0,0
17876,4,LR,0,0
17878,4,LR,1,1
17892,4,LR,0,0
17899,4,LR,0,0
17901,4,LR,0,0
17905,4,LR,0,0
17911,4,LR,0,0
17927,4,LR,0,0
17930,4,LR,0,0
17935,4,LR,0,0
17939,4,LR,0,0
17940,4,LR,0,0
17945,4,LR,0,0
17954,4,LR,0,0
17961,4,LR,0,0
17980,4,LR,0,0
17984,4,LR,0,0
17987,4,LR,0,0
17988,4,LR,0,0
17989,4,LR,0,0
17995,4,LR,0,0
17998,4,LR,0,1
18003,4,LR,0,0
18004,4,LR,0,0
18009,4,LR,0,0
18016,4,LR,0,0
18017,4,LR,1,1
18018,4,LR,0,0
18019,4,LR,0,0
18026,4,LR,0,0
18036,4,LR,0,1
18037,4,LR,0,0
18038,4,LR,0,0
18040,4,LR,0,0
18044,4,LR,0,0
18045,4,LR,0,0
18046,4,LR,0,0
18047,4,LR,0,0
18048,4,LR,0,0
18057,4,LR,0,0
18058,4,LR,0,0
18061,4,LR,0,0
18062,4,LR,1,1
18065,4,LR,0,0
18068,4,LR,0,0
18069,4,LR,1,1
18071,4,LR,0,0
18073,4,LR,0,0
18079,4,LR,0,0
18081,4,LR,0,0
18086,4,LR,0,0
18090,4,LR,0,0
18091,4,LR,0,0
18102,4,LR,1,1
18113,4,LR,0,0
18126,4,LR,0,0
18128,4,LR,0,0
18131,4,LR,0,0
18135,4,LR,1,1
18137,4,LR,1,0
18142,4,LR,0,0
18144,4,LR,0,0
18146,4,LR,0,0
18149,4,LR,0,0
18151,4,LR,0,0
18153,4,LR,1,1
18170,4,LR,0,0
18172,4,LR,0,0
18174,4,LR,0,0
18180,4,LR,0,0
18182,4,LR,0,0
18185,4,LR,0,0
18196,4,LR,0,0
18198,4,LR,0,0
18199,4,LR,0,0
18203,4,LR,0,0
18204,4,LR,0,0
18217,4,LR,0,0
18219,4,LR,0,0
18221,4,LR,0,0
18236,4,LR,1,1
18238,4,LR,0,0
18239,4,LR,0,0
18244,4,LR,0,0
18250,4,LR,0,0
18260,4,LR,1,1
18262,4,LR,1,0
18281,4,LR,0,0
18285,4,LR,0,0
18289,4,LR,1,1
18294,4,LR,0,0
18295,4,LR,0,0
18300,4,LR,0,0
18303,4,LR,0,0
18310,4,LR,0,0
18311,4,LR,0,0
18314,4,LR,0,0
18322,4,LR,0,0
18325,4,LR,0,0
18330,4,LR,1,1
18336,4,LR,0,0
18341,4,LR,0,0
18342,4,LR,0,0
18350,4,LR,0,0
18351,4,LR,0,0
18352,4,LR,0,0
18357,4,LR,0,0
18361,4,LR,0,0
18366,4,LR,0,0
18369,4,LR,0,0
18371,4,LR,0,0
18372,4,LR,0,0
18373,4,LR,0,0
18376,4,LR,0,0
18378,4,LR,0,0
18380,4,LR,0,0
18400,4,LR,0,0
18401,4,LR,0,0
18408,4,LR,0,0
18410,4,LR,0,0
18411,4,LR,0,0
18415,4,LR,0,0
18419,4,LR,0,0
18421,4,LR,0,0
18423,4,LR,0,0
18424,4,LR,0,0
18436,4,LR,1,0
18443,4,LR,0,0
18444,4,LR,0,0
18453,4,LR,0,0
18456,4,LR,0,0
18457,4,LR,0,0
18462,4,LR,0,0
18464,4,LR,0,0
18472,4,LR,1,1
18473,4,LR,0,0
18483,4,LR,0,0
18484,4,LR,0,0
18507,4,LR,0,0
18512,4,LR,0,0
18526,4,LR,0,1
18527,4,LR,0,0
18528,4,LR,0,0
18533,4,LR,0,0
18540,4,LR,1,0
18541,4,LR,0,0
18543,4,LR,0,0
18548,4,LR,0,0
18550,4,LR,0,0
18552,4,LR,0,0
18569,4,LR,0,0
18570,4,LR,0,0
18572,4,LR,0,0
18573,4,LR,0,0
18576,4,LR,0,0
18578,4,LR,0,0
18580,4,LR,0,0
18596,4,LR,0,0
18597,4,LR,0,0
18598,4,LR,0,0
18609,4,LR,0,0
18619,4,LR,0,0
18624,4,LR,0,0
18632,4,LR,1,1
18650,4,LR,0,0
18653,4,LR,0,0
18657,4,LR,0,0
18663,4,LR,1,1
18666,4,LR,0,0
18667,4,LR,0,0
18672,4,LR,0,0
18674,4,LR,0,0
18678,4,LR,0,0
18681,4,LR,0,0
18682,4,LR,0,0
18683,4,LR,0,0
18687,4,LR,1,1
18699,4,LR,0,0
18702,4,LR,0,0
18703,4,LR,0,0
18705,4,LR,1,1
18706,4,LR,0,0
18707,4,LR,0,0
18708,4,LR,0,0
18709,4,LR,0,0
18717,4,LR,0,0
18723,4,LR,0,0
18731,4,LR,0,0
18743,4,LR,0,0
18746,4,LR,0,0
18749,4,LR,0,0
18757,4,LR,0,0
18758,4,LR,0,0
18762,4,LR,0,0
18763,4,LR,0,1
18765,4,LR,0,0
18769,4,LR,0,0
18773,4,LR,1,1
18783,4,LR,0,0
18786,4,LR,0,0
18796,4,LR,1,1
18797,4,LR,0,0
18805,4,LR,0,0
18808,4,LR,1,0
18819,4,LR,0,0
18824,4,LR,1,1
18827,4,LR,1,0
18831,4,LR,0,0
18833,4,LR,0,0
18834,4,LR,0,0
18835,4,LR,0,1
18839,4,LR,1,0
18847,4,LR,0,0
18848,4,LR,0,0
18855,4,LR,0,0
18857,4,LR,0,0
18863,4,LR,1,1
18869,4,LR,1,0
18874,4,LR,1,1
18875,4,LR,0,0
18889,4,LR,0,0
18892,4,LR,0,0
18893,4,LR,0,0
18897,4,LR,0,0
18899,4,LR,0,0
18902,4,LR,0,0
18907,4,LR,0,0
18913,4,LR,0,0
18916,4,LR,0,0
18921,4,LR,0,1
18924,4,LR,0,0
18927,4,LR,0,0
18936,4,LR,1,1
18939,4,LR,0,0
18944,4,LR,0,0
18945,4,LR,0,0
18949,4,LR,0,0
18950,4,LR,0,0
18960,4,LR,0,0
18962,4,LR,0,0
18966,4,LR,0,0
18967,4,LR,1,0
18977,4,LR,0,0
18978,4,LR,0,0
18994,4,LR,0,1
18995,4,LR,0,0
19005,4,LR,0,0
19008,4,LR,0,0
19009,4,LR,0,0
19015,4,LR,0,0
19022,4,LR,1,1
19026,4,LR,0,1
19031,4,LR,0,0
19038,4,LR,0,0
19044,4,LR,1,1
19047,4,LR,0,0
19049,4,LR,1,0
19052,4,LR,0,0
19055,4,LR,0,0
19058,4,LR,0,0
19067,4,LR,0,0
19078,4,LR,0,0
19084,4,LR,0,0
19092,4,LR,0,0
19094,4,LR,0,0
19095,4,LR,0,0
19096,4,LR,0,0
19103,4,LR,1,1
19106,4,LR,0,0
19110,4,LR,0,0
19112,4,LR,0,0
19126,4,LR,1,1
19131,4,LR,0,0
19138,4,LR,0,0
19139,4,LR,0,0
19143,4,LR,0,0
19144,4,LR,0,0
19145,4,LR,0,0
19148,4,LR,0,0
19160,4,LR,0,0
19164,4,LR,0,0
19169,4,LR,1,1
19176,4,LR,0,0
19178,4,LR,1,1
19179,4,LR,0,0
19183,4,LR,0,0
19187,4,LR,0,0
19192,4,LR,0,0
19198,4,LR,0,0
19206,4,LR,0,0
19208,4,LR,0,0
19212,4,LR,0,0
19230,4,LR,0,1
19231,4,LR,0,1
19232,4,LR,0,0
19239,4,LR,0,0
19241,4,LR,0,0
19251,4,LR,0,0
19254,4,LR,0,0
19256,4,LR,0,0
19264,4,LR,0,0
19268,4,LR,0,0
19277,4,LR,0,0
19287,4,LR,0,0
19292,4,LR,0,0
19306,4,LR,0,0
19313,4,LR,0,0
19314,4,LR,0,0
19319,4,LR,0,0
19326,4,LR,0,0
19328,4,LR,0,0
19329,4,LR,0,0
19331,4,LR,1,1
19332,4,LR,1,0
19334,4,LR,0,0
19336,4,LR,0,0
19339,4,LR,0,0
19345,4,LR,0,1
19348,4,LR,0,0
19349,4,LR,0,0
19350,4,LR,0,0
19351,4,LR,0,0
19357,4,LR,0,0
19362,4,LR,1,0
19366,4,LR,0,0
19369,4,LR,0,0
19378,4,LR,0,0
19385,4,LR,1,1
19390,4,LR,0,0
19393,4,LR,0,0
19404,4,LR,0,0
19410,4,LR,0,0
19415,4,LR,0,0
19420,4,LR,0,0
19422,4,LR,0,0
19424,4,LR,1,0
19434,4,LR,0,0
19438,4,LR,1,1
19439,4,LR,0,0
19440,4,LR,0,0
19447,4,LR,0,0
19448,4,LR,0,0
19454,4,LR,0,0
19455,4,LR,0,0
19477,4,LR,0,0
19480,4,LR,0,0
19485,4,LR,0,0
19501,4,LR,1,1
19505,4,LR,0,0
19509,4,LR,0,0
19512,4,LR,0,0
19518,4,LR,0,1
19527,4,LR,0,0
19532,4,LR,0,0
19542,4,LR,0,0
19545,4,LR,0,0
19555,4,LR,0,0
19559,4,LR,0,0
19560,4,LR,0,0
19562,4,LR,0,0
19567,4,LR,1,0
19568,4,LR,0,0
19573,4,LR,0,0
19574,4,LR,0,0
19575,4,LR,0,0
19578,4,LR,0,0
19581,4,LR,1,1
19583,4,LR,0,0
19594,4,LR,0,0
19598,4,LR,0,0
19612,4,LR,1,1
19613,4,LR,0,0
19615,4,LR,0,0
19617,4,LR,0,0
19618,4,LR,0,0
19632,4,LR,0,0
19636,4,LR,0,0
19647,4,LR,0,0
19656,4,LR,0,0
19657,4,LR,0,0
19664,4,LR,0,0
19673,4,LR,0,0
19678,4,LR,0,0
19685,4,LR,0,0
19690,4,LR,0,0
19693,4,LR,0,0
19695,4,LR,0,0
19704,4,LR,0,0
19717,4,LR,0,0
19725,4,LR,0,0
19726,4,LR,0,0
19727,4,LR,0,0
19728,4,LR,0,0
19730,4,LR,1,1
19733,4,LR,0,0
19740,4,LR,0,0
19742,4,LR,0,0
19744,4,LR,0,0
19748,4,LR,0,0
19777,4,LR,1,1
19786,4,LR,0,1
19787,4,LR,0,0
19788,4,LR,0,0
19789,4,LR,0,0
19793,4,LR,0,0
19797,4,LR,0,0
19799,4,LR,0,0
19802,4,LR,1,1
19806,4,LR,0,0
19810,4,LR,0,0
19812,4,LR,0,0
19815,4,LR,0,0
19819,4,LR,0,0
19821,4,LR,1,1
19823,4,LR,1,1
19835,4,LR,0,0
19842,4,LR,0,0
19844,4,LR,0,0
19847,4,LR,0,0
19849,4,LR,0,0
19858,4,LR,0,0
19864,4,LR,0,0
19868,4,LR,0,0
19872,4,LR,0,0
19875,4,LR,0,0
19879,4,LR,0,0
19884,4,LR,1,1
19887,4,LR,1,0
19892,4,LR,0,0
19893,4,LR,0,0
19906,4,LR,0,0
19907,4,LR,0,0
19909,4,LR,1,1
19920,4,LR,0,0
19928,4,LR,0,0
19936,4,LR,0,0
19939,4,LR,0,0
19948,4,LR,0,1
19949,4,LR,0,0
19953,4,LR,0,0
19958,4,LR,0,0
19963,4,LR,0,0
19965,4,LR,0,0
19970,4,LR,0,0
19978,4,LR,0,0
19987,4,LR,0,0
19989,4,LR,0,0
19992,4,LR,0,0
19993,4,LR,0,0
20001,4,LR,0,0
20006,4,LR,0,0
20010,4,LR,0,0
20017,4,LR,1,1
20018,4,LR,0,0
20019,4,LR,0,0
20020,4,LR,0,0
20024,4,LR,0,0
20029,4,LR,0,0
20030,4,LR,0,0
20033,4,LR,1,1
20047,4,LR,0,0
20054,4,LR,0,0
20061,4,LR,0,0
20064,4,LR,0,0
20065,4,LR,0,0
20066,4,LR,0,0
20073,4,LR,0,0
20077,4,LR,0,0
20081,4,LR,0,0
20083,4,LR,0,0
20088,4,LR,0,0
20104,4,LR,0,0
20109,4,LR,0,1
20110,4,LR,0,0
0,5,RF,0,0
18,5,RF,0,0
21,5,RF,1,0
22,5,RF,0,0
24,5,RF,0,0
25,5,RF,0,0
28,5,RF,1,1
35,5,RF,0,0
41,5,RF,0,0
43,5,RF,0,0
46,5,RF,0,0
47,5,RF,0,0
48,5,RF,0,0
52,5,RF,0,0
58,5,RF,0,0
60,5,RF,0,0
68,5,RF,0,0
70,5,RF,0,0
75,5,RF,0,0
76,5,RF,0,1
77,5,RF,0,0
84,5,RF,0,0
94,5,RF,0,0
99,5,RF,0,0
100,5,RF,0,0
101,5,RF,0,0
109,5,RF,0,0
113,5,RF,0,0
116,5,RF,0,0
128,5,RF,0,0
134,5,RF,0,0
138,5,RF,0,0
139,5,RF,0,0
144,5,RF,0,0
146,5,RF,1,0
157,5,RF,1,1
161,5,RF,1,0
175,5,RF,0,0
180,5,RF,1,1
185,5,RF,0,0
188,5,RF,1,1
189,5,RF,0,0
191,5,RF,0,0
197,5,RF,0,1
204,5,RF,0,0
206,5,RF,0,0
216,5,RF,0,0
219,5,RF,0,0
220,5,RF,0,0
230,5,RF,0,0
232,5,RF,0,0
233,5,RF,0,0
236,5,RF,0,0
238,5,RF,0,0
243,5,RF,0,0
245,5,RF,0,0
248,5,RF,0,0
260,5,RF,0,0
273,5,RF,0,0
279,5,RF,0,0
281,5,RF,0,0
286,5,RF,0,0
290,5,RF,0,0
295,5,RF,0,0
299,5,RF,0,0
305,5,RF,0,0
312,5,RF,0,0
319,5,RF,0,0
347,5,RF,1,1
349,5,RF,0,0
350,5,RF,0,0
359,5,RF,1,1
360,5,RF,0,0
363,5,RF,0,0
365,5,RF,0,0
366,5,RF,0,0
374,5,RF,0,0
378,5,RF,0,0
380,5,RF,0,0
385,5,RF,0,0
387,5,RF,0,0
390,5,RF,0,0
396,5,RF,0,0
399,5,RF,1,1
420,5,RF,0,0
421,5,RF,0,0
422,5,RF,0,0
425,5,RF,0,0
430,5,RF,0,0
435,5,RF,0,0
439,5,RF,0,0
444,5,RF,0,0
451,5,RF,0,0
455,5,RF,0,0
456,5,RF,1,1
459,5,RF,0,0
460,5,RF,0,0
461,5,RF,0,0
465,5,RF,0,0
469,5,RF,0,0
471,5,RF,1,1
475,5,RF,0,0
476,5,RF,0,0
480,5,RF,0,0
482,5,RF,0,0
483,5,RF,0,0
490,5,RF,0,0
500,5,RF,0,0
504,5,RF,0,0
506,5,RF,0,0
508,5,RF,1,1
519,5,RF,0,0
523,5,RF,0,0
525,5,RF,0,0
531,5,RF,0,0
532,5,RF,0,0
535,5,RF,0,0
544,5,RF,0,0
545,5,RF,0,0
547,5,RF,0,0
556,5,RF,0,0
558,5,RF,0,0
562,5,RF,0,0
563,5,RF,0,0
565,5,RF,0,0
573,5,RF,1,1
576,5,RF,0,0
577,5,RF,0,0
581,5,RF,0,0
582,5,RF,0,0
588,5,RF,0,0
597,5,RF,0,0
601,5,RF,0,0
607,5,RF,0,0
609,5,RF,0,0
610,5,RF,0,0
611,5,RF,0,0
613,5,RF,0,0
618,5,RF,0,0
620,5,RF,0,0
621,5,RF,0,0
623,5,RF,0,0
627,5,RF,0,0
630,5,RF,0,0
634,5,RF,0,0
639,5,RF,1,0
647,5,RF,0,0
651,5,RF,0,0
668,5,RF,0,1
676,5,RF,0,0
684,5,RF,0,0
697,5,RF,0,0
716,5,RF,0,0
719,5,RF,0,0
720,5,RF,0,0
728,5,RF,0,0
732,5,RF,0,1
733,5,RF,0,1
746,5,RF,0,0
749,5,RF,0,0
759,5,RF,0,0
778,5,RF,1,1
782,5,RF,0,0
785,5,RF,0,0
787,5,RF,0,0
789,5,RF,0,0
795,5,RF,0,0
797,5,RF,0,0
801,5,RF,0,0
803,5,RF,0,0
815,5,RF,0,0
818,5,RF,0,0
826,5,RF,1,1
834,5,RF,0,0
841,5,RF,0,0
846,5,RF,0,0
847,5,RF,0,0
850,5,RF,0,0
857,5,RF,0,0
863,5,RF,0,1
869,5,RF,0,0
875,5,RF,1,1
880,5,RF,0,0
882,5,RF,0,0
886,5,RF,0,0
887,5,RF,0,0
890,5,RF,0,0
893,5,RF,0,0
897,5,RF,0,0
911,5,RF,0,0
921,5,RF,0,0
926,5,RF,0,0
934,5,RF,0,0
937,5,RF,0,0
939,5,RF,0,0
942,5,RF,0,0
943,5,RF,0,0
945,5,RF,1,1
949,5,RF,0,0
953,5,RF,0,0
956,5,RF,0,0
969,5,RF,0,0
972,5,RF,0,0
987,5,RF,1,1
989,5,RF,0,0
1002,5,RF,0,0
1008,5,RF,0,0
1010,5,RF,0,0
1012,5,RF,0,0
1014,5,RF,0,0
1016,5,RF,1,1
1018,5,RF,1,1
1020,5,RF,0,0
1033,5,RF,0,0
1035,5,RF,0,0
1036,5,RF,0,0
1037,5,RF,0,0
1039,5,RF,0,0
1043,5,RF,0,0
1044,5,RF,0,0
1046,5,RF,0,0
1048,5,RF,0,0
1055,5,RF,0,0
1057,5,RF,1,1
1058,5,RF,0,0
1060,5,RF,0,0
1061,5,RF,0,0
1064,5,RF,1,0
1069,5,RF,0,0
1082,5,RF,0,0
1085,5,RF,0,0
1097,5,RF,0,0
1101,5,RF,0,0
1103,5,RF,0,0
1104,5,RF,0,0
1105,5,RF,0,0
1110,5,RF,0,0
1116,5,RF,0,0
1121,5,RF,1,1
1133,5,RF,0,0
1135,5,RF,0,0
1136,5,RF,1,1
1138,5,RF,0,0
1149,5,RF,0,0
1155,5,RF,0,0
1159,5,RF,1,1
1160,5,RF,0,0
1167,5,RF,0,0
1171,5,RF,0,0
1173,5,RF,0,0
1180,5,RF,0,0
1191,5,RF,0,0
1193,5,RF,0,0
1198,5,RF,0,0
1202,5,RF,1,1
1205,5,RF,0,0
1206,5,RF,0,0
1210,5,RF,0,0
1214,5,RF,0,0
1216,5,RF,0,0
1227,5,RF,0,0
1239,5,RF,0,0
1241,5,RF,0,0
1244,5,RF,0,0
1248,5,RF,0,0
1261,5,RF,0,0
1263,5,RF,0,0
1266,5,RF,0,0
1274,5,RF,0,0
1277,5,RF,0,0
1281,5,RF,1,0
1286,5,RF,0,1
1294,5,RF,1,1
1295,5,RF,1,1
1300,5,RF,0,0
1314,5,RF,0,0
1315,5,RF,0,0
1318,5,RF,0,0
1327,5,RF,0,0
1329,5,RF,0,0
1332,5,RF,0,0
1335,5,RF,0,0
1358,5,RF,0,0
1361,5,RF,0,0
1362,5,RF,0,0
1364,5,RF,1,1
1368,5,RF,0,0
1387,5,RF,0,0
1390,5,RF,1,1
1395,5,RF,0,0
1397,5,RF,0,0
1404,5,RF,1,0
1408,5,RF,0,0
1412,5,RF,0,0
1413,5,RF,0,0
1423,5,RF,0,0
1424,5,RF,0,1
1435,5,RF,0,0
1436,5,RF,0,0
1439,5,RF,0,0
1441,5,RF,0,0
1449,5,RF,0,0
1450,5,RF,0,0
1457,5,RF,0,0
1461,5,RF,0,0
1465,5,RF,1,1
1470,5,RF,0,0
1472,5,RF,0,0
1476,5,RF,0,0
1478,5,RF,0,0
1490,5,RF,0,0
1496,5,RF,0,0
1514,5,RF,0,0
1515,5,RF,0,0
1516,5,RF,0,0
1525,5,RF,0,0
1533,5,RF,0,0
1534,5,RF,0,0
1535,5,RF,0,0
1542,5,RF,0,0
1553,5,RF,1,0
1556,5,RF,0,0
1564,5,RF,0,0
1569,5,RF,0,0
1570,5,RF,1,0
1575,5,RF,0,0
1578,5,RF,0,0
1586,5,RF,0,0
1599,5,RF,0,0
1607,5,RF,1,1
1610,5,RF,0,0
1614,5,RF,0,0
1619,5,RF,1,1
1630,5,RF,0,0
1636,5,RF,0,0
1644,5,RF,0,0
1653,5,RF,0,0
1655,5,RF,0,0
1662,5,RF,0,0
1663,5,RF,0,0
1670,5,RF,0,0
1678,5,RF,1,1
1680,5,RF,0,0
1684,5,RF,0,0
1685,5,RF,0,0
1695,5,RF,0,0
1708,5,RF,0,0
1713,5,RF,0,0
1717,5,RF,0,0
1719,5,RF,0,0
1731,5,RF,0,0
1733,5,RF,1,1
1738,5,RF,0,0
1740,5,RF,1,1
1741,5,RF,0,0
1755,5,RF,0,0
1790,5,RF,0,0
1791,5,RF,0,0
1792,5,RF,0,0
1795,5,RF,0,0
1798,5,RF,0,0
1800,5,RF,0,0
1801,5,RF,0,0
1808,5,RF,0,0
1810,5,RF,0,0
1811,5,RF,0,0
1812,5,RF,0,0
1815,5,RF,0,0
1829,5,RF,0,0
1840,5,RF,0,0
1843,5,RF,0,0
1850,5,RF,0,0
1859,5,RF,0,0
1872,5,RF,0,0
1883,5,RF,0,0
1886,5,RF,0,0
1897,5,RF,0,1
1899,5,RF,0,0
1902,5,RF,0,0
1905,5,RF,0,0
1906,5,RF,0,0
1913,5,RF,0,0
1918,5,RF,0,0
1919,5,RF,1,1
1921,5,RF,0,0
1922,5,RF,1,1
1929,5,RF,0,0
1930,5,RF,0,0
1934,5,RF,0,0
1945,5,RF,0,0
1947,5,RF,0,0
1949,5,RF,0,0
1954,5,RF,0,0
1958,5,RF,1,1
1960,5,RF,0,0
1972,5,RF,0,0
1973,5,RF,0,0
1992,5,RF,1,1
1998,5,RF,0,0
2000,5,RF,0,0
2001,5,RF,1,1
2003,5,RF,0,0
2006,5,RF,0,0
2007,5,RF,0,0
2017,5,RF,0,0
2019,5,RF,0,0
2021,5,RF,0,0
2028,5,RF,1,1
2034,5,RF,0,0
2035,5,RF,0,0
2036,5,RF,0,0
2039,5,RF,0,0
2048,5,RF,0,0
2052,5,RF,0,0
2054,5,RF,0,0
2058,5,RF,0,0
2060,5,RF,0,0
2065,5,RF,0,0
2077,5,RF,0,0
2093,5,RF,0,0
2095,5,RF,0,0
2101,5,RF,0,0
2103,5,RF,0,0
2104,5,RF,0,0
2113,5,RF,0,0
2114,5,RF,0,0
2122,5,RF,1,0
2125,5,RF,0,0
2127,5,RF,0,0
2128,5,RF,0,0
2131,5,RF,0,0
2142,5,RF,0,0
2150,5,RF,0,0
2158,5,RF,0,0
2162,5,RF,0,0
2168,5,RF,0,0
2171,5,RF,0,0
2180,5,RF,0,0
2189,5,RF,0,0
2191,5,RF,0,0
2193,5,RF,0,0
2203,5,RF,0,0
2204,5,RF,0,0
2205,5,RF,1,1
2209,5,RF,0,1
2216,5,RF,0,0
2220,5,RF,0,0
2224,5,RF,0,0
2228,5,RF,1,1
2235,5,RF,0,0
2249,5,RF,1,1
2252,5,RF,0,0
2258,5,RF,0,0
2259,5,RF,1,1
2262,5,RF,0,0
2263,5,RF,0,0
2265,5,RF,0,0
2276,5,RF,0,0
2277,5,RF,0,0
2282,5,RF,0,0
2287,5,RF,1,1
2292,5,RF,0,0
2294,5,RF,0,0
2301,5,RF,0,0
2305,5,RF,0,0
2310,5,RF,0,0
2312,5,RF,0,0
2329,5,RF,0,0
2335,5,RF,1,1
2336,5,RF,0,0
2350,5,RF,1,0
2354,5,RF,0,0
2361,5,RF,1,1
2365,5,RF,0,0
2367,5,RF,0,0
2368,5,RF,1,1
2372,5,RF,0,0
2373,5,RF,0,0
2382,5,RF,1,1
2383,5,RF,0,0
2384,5,RF,0,0
2385,5,RF,0,0
2386,5,RF,0,0
2388,5,RF,0,0
2389,5,RF,0,0
2391,5,RF,1,0
2401,5,RF,1,1
2408,5,RF,0,0
2413,5,RF,0,0
2430,5,RF,0,0
2435,5,RF,0,0
2438,5,RF,0,0
2440,5,RF,0,0
2450,5,RF,0,0
2460,5,RF,0,0
2467,5,RF,0,0
2470,5,RF,0,0
2474,5,RF,0,0
2476,5,RF,0,0
2477,5,RF,0,0
2481,5,RF,0,0
2498,5,RF,0,0
2501,5,RF,0,0
2508,5,RF,0,0
2514,5,RF,0,0
2517,5,RF,1,0
2518,5,RF,0,0
2527,5,RF,0,0
2531,5,RF,0,0
2537,5,RF,0,0
2555,5,RF,0,0
2574,5,RF,0,0
2582,5,RF,0,0
2588,5,RF,0,0
2592,5,RF,1,1
2605,5,RF,0,0
2610,5,RF,0,0
2621,5,RF,0,0
2631,5,RF,1,1
2635,5,RF,0,0
2639,5,RF,1,1
2649,5,RF,0,0
2650,5,RF,1,1
2651,5,RF,0,0
2653,5,RF,0,0
2658,5,RF,0,0
2659,5,RF,0,0
2661,5,RF,1,1
2665,5,RF,0,0
2678,5,RF,0,0
2681,5,RF,0,0
2687,5,RF,0,0
2705,5,RF,0,0
2712,5,RF,0,0
2713,5,RF,0,0
2718,5,RF,0,0
2731,5,RF,0,0
2739,5,RF,0,0
2746,5,RF,0,0
2751,5,RF,0,0
2752,5,RF,0,0
2755,5,RF,1,1
2756,5,RF,0,0
2757,5,RF,0,0
2759,5,RF,0,0
2762,5,RF,0,0
2764,5,RF,0,0
2766,5,RF,0,0
2771,5,RF,0,0
2786,5,RF,0,0
2790,5,RF,0,0
2792,5,RF,1,1
2796,5,RF,0,0
2800,5,RF,0,0
2804,5,RF,0,0
2805,5,RF,0,0
2810,5,RF,0,0
2818,5,RF,1,1
2826,5,RF,0,0
2833,5,RF,1,1
2848,5,RF,1,1
2876,5,RF,0,0
2887,5,RF,0,0
2894,5,RF,0,0
2895,5,RF,0,0
2899,5,RF,0,0
2901,5,RF,0,0
2902,5,RF,1,1
2907,5,RF,1,1
2917,5,RF,0,0
2921,5,RF,0,0
2926,5,RF,0,0
2927,5,RF,0,0
2930,5,RF,0,0
2931,5,RF,0,0
2944,5,RF,1,1
2947,5,RF,0,0
2952,5,RF,0,0
2955,5,RF,0,0
2956,5,RF,0,0
2958,5,RF,1,1
2970,5,RF,0,0
2971,5,RF,0,0
2973,5,RF,0,0
2983,5,RF,1,1
2986,5,RF,0,0
2987,5,RF,1,1
2992,5,RF,0,0
2993,5,RF,0,0
3007,5,RF,0,0
3010,5,RF,0,0
3011,5,RF,0,0
3019,5,RF,0,0
3035,5,RF,0,0
3044,5,RF,0,0
3045,5,RF,0,0
3050,5,RF,0,0
3051,5,RF,0,0
3052,5,RF,0,0
3054,5,RF,0,0
3056,5,RF,0,0
3059,5,RF,0,0
3061,5,RF,0,0
3063,5,RF,1,0
3072,5,RF,0,0
3073,5,RF,0,0
3074,5,RF,1,1
3076,5,RF,0,0
3096,5,RF,0,0
3098,5,RF,0,0
3111,5,RF,0,0
3114,5,RF,0,0
3116,5,RF,0,0
3121,5,RF,0,0
3125,5,RF,0,0
3128,5,RF,0,0
3135,5,RF,0,0
3138,5,RF,1,1
3140,5,RF,0,0
3143,5,RF,0,0
3146,5,RF,0,0
3150,5,RF,0,0
3155,5,RF,0,0
3157,5,RF,0,0
3168,5,RF,1,1
3175,5,RF,0,0
3180,5,RF,0,0
3184,5,RF,0,0
3185,5,RF,0,0
3193,5,RF,0,0
3202,5,RF,0,0
3204,5,RF,0,0
3207,5,RF,0,0
3218,5,RF,0,0
3226,5,RF,0,0
3230,5,RF,0,0
3231,5,RF,0,0
3234,5,RF,0,0
3235,5,RF,0,0
3236,5,RF,0,0
3246,5,RF,0,0
3247,5,RF,0,0
3248,5,RF,0,0
3250,5,RF,0,0
3267,5,RF,0,0
3270,5,RF,0,0
3272,5,RF,0,0
3276,5,RF,0,0
3283,5,RF,0,0
3294,5,RF,0,0
3296,5,RF,0,0
3298,5,RF,0,0
3301,5,RF,0,0
3307,5,RF,0,0
3314,5,RF,0,0
3317,5,RF,0,0
3320,5,RF,1,1
3338,5,RF,0,0
3341,5,RF,0,0
3352,5,RF,0,0
3374,5,RF,1,1
3375,5,RF,0,0
3377,5,RF,0,0
3385,5,RF,0,0
3390,5,RF,0,0
3399,5,RF,0,0
3400,5,RF,0,0
3404,5,RF,0,0
3406,5,RF,0,0
3408,5,RF,0,0
3409,5,RF,0,0
3414,5,RF,0,0
3422,5,RF,0,0
3429,5,RF,0,0
3435,5,RF,0,0
3439,5,RF,0,0
3440,5,RF,0,0
3442,5,RF,0,0
3444,5,RF,0,0
3447,5,RF,0,0
3454,5,RF,0,0
3459,5,RF,1,1
3467,5,RF,0,0
3469,5,RF,1,1
3470,5,RF,1,1
3474,5,RF,0,0
3476,5,RF,0,0
3479,5,RF,0,0
3486,5,RF,0,0
3490,5,RF,0,0
3503,5,RF,0,0
3506,5,RF,1,1
3513,5,RF,0,0
3516,5,RF,0,0
3517,5,RF,0,0
3520,5,RF,0,0
3522,5,RF,0,0
3534,5,RF,0,0
3535,5,RF,0,0
3540,5,RF,0,0
3542,5,RF,0,0
3552,5,RF,0,0
3555,5,RF,1,1
3561,5,RF,0,0
3571,5,RF,0,0
3572,5,RF,0,0
3574,5,RF,0,0
3592,5,RF,0,0
3593,5,RF,0,0
3604,5,RF,0,0
3605,5,RF,0,0
3606,5,RF,0,0
3621,5,RF,0,0
3622,5,RF,0,0
3625,5,RF,0,0
3632,5,RF,0,0
3634,5,RF,0,0
3637,5,RF,0,0
3639,5,RF,0,0
3640,5,RF,0,0
3647,5,RF,0,0
3650,5,RF,1,0
3651,5,RF,0,0
3653,5,RF,0,0
3656,5,RF,0,0
3667,5,RF,0,1
3671,5,RF,0,0
3673,5,RF,0,0
3676,5,RF,1,0
3679,5,RF,1,1
3682,5,RF,0,0
3683,5,RF,1,1
3685,5,RF,0,0
3689,5,RF,0,0
3690,5,RF,1,1
3695,5,RF,0,0
3705,5,RF,0,0
3709,5,RF,0,0
3715,5,RF,0,0
3721,5,RF,1,1
3722,5,RF,0,0
3723,5,RF,0,0
3726,5,RF,0,0
3738,5,RF,0,0
3745,5,RF,0,0
3750,5,RF,0,0
3753,5,RF,0,0
3756,5,RF,1,1
3758,5,RF,0,0
3762,5,RF,0,0
3763,5,RF,0,0
3764,5,RF,0,0
3765,5,RF,1,1
3766,5,RF,0,0
3768,5,RF,0,0
3770,5,RF,1,1
3771,5,RF,0,0
3772,5,RF,0,0
3779,5,RF,0,0
3793,5,RF,0,0
3796,5,RF,0,0
3806,5,RF,0,0
3808,5,RF,0,0
3809,5,RF,0,0
3815,5,RF,0,0
3823,5,RF,0,0
3824,5,RF,0,0
3826,5,RF,0,0
3827,5,RF,0,0
3836,5,RF,0,0
3844,5,RF,0,0
3845,5,RF,0,0
3846,5,RF,0,0
3850,5,RF,0,0
3853,5,RF,0,0
3859,5,RF,0,0
3871,5,RF,1,1
3872,5,RF,0,0
3875,5,RF,0,0
3887,5,RF,1,1
3889,5,RF,0,0
3891,5,RF,0,0
3893,5,RF,0,0
3894,5,RF,0,0
3909,5,RF,0,0
3915,5,RF,0,0
3923,5,RF,0,0
3924,5,RF,0,0
3926,5,RF,0,0
3927,5,RF,0,0
3946,5,RF,0,0
3955,5,RF,0,0
3962,5,RF,0,0
3968,5,RF,1,1
3991,5,RF,0,0
4005,5,RF,0,0
4025,5,RF,1,1
4029,5,RF,0,0
4038,5,RF,0,0
4039,5,RF,0,0
4051,5,RF,0,0
4052,5,RF,0,0
4053,5,RF,0,0
4055,5,RF,0,0
4074,5,RF,0,0
4075,5,RF,0,0
4077,5,RF,0,0
4079,5,RF,1,1
4081,5,RF,0,0
4084,5,RF,0,0
4085,5,RF,0,0
4089,5,RF,0,0
4090,5,RF,0,0
4091,5,RF,0,0
4096,5,RF,0,0
4101,5,RF,1,1
4102,5,RF,1,1
4105,5,RF,0,0
4111,5,RF,0,0
4122,5,RF,1,1
4123,5,RF,0,0
4128,5,RF,0,0
4130,5,RF,0,0
4143,5,RF,0,0
4144,5,RF,0,0
4154,5,RF,0,0
4155,5,RF,0,0
4156,5,RF,0,0
4168,5,RF,0,0
4170,5,RF,0,0
4171,5,RF,0,0
4172,5,RF,0,0
4175,5,RF,0,0
4176,5,RF,0,0
4179,5,RF,0,0
4183,5,RF,0,0
4184,5,RF,0,0
4200,5,RF,1,1
4210,5,RF,0,0
4218,5,RF,0,0
4219,5,RF,0,0
4223,5,RF,0,0
4230,5,RF,0,0
4231,5,RF,0,0
4233,5,RF,0,0
4251,5,RF,0,0
4252,5,RF,0,0
4255,5,RF,0,0
4262,5,RF,0,0
4270,5,RF,0,0
4272,5,RF,0,1
4278,5,RF,0,0
4285,5,RF,0,0
4287,5,RF,0,0
4289,5,RF,1,1
4299,5,RF,0,0
4303,5,RF,0,0
4306,5,RF,0,0
4313,5,RF,0,0
4315,5,RF,1,1
4318,5,RF,1,1
4319,5,RF,0,0
4323,5,RF,0,0
4330,5,RF,0,0
4332,5,RF,0,0
4344,5,RF,0,0
4346,5,RF,0,0
4351,5,RF,0,0
4355,5,RF,0,1
4362,5,RF,0,1
4366,5,RF,0,0
4374,5,RF,1,1
4376,5,RF,1,1
4377,5,RF,0,0
4388,5,RF,0,0
4404,5,RF,1,0
4405,5,RF,0,0
4423,5,RF,0,0
4425,5,RF,0,0
4426,5,RF,1,1
4433,5,RF,0,0
4437,5,RF,0,0
4443,5,RF,0,0
4449,5,RF,0,0
4461,5,RF,0,0
4472,5,RF,1,0
4474,5,RF,0,0
4478,5,RF,0,0
4485,5,RF,0,0
4492,5,RF,0,0
4506,5,RF,0,0
4509,5,RF,0,0
4511,5,RF,0,0
4512,5,RF,0,0
4521,5,RF,0,0
4530,5,RF,0,0
4538,5,RF,0,0
4542,5,RF,0,0
4547,5,RF,0,0
4555,5,RF,0,0
4560,5,RF,1,0
4562,5,RF,0,0
4564,5,RF,0,0
4574,5,RF,0,0
4579,5,RF,0,0
4580,5,RF,0,0
4581,5,RF,0,0
4585,5,RF,0,0
4597,5,RF,0,0
4603,5,RF,0,0
4605,5,RF,0,0
4607,5,RF,0,0
4611,5,RF,0,0
4612,5,RF,0,0
4623,5,RF,0,0
4627,5,RF,1,1
4628,5,RF,0,0
4635,5,RF,0,0
4644,5,RF,0,0
4648,5,RF,0,0
4651,5,RF,0,0
4657,5,RF,0,0
4661,5,RF,0,0
4662,5,RF,1,1
4663,5,RF,0,0
4666,5,RF,0,0
4668,5,RF,0,0
4672,5,RF,0,0
4676,5,RF,0,0
4677,5,RF,1,1
4678,5,RF,1,0
4682,5,RF,0,0
4695,5,RF,0,0
4696,5,RF,0,0
4700,5,RF,1,0
4701,5,RF,0,0
4705,5,RF,0,0
4706,5,RF,0,0
4708,5,RF,0,0
4728,5,RF,1,1
4736,5,RF,0,0
4739,5,RF,1,0
4742,5,RF,0,0
4743,5,RF,0,0
4744,5,RF,1,0
4749,5,RF,0,0
4750,5,RF,0,0
4753,5,RF,0,0
4758,5,RF,1,0
4767,5,RF,0,0
4769,5,RF,1,1
4770,5,RF,0,0
4771,5,RF,0,0
4772,5,RF,0,0
4782,5,RF,1,1
4787,5,RF,0,0
4788,5,RF,0,0
4793,5,RF,0,0
4805,5,RF,0,0
4815,5,RF,0,0
4816,5,RF,0,0
4817,5,RF,0,0
4818,5,RF,1,0
4830,5,RF,0,0
4833,5,RF,1,1
4839,5,RF,0,0
4844,5,RF,0,0
4845,5,RF,1,1
4848,5,RF,0,0
4869,5,RF,0,0
4878,5,RF,1,1
4881,5,RF,0,0
4887,5,RF,0,0
4891,5,RF,0,0
4892,5,RF,1,1
4894,5,RF,0,0
4895,5,RF,0,0
4897,5,RF,1,1
4906,5,RF,1,0
4915,5,RF,0,0
4920,5,RF,0,0
4921,5,RF,0,0
4923,5,RF,0,0
4925,5,RF,0,0
4934,5,RF,0,0
4936,5,RF,0,0
4941,5,RF,0,0
4947,5,RF,0,0
4952,5,RF,1,1
4955,5,RF,0,0
4958,5,RF,0,0
4971,5,RF,0,0
4982,5,RF,0,1
4985,5,RF,1,1
4986,5,RF,0,0
4988,5,RF,0,0
4989,5,RF,0,0
4993,5,RF,0,0
4998,5,RF,0,0
4999,5,RF,1,1
5002,5,RF,0,0
5003,5,RF,0,0
5004,5,RF,0,0
5005,5,RF,0,0
5012,5,RF,0,0
5015,5,RF,0,0
5025,5,RF,0,0
5028,5,RF,0,0
5034,5,RF,1,1
5046,5,RF,0,0
5070,5,RF,0,0
5083,5,RF,0,0
5085,5,RF,0,0
5088,5,RF,0,0
5090,5,RF,0,0
5099,5,RF,0,0
5101,5,RF,0,0
5105,5,RF,0,0
5106,5,RF,0,0
5109,5,RF,0,0
5111,5,RF,0,1
5113,5,RF,0,0
5116,5,RF,0,0
5119,5,RF,0,0
5122,5,RF,0,0
5127,5,RF,0,0
5134,5,RF,0,0
5135,5,RF,0,0
5136,5,RF,0,0
5146,5,RF,0,0
5158,5,RF,0,0
5163,5,RF,0,0
5171,5,RF,0,0
5175,5,RF,1,1
5177,5,RF,0,0
5188,5,RF,0,0
5189,5,RF,1,1
5196,5,RF,0,0
5199,5,RF,0,0
5204,5,RF,0,0
5212,5,RF,0,0
5213,5,RF,0,0
5215,5,RF,0,0
5218,5,RF,0,0
5219,5,RF,0,0
5221,5,RF,0,0
5243,5,RF,0,0
5244,5,RF,0,0
5248,5,RF,0,0
5250,5,RF,0,0
5251,5,RF,0,0
5252,5,RF,0,0
5255,5,RF,0,0
5260,5,RF,0,0
5262,5,RF,0,0
5264,5,RF,0,0
5265,5,RF,0,0
5268,5,RF,0,0
5273,5,RF,0,0
5276,5,RF,0,0
5283,5,RF,0,0
5286,5,RF,0,0
5288,5,RF,0,0
5295,5,RF,0,0
5300,5,RF,1,1
5303,5,RF,0,0
5310,5,RF,0,0
5315,5,RF,0,0
5323,5,RF,0,0
5326,5,RF,0,0
5328,5,RF,0,0
5335,5,RF,0,0
5336,5,RF,0,0
5338,5,RF,0,1
5345,5,RF,0,0
5352,5,RF,0,0
5357,5,RF,0,0
5368,5,RF,1,1
5369,5,RF,0,0
5370,5,RF,0,1
5378,5,RF,0,0
5382,5,RF,0,0
5384,5,RF,0,0
5385,5,RF,0,0
5400,5,RF,0,0
5404,5,RF,0,0
5414,5,RF,0,0
5417,5,RF,0,0
5420,5,RF,0,0
5421,5,RF,0,0
5429,5,RF,0,0
5435,5,RF,0,0
5441,5,RF,0,0
5443,5,RF,0,0
5461,5,RF,0,0
5462,5,RF,0,0
5463,5,RF,0,0
5477,5,RF,0,0
5478,5,RF,0,0
5488,5,RF,0,0
5489,5,RF,0,0
5493,5,RF,0,0
5494,5,RF,0,0
5496,5,RF,0,0
5498,5,RF,0,0
5501,5,RF,0,0
5502,5,RF,0,0
5516,5,RF,0,0
5518,5,RF,0,0
5520,5,RF,0,0
5525,5,RF,0,0
5526,5,RF,0,0
5535,5,RF,0,0
5537,5,RF,0,0
5541,5,RF,0,0
5546,5,RF,0,0
5550,5,RF,0,0
5553,5,RF,0,0
5555,5,RF,0,0
5560,5,RF,0,0
5561,5,RF,0,0
5566,5,RF,0,0
5568,5,RF,0,1
5578,5,RF,0,0
5580,5,RF,0,0
5600,5,RF,0,0
5603,5,RF,0,0
5608,5,RF,0,0
5609,5,RF,0,0
5610,5,RF,0,0
5619,5,RF,0,0
5628,5,RF,1,1
5630,5,RF,0,0
5634,5,RF,0,0
5636,5,RF,0,0
5639,5,RF,0,0
5640,5,RF,0,0
5650,5,RF,0,0
5662,5,RF,1,1
5665,5,RF,0,0
5670,5,RF,1,0
5678,5,RF,0,0
5680,5,RF,0,0
5689,5,RF,0,0
5690,5,RF,0,0
5696,5,RF,0,0
5697,5,RF,0,0
5702,5,RF,0,0
5704,5,RF,1,1
5711,5,RF,0,0
5719,5,RF,0,0
5728,5,RF,0,0
5729,5,RF,0,0
5736,5,RF,0,0
5743,5,RF,0,0
5744,5,RF,0,0
5745,5,RF,0,0
5764,5,RF,0,0
5767,5,RF,1,0
5769,5,RF,0,0
5771,5,RF,1,1
5772,5,RF,0,0
5773,5,RF,0,0
5775,5,RF,0,0
5786,5,RF,0,0
5801,5,RF,0,0
5803,5,RF,0,0
5805,5,RF,1,1
5823,5,RF,0,0
5824,5,RF,0,0
5831,5,RF,0,0
5832,5,RF,0,0
5836,5,RF,0,0
5840,5,RF,0,0
5849,5,RF,0,0
5862,5,RF,0,0
5863,5,RF,0,0
5868,5,RF,0,0
5873,5,RF,0,0
5883,5,RF,0,0
5888,5,RF,1,1
5896,5,RF,0,0
5897,5,RF,0,0
5903,5,RF,0,0
5905,5,RF,0,0
5906,5,RF,0,0
5907,5,RF,0,0
5919,5,RF,0,0
5920,5,RF,0,0
5923,5,RF,0,0
5934,5,RF,0,0
5944,5,RF,0,0
5948,5,RF,0,0
5950,5,RF,0,0
5952,5,RF,0,0
5959,5,RF,0,0
5964,5,RF,0,0
5965,5,RF,1,0
5970,5,RF,1,1
5972,5,RF,1,1
5974,5,RF,0,0
5976,5,RF,0,0
5980,5,RF,1,0
5985,5,RF,0,0
5989,5,RF,0,0
5992,5,RF,0,0
6005,5,RF,0,0
6020,5,RF,0,0
6024,5,RF,1,0
6035,5,RF,0,0
6036,5,RF,1,1
6043,5,RF,0,0
6051,5,RF,1,1
6052,5,RF,0,0
6054,5,RF,0,0
6055,5,RF,0,0
6056,5,RF,0,0
6057,5,RF,0,0
6060,5,RF,1,1
6068,5,RF,1,1
6075,5,RF,0,0
6079,5,RF,0,0
6080,5,RF,0,0
6081,5,RF,0,0
6085,5,RF,1,1
6101,5,RF,0,0
6104,5,RF,0,0
6105,5,RF,0,0
6114,5,RF,0,0
6117,5,RF,0,0
6129,5,RF,0,0
6137,5,RF,1,0
6143,5,RF,0,0
6145,5,RF,0,0
6150,5,RF,0,0
6153,5,RF,0,0
6157,5,RF,0,0
6159,5,RF,0,0
6166,5,RF,0,0
6175,5,RF,0,0
6188,5,RF,0,0
6190,5,RF,0,0
6192,5,RF,1,1
6199,5,RF,0,0
6207,5,RF,0,0
6214,5,RF,0,0
6218,5,RF,0,0
6222,5,RF,0,0
6230,5,RF,0,0
6232,5,RF,0,0
6255,5,RF,0,0
6260,5,RF,0,0
6273,5,RF,0,0
6277,5,RF,0,0
6279,5,RF,0,0
6280,5,RF,0,0
6290,5,RF,0,0
6291,5,RF,0,0
6292,5,RF,0,0
6293,5,RF,0,0
6294,5,RF,0,0
6295,5,RF,0,0
6300,5,RF,0,0
6309,5,RF,0,0
6331,5,RF,0,0
6332,5,RF,0,0
6340,5,RF,0,0
6345,5,RF,0,0
6347,5,RF,0,0
6350,5,RF,0,0
6353,5,RF,0,0
6354,5,RF,0,0
6361,5,RF,0,0
6367,5,RF,0,0
6375,5,RF,0,0
6376,5,RF,0,0
6379,5,RF,0,0
6380,5,RF,1,1
6388,5,RF,1,1
6389,5,RF,0,1
6393,5,RF,0,0
6399,5,RF,0,0
6403,5,RF,0,0
6417,5,RF,0,0
6421,5,RF,0,0
6428,5,RF,0,0
6430,5,RF,0,0
6431,5,RF,1,1
6434,5,RF,0,0
6439,5,RF,0,0
6441,5,RF,1,1
6446,5,RF,0,0
6461,5,RF,0,0
6462,5,RF,0,0
6472,5,RF,0,0
6473,5,RF,1,1
6479,5,RF,0,0
6482,5,RF,0,0
6489,5,RF,0,0
6490,5,RF,0,0
6493,5,RF,0,0
6498,5,RF,0,0
6508,5,RF,0,0
6509,5,RF,1,1
6516,5,RF,0,0
6521,5,RF,0,0
6524,5,RF,1,1
6530,5,RF,0,0
6533,5,RF,0,0
6536,5,RF,0,0
6538,5,RF,0,0
6540,5,RF,0,0
6542,5,RF,1,1
6546,5,RF,0,0
6549,5,RF,0,0
6550,5,RF,0,0
6553,5,RF,0,0
6560,5,RF,1,1
6563,5,RF,1,1
6564,5,RF,0,0
6576,5,RF,0,0
6578,5,RF,0,0
6580,5,RF,0,0
6584,5,RF,0,0
6587,5,RF,0,0
6593,5,RF,0,0
6596,5,RF,0,0
6599,5,RF,0,0
6603,5,RF,1,1
6606,5,RF,0,0
6617,5,RF,0,0
6621,5,RF,0,0
6623,5,RF,0,0
6625,5,RF,0,0
6627,5,RF,1,1
6634,5,RF,0,0
6636,5,RF,0,0
6646,5,RF,0,0
6648,5,RF,0,0
6649,5,RF,0,0
6658,5,RF,0,0
6663,5,RF,0,0
6665,5,RF,0,0
6668,5,RF,0,0
6673,5,RF,0,0
6681,5,RF,0,0
6685,5,RF,0,0
6691,5,RF,1,0
6697,5,RF,0,0
6698,5,RF,0,0
6699,5,RF,1,1
6701,5,RF,0,0
6704,5,RF,0,0
6711,5,RF,0,0
6720,5,RF,0,0
6723,5,RF,0,0
6724,5,RF,0,0
6725,5,RF,0,0
6728,5,RF,0,0
6729,5,RF,0,0
6734,5,RF,1,1
6738,5,RF,1,1
6752,5,RF,0,0
6758,5,RF,0,0
6759,5,RF,0,0
6761,5,RF,0,0
6765,5,RF,0,0
6767,5,RF,0,0
6768,5,RF,0,0
6776,5,RF,0,0
6777,5,RF,0,0
6780,5,RF,0,0
6782,5,RF,0,0
6788,5,RF,1,1
6789,5,RF,0,0
6796,5,RF,0,0
6798,5,RF,0,0
6807,5,RF,0,0
6813,5,RF,0,0
6816,5,RF,0,0
6822,5,RF,0,0
6826,5,RF,0,0
6834,5,RF,0,0
6837,5,RF,0,0
6843,5,RF,0,0
6844,5,RF,0,0
6853,5,RF,0,0
6855,5,RF,0,0
6856,5,RF,1,1
6858,5,RF,0,0
6859,5,RF,0,0
6861,5,RF,0,0
6862,5,RF,0,0
6876,5,RF,0,0
6878,5,RF,0,0
6883,5,RF,0,0
6884,5,RF,0,0
6888,5,RF,0,0
6890,5,RF,1,1
6891,5,RF,1,1
6904,5,RF,0,0
6906,5,RF,1,1
6916,5,RF,0,0
6918,5,RF,0,0
6921,5,RF,0,0
6922,5,RF,0,0
6925,5,RF,0,0
6932,5,RF,1,1
6934,5,RF,0,0
6943,5,RF,0,0
6945,5,RF,0,0
6946,5,RF,0,0
6949,5,RF,0,0
6952,5,RF,0,0
6956,5,RF,0,0
6959,5,RF,0,0
6960,5,RF,0,0
6965,5,RF,0,0
6970,5,RF,1,1
6971,5,RF,0,0
6975,5,RF,0,0
6976,5,RF,1,1
6977,5,RF,0,0
6984,5,RF,0,0
6988,5,RF,0,0
6990,5,RF,0,0
6998,5,RF,1,1
7005,5,RF,0,0
7009,5,RF,0,0
7012,5,RF,0,0
7016,5,RF,0,0
7019,5,RF,0,0
7026,5,RF,0,0
7027,5,RF,1,1
7036,5,RF,0,0
7040,5,RF,0,0
7042,5,RF,0,0
7057,5,RF,0,0
7070,5,RF,1,0
7076,5,RF,0,0
7088,5,RF,1,0
7091,5,RF,0,0
7093,5,RF,0,0
7094,5,RF,0,0
7096,5,RF,1,1
7097,5,RF,0,0
7098,5,RF,1,1
7099,5,RF,0,0
7104,5,RF,0,0
7105,5,RF,0,0
7111,5,RF,0,0
7118,5,RF,1,1
7120,5,RF,0,0
7122,5,RF,0,0
7136,5,RF,0,0
7137,5,RF,0,0
7139,5,RF,0,0
7140,5,RF,0,0
7142,5,RF,1,0
7145,5,RF,0,0
7147,5,RF,0,0
7157,5,RF,0,0
7160,5,RF,0,0
7161,5,RF,0,0
7167,5,RF,0,0
7174,5,RF,1,1
7178,5,RF,0,0
7184,5,RF,0,0
7196,5,RF,0,0
7202,5,RF,0,0
7203,5,RF,0,0
7237,5,RF,0,0
7241,5,RF,0,0
7249,5,RF,0,0
7250,5,RF,0,0
7251,5,RF,0,0
7255,5,RF,0,0
7267,5,RF,0,0
7269,5,RF,0,0
7273,5,RF,0,0
7274,5,RF,0,0
7281,5,RF,0,0
7286,5,RF,1,1
7290,5,RF,0,0
7291,5,RF,0,0
7292,5,RF,0,0
7293,5,RF,0,0
7298,5,RF,0,0
7302,5,RF,1,1
7314,5,RF,0,0
7318,5,RF,0,0
7323,5,RF,0,0
7346,5,RF,0,0
7348,5,RF,0,0
7349,5,RF,1,1
7355,5,RF,0,0
7357,5,RF,0,0
7362,5,RF,0,0
7379,5,RF,0,0
7389,5,RF,0,0
7399,5,RF,0,0
7409,5,RF,1,1
7429,5,RF,1,1
7438,5,RF,0,0
7439,5,RF,0,0
7440,5,RF,0,0
7445,5,RF,0,0
7452,5,RF,0,0
7463,5,RF,0,0
7465,5,RF,0,0
7468,5,RF,0,0
7471,5,RF,0,0
7475,5,RF,0,0
7476,5,RF,1,1
7480,5,RF,0,0
7484,5,RF,0,0
7490,5,RF,0,0
7496,5,RF,0,0
7501,5,RF,1,0
7502,5,RF,0,0
7503,5,RF,0,0
7519,5,RF,0,0
7535,5,RF,0,0
7537,5,RF,0,0
7538,5,RF,0,0
7551,5,RF,0,0
7553,5,RF,0,0
7557,5,RF,1,1
7559,5,RF,0,0
7563,5,RF,0,0
7566,5,RF,0,0
7571,5,RF,0,0
7573,5,RF,0,0
7575,5,RF,1,1
7580,5,RF,0,0
7581,5,RF,0,0
7584,5,RF,0,0
7585,5,RF,0,0
7586,5,RF,0,0
7588,5,RF,0,0
7590,5,RF,0,0
7591,5,RF,0,0
7593,5,RF,0,0
7599,5,RF,0,0
7600,5,RF,1,0
7602,5,RF,0,0
7610,5,RF,0,0
7615,5,RF,0,0
7628,5,RF,0,0
7634,5,RF,0,0
7637,5,RF,0,0
7650,5,RF,0,0
7655,5,RF,0,0
7659,5,RF,0,0
7670,5,RF,0,0
7672,5,RF,0,0
7673,5,RF,1,1
7680,5,RF,1,1
7689,5,RF,0,0
7694,5,RF,0,0
7700,5,RF,0,0
7707,5,RF,0,0
7708,5,RF,0,0
7709,5,RF,1,0
7713,5,RF,0,0
7714,5,RF,0,0
7727,5,RF,0,0
7738,5,RF,0,0
7741,5,RF,0,0
7744,5,RF,0,0
7752,5,RF,0,0
7756,5,RF,1,1
7770,5,RF,0,0
7774,5,RF,0,0
7776,5,RF,0,0
7777,5,RF,1,0
7780,5,RF,0,0
7783,5,RF,0,0
7784,5,RF,0,0
7789,5,RF,0,0
7792,5,RF,0,0
7793,5,RF,0,0
7794,5,RF,0,0
7798,5,RF,1,1
7799,5,RF,0,0
7802,5,RF,1,1
7804,5,RF,0,0
7811,5,RF,0,0
7817,5,RF,1,1
7830,5,RF,1,1
7831,5,RF,0,0
7834,5,RF,0,0
7839,5,RF,1,0
7842,5,RF,1,0
7845,5,RF,0,0
7847,5,RF,0,0
7850,5,RF,0,0
7851,5,RF,0,0
7853,5,RF,0,0
7856,5,RF,1,0
7857,5,RF,0,0
7868,5,RF,0,0
7881,5,RF,0,0
7902,5,RF,0,0
7903,5,RF,0,0
7906,5,RF,0,0
7911,5,RF,0,0
7912,5,RF,1,1
7913,5,RF,0,0
7915,5,RF,0,0
7916,5,RF,1,1
7918,5,RF,0,0
7922,5,RF,0,0
7932,5,RF,0,0
7933,5,RF,0,0
7936,5,RF,0,0
7940,5,RF,0,0
7948,5,RF,0,0
7959,5,RF,0,0
7971,5,RF,0,0
7977,5,RF,0,0
7994,5,RF,0,0
7995,5,RF,0,0
7997,5,RF,0,0
8001,5,RF,0,0
8011,5,RF,0,0
8012,5,RF,0,0
8014,5,RF,0,0
8023,5,RF,0,0
8028,5,RF,0,0
8044,5,RF,0,0
8047,5,RF,0,0
8048,5,RF,0,0
8070,5,RF,0,0
8079,5,RF,0,0
8080,5,RF,0,0
8081,5,RF,0,0
8083,5,RF,0,0
8090,5,RF,0,0
8091,5,RF,0,0
8100,5,RF,0,0
8111,5,RF,0,0
8115,5,RF,0,0
8120,5,RF,0,0
8124,5,RF,0,0
8138,5,RF,0,0
8143,5,RF,0,0
8144,5,RF,0,0
8147,5,RF,0,0
8151,5,RF,0,0
8158,5,RF,0,0
8171,5,RF,0,0
8174,5,RF,0,0
8179,5,RF,0,0
8183,5,RF,0,0
8197,5,RF,0,0
8208,5,RF,0,0
8210,5,RF,0,0
8215,5,RF,1,1
8220,5,RF,1,1
8228,5,RF,0,0
8231,5,RF,0,1
8246,5,RF,0,0
8248,5,RF,0,1
8258,5,RF,0,1
8261,5,RF,1,1
8262,5,RF,0,0
8269,5,RF,0,0
8271,5,RF,0,0
8281,5,RF,0,0
8293,5,RF,0,0
8295,5,RF,0,0
8298,5,RF,0,0
8302,5,RF,1,0
8310,5,RF,0,0
8322,5,RF,0,0
8329,5,RF,0,0
8334,5,RF,0,0
8344,5,RF,0,0
8345,5,RF,0,0
8347,5,RF,0,0
8362,5,RF,0,0
8374,5,RF,0,0
8380,5,RF,0,0
8381,5,RF,0,0
8384,5,RF,0,0
8387,5,RF,1,1
8404,5,RF,0,0
8412,5,RF,0,0
8415,5,RF,1,1
8422,5,RF,0,0
8424,5,RF,0,0
8427,5,RF,0,0
8430,5,RF,0,0
8437,5,RF,0,0
8439,5,RF,0,0
8442,5,RF,1,1
8443,5,RF,0,0
8450,5,RF,0,0
8462,5,RF,0,0
8464,5,RF,0,0
8478,5,RF,0,0
8515,5,RF,1,1
8521,5,RF,1,0
8522,5,RF,0,1
8531,5,RF,0,0
8538,5,RF,0,0
8546,5,RF,0,0
8555,5,RF,0,0
8561,5,RF,0,0
8564,5,RF,0,0
8565,5,RF,0,0
8566,5,RF,0,0
8569,5,RF,0,0
8570,5,RF,0,0
8577,5,RF,0,0
8583,5,RF,1,1
8585,5,RF,0,0
8606,5,RF,0,0
8608,5,RF,1,0
8612,5,RF,0,0
8615,5,RF,0,0
8622,5,RF,0,0
8629,5,RF,0,0
8631,5,RF,0,0
8632,5,RF,0,0
8641,5,RF,1,1
8645,5,RF,0,0
8646,5,RF,0,0
8648,5,RF,0,0
8655,5,RF,0,0
8658,5,RF,1,1
8661,5,RF,0,0
8663,5,RF,1,0
8668,5,RF,0,0
8675,5,RF,0,0
8676,5,RF,0,0
8683,5,RF,0,0
8684,5,RF,0,0
8690,5,RF,0,0
8691,5,RF,0,0
8698,5,RF,0,0
8701,5,RF,1,0
8704,5,RF,0,0
8705,5,RF,0,0
8715,5,RF,1,1
8717,5,RF,0,0
8727,5,RF,0,0
8728,5,RF,0,0
8729,5,RF,0,0
8738,5,RF,0,0
8752,5,RF,1,1
8765,5,RF,0,0
8768,5,RF,0,0
8772,5,RF,0,0
8773,5,RF,0,0
8778,5,RF,0,0
8784,5,RF,0,0
8786,5,RF,0,0
8789,5,RF,0,0
8791,5,RF,0,0
8802,5,RF,0,0
8804,5,RF,0,0
8806,5,RF,0,0
8810,5,RF,0,0
8812,5,RF,1,1
8817,5,RF,0,0
8819,5,RF,0,0
8827,5,RF,0,0
8832,5,RF,0,0
8848,5,RF,0,0
8852,5,RF,0,0
8853,5,RF,0,0
8856,5,RF,0,0
8862,5,RF,0,0
8879,5,RF,0,0
8881,5,RF,0,0
8883,5,RF,0,0
8884,5,RF,0,0
8890,5,RF,0,0
8892,5,RF,0,0
8895,5,RF,0,0
8900,5,RF,0,0
8913,5,RF,0,0
8914,5,RF,0,0
8917,5,RF,0,0
8926,5,RF,0,0
8935,5,RF,1,1
8937,5,RF,0,0
8938,5,RF,1,0
8949,5,RF,0,0
8970,5,RF,0,0
8973,5,RF,0,0
8981,5,RF,0,0
8983,5,RF,0,0
8985,5,RF,0,0
8999,5,RF,0,0
9005,5,RF,0,0
9007,5,RF,0,0
9019,5,RF,0,0
9024,5,RF,0,0
9028,5,RF,0,0
9030,5,RF,0,0
9031,5,RF,0,0
9034,5,RF,0,0
9036,5,RF,1,1
9037,5,RF,0,0
9039,5,RF,0,0
9040,5,RF,0,0
9041,5,RF,0,0
9045,5,RF,0,0
9052,5,RF,0,0
9053,5,RF,0,0
9056,5,RF,0,0
9057,5,RF,0,0
9059,5,RF,0,0
9061,5,RF,0,0
9066,5,RF,0,0
9067,5,RF,0,0
9068,5,RF,0,0
9071,5,RF,0,0
9076,5,RF,0,0
9078,5,RF,0,0
9080,5,RF,0,0
9086,5,RF,0,0
9090,5,RF,0,0
9091,5,RF,0,0
9104,5,RF,0,0
9105,5,RF,0,0
9111,5,RF,0,0
9114,5,RF,0,0
9124,5,RF,0,0
9127,5,RF,0,0
9142,5,RF,0,0
9148,5,RF,0,0
9155,5,RF,0,0
9160,5,RF,0,0
9162,5,RF,0,0
9165,5,RF,0,0
9167,5,RF,0,0
9169,5,RF,0,0
9173,5,RF,0,0
9175,5,RF,1,1
9176,5,RF,0,0
9182,5,RF,0,0
9191,5,RF,0,0
9193,5,RF,1,1
9194,5,RF,0,0
9196,5,RF,0,0
9198,5,RF,0,0
9204,5,RF,0,0
9205,5,RF,1,1
9206,5,RF,1,1
9209,5,RF,1,1
9215,5,RF,0,0
9218,5,RF,0,0
9219,5,RF,0,0
9226,5,RF,0,0
9233,5,RF,0,0
9235,5,RF,0,0
9244,5,RF,0,0
9247,5,RF,0,0
9251,5,RF,0,0
9255,5,RF,1,1
9269,5,RF,1,0
9285,5,RF,0,0
9288,5,RF,1,1
9292,5,RF,0,0
9300,5,RF,1,1
9317,5,RF,0,0
9319,5,RF,0,0
9321,5,RF,1,1
9340,5,RF,0,0
9343,5,RF,0,0
9346,5,RF,0,0
9348,5,RF,1,1
9349,5,RF,0,0
9355,5,RF,0,0
9356,5,RF,0,0
9373,5,RF,0,0
9380,5,RF,0,0
9383,5,RF,0,0
9384,5,RF,0,0
9400,5,RF,0,0
9424,5,RF,0,0
9428,5,RF,0,0
9433,5,RF,0,0
9435,5,RF,0,0
9440,5,RF,0,0
9445,5,RF,0,0
9462,5,RF,0,0
9470,5,RF,0,0
9473,5,RF,0,0
9490,5,RF,0,0
9497,5,RF,0,0
9499,5,RF,0,0
9504,5,RF,0,0
9506,5,RF,0,0
9507,5,RF,0,0
9509,5,RF,0,0
9514,5,RF,0,0
9515,5,RF,0,0
9518,5,RF,0,0
9519,5,RF,1,0
9520,5,RF,1,1
9525,5,RF,0,0
9530,5,RF,0,0
9532,5,RF,0,0
9545,5,RF,0,0
9546,5,RF,0,0
9553,5,RF,0,0
9559,5,RF,0,0
9571,5,RF,0,0
9574,5,RF,0,0
9577,5,RF,0,0
9581,5,RF,0,0
9584,5,RF,0,0
9585,5,RF,0,0
9586,5,RF,0,0
9594,5,RF,0,0
9596,5,RF,0,0
9599,5,RF,0,0
9601,5,RF,0,0
9603,5,RF,1,1
9604,5,RF,0,0
9610,5,RF,0,0
9614,5,RF,0,0
9629,5,RF,0,0
9639,5,RF,0,0
9654,5,RF,0,0
9658,5,RF,0,0
9659,5,RF,0,0
9670,5,RF,0,0
9674,5,RF,0,0
9676,5,RF,0,0
9681,5,RF,0,0
9684,5,RF,0,0
9693,5,RF,0,0
9694,5,RF,0,0
9707,5,RF,0,0
9717,5,RF,0,0
9730,5,RF,0,0
9736,5,RF,0,0
9740,5,RF,0,0
9747,5,RF,0,0
9750,5,RF,0,0
9751,5,RF,0,0
9753,5,RF,0,0
9760,5,RF,0,0
9763,5,RF,0,0
9767,5,RF,0,0
9783,5,RF,1,1
9784,5,RF,0,0
9792,5,RF,1,0
9798,5,RF,0,0
9799,5,RF,0,0
9802,5,RF,0,0
9803,5,RF,0,0
9808,5,RF,0,0
9809,5,RF,0,0
9821,5,RF,0,0
9824,5,RF,0,0
9827,5,RF,0,0
9829,5,RF,0,0
9833,5,RF,0,0
9837,5,RF,0,0
9838,5,RF,1,0
9842,5,RF,0,0
9843,5,RF,0,0
9846,5,RF,1,0
9862,5,RF,0,0
9869,5,RF,0,0
9875,5,RF,0,0
9877,5,RF,0,0
9878,5,RF,1,1
9884,5,RF,1,1
9890,5,RF,0,0
9891,5,RF,0,1
9894,5,RF,0,0
9895,5,RF,0,0
9907,5,RF,1,0
9928,5,RF,0,0
9929,5,RF,0,0
9931,5,RF,0,0
9932,5,RF,0,0
9933,5,RF,0,0
9934,5,RF,0,0
9938,5,RF,0,0
9941,5,RF,0,0
9942,5,RF,0,0
9948,5,RF,0,0
9951,5,RF,0,0
9952,5,RF,0,0
9954,5,RF,0,0
9957,5,RF,1,1
9959,5,RF,0,0
9971,5,RF,0,0
9973,5,RF,0,0
9974,5,RF,0,0
9975,5,RF,0,0
9979,5,RF,0,0
9980,5,RF,0,0
9983,5,RF,0,0
9984,5,RF,1,1
9985,5,RF,0,0
9992,5,RF,0,0
9993,5,RF,0,0
9998,5,RF,1,1
10007,5,RF,0,0
10009,5,RF,0,0
10010,5,RF,1,1
10013,5,RF,0,0
10015,5,RF,1,1
10020,5,RF,0,0
10024,5,RF,0,0
10034,5,RF,0,0
10035,5,RF,0,0
10046,5,RF,0,0
10052,5,RF,0,0
10054,5,RF,0,0
10055,5,RF,1,1
10067,5,RF,0,0
10070,5,RF,0,0
10081,5,RF,0,0
10097,5,RF,1,1
10103,5,RF,0,0
10106,5,RF,0,0
10140,5,RF,0,0
10142,5,RF,0,0
10145,5,RF,0,0
10146,5,RF,1,1
10153,5,RF,0,0
10160,5,RF,0,0
10164,5,RF,0,0
10169,5,RF,0,0
10173,5,RF,0,0
10181,5,RF,0,0
10185,5,RF,0,0
10189,5,RF,0,0
10192,5,RF,0,0
10194,5,RF,1,0
10201,5,RF,0,0
10203,5,RF,0,0
10205,5,RF,0,0
10221,5,RF,1,0
10229,5,RF,0,0
10231,5,RF,0,0
10232,5,RF,1,0
10237,5,RF,1,1
10244,5,RF,0,0
10248,5,RF,0,0
10250,5,RF,0,0
10253,5,RF,0,0
10259,5,RF,0,0
10262,5,RF,0,0
10264,5,RF,0,0
10266,5,RF,1,0
10267,5,RF,0,0
10269,5,RF,0,0
10271,5,RF,0,0
10272,5,RF,0,0
10274,5,RF,0,0
10281,5,RF,1,1
10288,5,RF,0,0
10294,5,RF,0,0
10298,5,RF,0,0
10303,5,RF,1,1
10305,5,RF,1,0
10316,5,RF,0,0
10324,5,RF,0,0
10326,5,RF,0,0
10328,5,RF,0,0
10334,5,RF,0,0
10338,5,RF,0,0
10340,5,RF,0,0
10342,5,RF,0,0
10345,5,RF,0,0
10348,5,RF,0,0
10351,5,RF,0,0
10366,5,RF,0,0
10371,5,RF,0,0
10378,5,RF,0,0
10379,5,RF,0,0
10380,5,RF,0,0
10398,5,RF,0,0
10399,5,RF,0,0
10407,5,RF,0,0
10410,5,RF,0,0
10412,5,RF,0,0
10413,5,RF,0,0
10419,5,RF,1,1
10420,5,RF,0,0
10422,5,RF,0,0
10424,5,RF,0,0
10429,5,RF,0,0
10433,5,RF,0,0
10434,5,RF,0,0
10435,5,RF,1,1
10437,5,RF,0,0
10438,5,RF,0,0
10440,5,RF,0,0
10443,5,RF,0,0
10445,5,RF,0,0
10447,5,RF,1,1
10453,5,RF,0,0
10456,5,RF,0,0
10465,5,RF,0,1
10466,5,RF,0,0
10470,5,RF,0,0
10472,5,RF,0,0
10474,5,RF,0,0
10475,5,RF,0,0
10479,5,RF,0,0
10480,5,RF,0,0
10481,5,RF,0,0
10484,5,RF,0,0
10490,5,RF,0,0
10512,5,RF,0,0
10519,5,RF,0,0
10520,5,RF,0,0
10523,5,RF,0,0
10527,5,RF,0,0
10535,5,RF,0,0
10541,5,RF,0,0
10544,5,RF,1,1
10547,5,RF,1,1
10551,5,RF,0,0
10553,5,RF,0,0
10566,5,RF,1,1
10568,5,RF,0,0
10586,5,RF,0,0
10607,5,RF,0,0
10608,5,RF,0,0
10613,5,RF,1,0
10625,5,RF,0,0
10628,5,RF,0,0
10631,5,RF,0,0
10641,5,RF,0,0
10643,5,RF,0,0
10646,5,RF,0,0
10650,5,RF,0,0
10651,5,RF,0,0
10658,5,RF,0,0
10663,5,RF,0,0
10664,5,RF,0,0
10667,5,RF,0,0
10672,5,RF,0,0
10676,5,RF,0,0
10678,5,RF,1,1
10682,5,RF,0,0
10689,5,RF,0,0
10691,5,RF,1,1
10701,5,RF,0,0
10709,5,RF,0,0
10713,5,RF,0,0
10716,5,RF,0,0
10717,5,RF,0,1
10722,5,RF,1,1
10723,5,RF,0,0
10733,5,RF,1,1
10739,5,RF,1,1
10743,5,RF,0,0
10744,5,RF,1,0
10746,5,RF,0,1
10752,5,RF,0,0
10754,5,RF,0,0
10758,5,RF,0,0
10762,5,RF,0,1
10764,5,RF,0,0
10787,5,RF,0,0
10788,5,RF,0,0
10790,5,RF,0,0
10792,5,RF,0,0
10799,5,RF,0,0
10801,5,RF,0,0
10806,5,RF,0,0
10816,5,RF,1,0
10823,5,RF,0,0
10830,5,RF,0,0
10841,5,RF,0,0
10845,5,RF,0,0
10846,5,RF,0,0
10848,5,RF,0,0
10851,5,RF,0,0
10853,5,RF,0,0
10856,5,RF,0,0
10858,5,RF,0,0
10859,5,RF,0,0
10863,5,RF,0,0
10880,5,RF,0,0
10887,5,RF,0,0
10900,5,RF,0,0
10905,5,RF,0,0
10914,5,RF,0,0
10915,5,RF,0,0
10916,5,RF,0,0
10917,5,RF,1,0
10924,5,RF,0,0
10925,5,RF,0,0
10928,5,RF,0,0
10929,5,RF,0,0
10943,5,RF,1,1
10950,5,RF,0,0
10954,5,RF,1,1
10957,5,RF,0,0
10962,5,RF,0,0
10963,5,RF,0,0
10965,5,RF,1,1
10966,5,RF,0,0
10968,5,RF,0,0
10972,5,RF,0,0
10980,5,RF,0,0
10986,5,RF,0,0
10987,5,RF,0,0
11001,5,RF,1,1
11007,5,RF,0,0
11008,5,RF,1,1
11009,5,RF,0,0
11012,5,RF,0,0
11013,5,RF,1,1
11017,5,RF,0,0
11022,5,RF,0,0
11027,5,RF,0,0
11029,5,RF,0,0
11030,5,RF,0,0
11032,5,RF,0,0
11053,5,RF,0,0
11059,5,RF,0,0
11061,5,RF,0,0
11062,5,RF,0,0
11063,5,RF,0,0
11069,5,RF,0,0
11070,5,RF,0,0
11074,5,RF,0,0
11075,5,RF,1,0
11081,5,RF,0,0
11082,5,RF,0,0
11096,5,RF,0,0
11098,5,RF,0,0
11099,5,RF,0,0
11121,5,RF,0,0
11128,5,RF,0,0
11131,5,RF,0,0
11133,5,RF,0,0
11147,5,RF,0,0
11153,5,RF,0,0
11159,5,RF,0,0
11175,5,RF,0,0
11186,5,RF,0,0
11194,5,RF,0,0
11196,5,RF,0,0
11209,5,RF,0,1
11212,5,RF,0,0
11213,5,RF,0,0
11215,5,RF,0,0
11217,5,RF,0,0
11219,5,RF,0,0
11220,5,RF,0,0
11221,5,RF,0,0
11223,5,RF,0,0
11231,5,RF,0,0
11235,5,RF,0,0
11240,5,RF,0,0
11244,5,RF,0,0
11245,5,RF,0,0
11248,5,RF,0,0
11256,5,RF,0,0
11258,5,RF,0,0
11260,5,RF,0,0
11263,5,RF,0,0
11264,5,RF,0,0
11266,5,RF,0,0
11270,5,RF,0,0
11271,5,RF,0,0
11278,5,RF,0,0
11284,5,RF,1,1
11285,5,RF,0,0
11291,5,RF,0,0
11293,5,RF,0,0
11308,5,RF,0,0
11336,5,RF,0,0
11350,5,RF,0,0
11359,5,RF,0,0
11373,5,RF,0,0
11376,5,RF,0,0
11380,5,RF,0,0
11383,5,RF,0,0
11393,5,RF,1,1
11399,5,RF,0,0
11416,5,RF,0,0
11421,5,RF,0,0
11425,5,RF,1,0
11430,5,RF,0,0
11435,5,RF,0,0
11443,5,RF,0,0
11450,5,RF,0,0
11454,5,RF,1,1
11473,5,RF,0,0
11478,5,RF,0,0
11484,5,RF,1,1
11492,5,RF,0,0
11494,5,RF,0,0
11495,5,RF,0,0
11500,5,RF,0,0
11505,5,RF,0,0
11507,5,RF,0,0
11513,5,RF,0,0
11514,5,RF,0,0
11522,5,RF,1,1
11530,5,RF,0,0
11536,5,RF,0,0
11556,5,RF,0,0
11561,5,RF,0,0
11563,5,RF,0,0
11570,5,RF,0,0
11583,5,RF,1,1
11588,5,RF,0,0
11598,5,RF,0,0
11601,5,RF,0,0
11602,5,RF,0,0
11603,5,RF,0,0
11610,5,RF,0,0
11611,5,RF,0,0
11613,5,RF,0,0
11615,5,RF,0,0
11625,5,RF,0,0
11630,5,RF,1,0
11634,5,RF,0,0
11637,5,RF,0,0
11644,5,RF,0,0
11645,5,RF,0,0
11647,5,RF,0,0
11648,5,RF,0,0
11655,5,RF,0,0
11658,5,RF,0,0
11664,5,RF,1,1
11666,5,RF,0,0
11667,5,RF,0,0
11672,5,RF,0,0
11676,5,RF,1,1
11678,5,RF,0,0
11679,5,RF,0,0
11684,5,RF,0,0
11689,5,RF,0,0
11697,5,RF,0,0
11698,5,RF,0,0
11703,5,RF,0,0
11707,5,RF,0,0
11714,5,RF,0,0
11719,5,RF,0,0
11720,5,RF,0,0
11726,5,RF,0,0
11727,5,RF,0,0
11729,5,RF,0,0
11754,5,RF,0,0
11757,5,RF,0,0
11766,5,RF,1,0
11767,5,RF,0,0
11778,5,RF,0,0
11788,5,RF,0,0
11789,5,RF,1,1
11795,5,RF,1,1
11797,5,RF,0,0
11799,5,RF,0,0
11805,5,RF,0,0
11808,5,RF,0,0
11812,5,RF,0,0
11813,5,RF,0,0
11816,5,RF,0,0
11822,5,RF,0,0
11828,5,RF,0,0
11843,5,RF,0,0
11847,5,RF,0,0
11849,5,RF,1,0
11851,5,RF,0,0
11857,5,RF,0,0
11863,5,RF,0,0
11891,5,RF,0,0
11901,5,RF,0,0
11918,5,RF,1,1
11921,5,RF,0,0
11923,5,RF,0,0
11929,5,RF,0,0
11936,5,RF,0,0
11941,5,RF,0,0
11942,5,RF,1,0
11948,5,RF,0,0
11950,5,RF,0,0
11952,5,RF,0,0
11961,5,RF,0,0
11962,5,RF,0,0
11968,5,RF,0,0
11970,5,RF,0,0
11974,5,RF,1,1
11978,5,RF,0,0
11981,5,RF,0,0
11984,5,RF,0,1
11989,5,RF,0,0
12005,5,RF,0,0
12008,5,RF,0,0
12012,5,RF,0,0
12013,5,RF,1,1
12017,5,RF,0,0
12019,5,RF,0,0
12022,5,RF,0,0
12024,5,RF,0,0
12026,5,RF,0,0
12032,5,RF,0,0
12035,5,RF,0,0
12041,5,RF,0,0
12042,5,RF,1,0
12043,5,RF,1,0
12048,5,RF,0,0
12049,5,RF,0,0
12051,5,RF,0,0
12058,5,RF,0,0
12067,5,RF,0,0
12084,5,RF,1,1
12090,5,RF,0,0
12096,5,RF,0,0
12097,5,RF,1,1
12107,5,RF,0,0
12112,5,RF,0,0
12116,5,RF,1,1
12119,5,RF,0,0
12124,5,RF,0,0
12139,5,RF,0,0
12140,5,RF,0,0
12141,5,RF,0,0
12144,5,RF,0,0
12146,5,RF,0,0
12148,5,RF,1,1
12153,5,RF,0,0
12162,5,RF,0,0
12168,5,RF,0,0
12171,5,RF,0,0
12172,5,RF,0,0
12174,5,RF,0,0
12178,5,RF,0,0
12179,5,RF,1,0
12184,5,RF,1,1
12185,5,RF,0,0
12187,5,RF,0,0
12189,5,RF,0,0
12191,5,RF,0,0
12204,5,RF,0,0
12206,5,RF,0,0
12208,5,RF,1,1
12212,5,RF,0,1
12214,5,RF,0,0
12217,5,RF,0,0
12219,5,RF,0,0
12222,5,RF,0,0
12225,5,RF,0,0
12232,5,RF,0,0
12236,5,RF,0,0
12251,5,RF,1,0
12252,5,RF,1,1
12254,5,RF,0,0
12259,5,RF,0,0
12284,5,RF,0,0
12288,5,RF,1,0
12291,5,RF,0,0
12294,5,RF,0,0
12296,5,RF,0,0
12300,5,RF,0,0
12309,5,RF,1,1
12325,5,RF,0,0
12332,5,RF,0,0
12333,5,RF,0,0
12338,5,RF,1,0
12340,5,RF,0,0
12342,5,RF,0,0
12343,5,RF,0,0
12348,5,RF,0,0
12351,5,RF,0,0
12353,5,RF,0,0
12357,5,RF,0,0
12358,5,RF,0,0
12361,5,RF,0,0
12368,5,RF,0,1
12373,5,RF,1,1
12389,5,RF,0,0
12393,5,RF,0,0
12394,5,RF,0,0
12396,5,RF,0,0
12400,5,RF,0,0
12403,5,RF,0,0
12404,5,RF,1,1
12405,5,RF,0,0
12408,5,RF,0,0
12413,5,RF,0,0
12420,5,RF,0,0
12424,5,RF,0,0
12429,5,RF,0,0
12432,5,RF,1,1
12441,5,RF,0,0
12444,5,RF,0,0
12456,5,RF,1,1
12457,5,RF,0,0
12458,5,RF,0,0
12465,5,RF,0,0
12477,5,RF,0,0
12478,5,RF,0,0
12481,5,RF,0,0
12482,5,RF,0,0
12483,5,RF,0,0
12491,5,RF,0,0
12494,5,RF,0,0
12500,5,RF,0,0
12509,5,RF,1,0
12510,5,RF,0,0
12513,5,RF,0,0
12518,5,RF,0,0
12520,5,RF,0,0
12522,5,RF,0,0
12535,5,RF,1,1
12553,5,RF,0,0
12557,5,RF,0,0
12558,5,RF,1,0
12559,5,RF,0,1
12560,5,RF,0,0
12572,5,RF,0,0
12578,5,RF,0,0
12581,5,RF,0,0
12586,5,RF,0,0
12590,5,RF,0,0
12592,5,RF,0,0
12596,5,RF,0,0
12611,5,RF,0,0
12633,5,RF,0,0
12634,5,RF,0,0
12639,5,RF,0,0
12640,5,RF,0,0
12641,5,RF,1,1
12643,5,RF,0,0
12645,5,RF,1,1
12648,5,RF,1,0
12654,5,RF,0,0
12658,5,RF,0,0
12661,5,RF,1,1
12662,5,RF,1,1
12663,5,RF,1,0
12666,5,RF,0,0
12668,5,RF,0,0
12674,5,RF,0,0
12675,5,RF,0,0
12676,5,RF,0,0
12678,5,RF,0,0
12682,5,RF,0,0
12684,5,RF,0,0
12686,5,RF,0,0
12693,5,RF,0,0
12697,5,RF,0,0
12701,5,RF,0,0
12709,5,RF,0,0
12710,5,RF,0,0
12719,5,RF,0,0
12722,5,RF,0,0
12736,5,RF,0,0
12745,5,RF,0,0
12747,5,RF,0,0
12750,5,RF,0,0
12762,5,RF,0,0
12775,5,RF,0,0
12776,5,RF,0,0
12785,5,RF,0,0
12788,5,RF,0,0
12790,5,RF,0,0
12802,5,RF,0,0
12806,5,RF,0,0
12809,5,RF,0,0
12821,5,RF,0,0
12827,5,RF,1,1
12840,5,RF,0,0
12843,5,RF,0,0
12844,5,RF,0,0
12859,5,RF,1,0
12868,5,RF,0,0
12880,5,RF,0,0
12892,5,RF,1,1
12902,5,RF,0,0
12919,5,RF,0,0
12920,5,RF,0,0
12931,5,RF,0,0
12932,5,RF,0,0
12941,5,RF,0,0
12950,5,RF,0,0
12952,5,RF,0,0
12957,5,RF,0,0
12958,5,RF,1,1
12972,5,RF,0,0
12982,5,RF,0,0
12985,5,RF,0,0
12989,5,RF,0,0
12993,5,RF,1,1
13000,5,RF,0,0
13001,5,RF,0,0
13007,5,RF,0,0
13008,5,RF,0,0
13012,5,RF,0,0
13030,5,RF,1,1
13031,5,RF,0,0
13032,5,RF,1,1
13041,5,RF,1,1
13049,5,RF,0,0
13058,5,RF,0,0
13060,5,RF,0,0
13062,5,RF,0,0
13071,5,RF,0,0
13075,5,RF,0,0
13083,5,RF,0,0
13090,5,RF,0,0
13092,5,RF,0,0
13100,5,RF,1,1
13108,5,RF,0,0
13109,5,RF,1,0
13111,5,RF,1,1
13112,5,RF,0,0
13118,5,RF,0,0
13119,5,RF,0,0
13131,5,RF,0,0
13132,5,RF,0,0
13133,5,RF,0,0
13145,5,RF,1,1
13157,5,RF,0,0
13158,5,RF,0,0
13162,5,RF,0,0
13168,5,RF,0,0
13179,5,RF,0,0
13185,5,RF,0,0
13189,5,RF,0,0
13197,5,RF,0,0
13199,5,RF,0,0
13224,5,RF,0,0
13228,5,RF,0,0
13242,5,RF,0,0
13260,5,RF,0,0
13261,5,RF,0,0
13276,5,RF,0,0
13282,5,RF,0,0
13289,5,RF,0,1
13294,5,RF,1,0
13297,5,RF,0,0
13304,5,RF,0,0
13305,5,RF,0,0
13308,5,RF,0,0
13310,5,RF,0,0
13314,5,RF,0,0
13317,5,RF,0,0
13318,5,RF,1,1
13319,5,RF,1,1
13338,5,RF,0,0
13339,5,RF,0,0
13341,5,RF,0,0
13348,5,RF,0,0
13353,5,RF,0,0
13356,5,RF,0,0
13360,5,RF,0,0
13373,5,RF,0,0
13377,5,RF,0,0
13378,5,RF,0,0
13384,5,RF,1,1
13394,5,RF,0,0
13395,5,RF,1,0
13400,5,RF,0,0
13402,5,RF,0,1
13413,5,RF,0,0
13418,5,RF,0,0
13419,5,RF,0,0
13420,5,RF,0,1
13421,5,RF,0,0
13427,5,RF,0,0
13444,5,RF,0,0
13447,5,RF,0,0
13450,5,RF,0,0
13462,5,RF,0,0
13467,5,RF,0,0
13473,5,RF,0,0
13479,5,RF,1,1
13490,5,RF,0,0
13502,5,RF,0,0
13504,5,RF,0,0
13508,5,RF,0,0
13511,5,RF,0,0
13513,5,RF,0,0
13514,5,RF,0,0
13515,5,RF,0,0
13517,5,RF,0,0
13518,5,RF,1,1
13520,5,RF,0,0
13521,5,RF,0,0
13525,5,RF,0,0
13531,5,RF,0,0
13533,5,RF,0,0
13536,5,RF,0,0
13539,5,RF,0,0
13540,5,RF,0,0
13545,5,RF,0,0
13548,5,RF,0,0
13551,5,RF,0,0
13561,5,RF,0,0
13562,5,RF,0,0
13572,5,RF,0,0
13574,5,RF,0,0
13584,5,RF,1,1
13585,5,RF,1,0
13586,5,RF,0,0
13589,5,RF,0,0
13599,5,RF,0,0
13603,5,RF,0,0
13611,5,RF,0,0
13615,5,RF,0,0
13617,5,RF,0,0
13618,5,RF,0,0
13622,5,RF,0,0
13625,5,RF,0,0
13626,5,RF,0,0
13627,5,RF,0,0
13647,5,RF,0,0
13650,5,RF,0,0
13651,5,RF,0,0
13661,5,RF,0,0
13662,5,RF,0,0
13664,5,RF,0,0
13671,5,RF,0,0
13672,5,RF,0,0
13680,5,RF,0,0
13687,5,RF,0,0
13690,5,RF,0,0
13692,5,RF,0,0
13696,5,RF,0,0
13705,5,RF,1,1
13706,5,RF,0,0
13710,5,RF,0,0
13715,5,RF,0,0
13737,5,RF,0,0
13740,5,RF,0,0
13742,5,RF,0,0
13749,5,RF,0,0
13760,5,RF,0,0
13770,5,RF,0,0
13771,5,RF,0,0
13774,5,RF,0,0
13777,5,RF,0,0
13788,5,RF,0,0
13793,5,RF,0,0
13796,5,RF,0,0
13799,5,RF,0,0
13800,5,RF,0,0
13803,5,RF,0,0
13806,5,RF,0,0
13812,5,RF,0,0
13813,5,RF,0,0
13814,5,RF,0,0
13819,5,RF,0,0
13836,5,RF,0,0
13843,5,RF,0,0
13850,5,RF,0,0
13870,5,RF,1,1
13871,5,RF,0,0
13874,5,RF,0,0
13884,5,RF,0,0
13885,5,RF,0,0
13886,5,RF,0,0
13887,5,RF,0,0
13895,5,RF,0,0
13897,5,RF,1,1
13898,5,RF,0,0
13906,5,RF,0,0
13907,5,RF,0,0
13908,5,RF,0,0
13923,5,RF,0,0
13928,5,RF,0,0
13930,5,RF,0,0
13934,5,RF,0,0
13938,5,RF,0,0
13940,5,RF,0,0
13941,5,RF,0,0
13942,5,RF,0,0
13954,5,RF,0,0
13955,5,RF,1,1
13960,5,RF,0,0
13964,5,RF,0,0
13968,5,RF,0,0
13981,5,RF,0,0
13986,5,RF,0,0
13987,5,RF,1,1
13998,5,RF,0,0
14010,5,RF,0,0
14014,5,RF,0,0
14015,5,RF,0,0
14017,5,RF,1,0
14018,5,RF,0,0
14019,5,RF,0,1
14026,5,RF,0,0
14031,5,RF,0,0
14035,5,RF,0,0
14037,5,RF,0,0
14038,5,RF,0,0
14040,5,RF,0,0
14043,5,RF,0,0
14045,5,RF,0,1
14046,5,RF,0,0
14052,5,RF,0,0
14057,5,RF,0,0
14058,5,RF,1,1
14059,5,RF,0,0
14060,5,RF,0,0
14065,5,RF,1,1
14066,5,RF,0,0
14083,5,RF,0,0
14085,5,RF,0,0
14087,5,RF,0,0
14089,5,RF,0,0
14094,5,RF,0,0
14108,5,RF,0,0
14111,5,RF,0,0
14116,5,RF,0,0
14128,5,RF,0,0
14130,5,RF,0,0
14140,5,RF,0,0
14143,5,RF,0,0
14149,5,RF,0,0
14158,5,RF,0,0
14160,5,RF,0,0
14171,5,RF,0,0
14173,5,RF,0,0
14174,5,RF,0,0
14191,5,RF,1,1
14192,5,RF,0,0
14198,5,RF,0,0
14199,5,RF,1,1
14205,5,RF,0,0
14207,5,RF,0,0
14209,5,RF,0,0
14212,5,RF,0,0
14218,5,RF,0,0
14219,5,RF,0,0
14222,5,RF,0,0
14233,5,RF,1,1
14239,5,RF,0,0
14241,5,RF,0,0
14245,5,RF,0,0
14256,5,RF,0,0
14257,5,RF,0,0
14261,5,RF,0,0
14262,5,RF,0,0
14271,5,RF,0,0
14276,5,RF,1,1
14277,5,RF,0,0
14279,5,RF,0,0
14281,5,RF,0,0
14282,5,RF,0,0
14284,5,RF,0,0
14285,5,RF,0,0
14287,5,RF,0,0
14291,5,RF,0,0
14295,5,RF,1,1
14299,5,RF,1,0
14307,5,RF,0,0
14308,5,RF,0,0
14313,5,RF,0,0
14315,5,RF,0,0
14316,5,RF,0,0
14317,5,RF,0,0
14322,5,RF,0,0
14333,5,RF,0,0
14335,5,RF,0,0
14343,5,RF,0,0
14344,5,RF,0,0
14345,5,RF,1,0
14349,5,RF,0,0
14359,5,RF,1,1
14375,5,RF,0,0
14378,5,RF,0,0
14389,5,RF,1,1
14390,5,RF,0,0
14392,5,RF,0,0
14393,5,RF,1,1
14406,5,RF,0,0
14408,5,RF,0,0
14409,5,RF,0,0
14410,5,RF,0,0
14412,5,RF,0,0
14413,5,RF,0,0
14425,5,RF,0,0
14426,5,RF,1,1
14430,5,RF,1,1
14431,5,RF,0,0
14443,5,RF,0,0
14453,5,RF,0,0
14465,5,RF,0,0
14467,5,RF,0,0
14468,5,RF,0,0
14473,5,RF,0,0
14475,5,RF,0,0
14481,5,RF,0,0
14486,5,RF,0,0
14487,5,RF,0,0
14493,5,RF,1,1
14500,5,RF,0,0
14506,5,RF,0,0
14510,5,RF,0,0
14515,5,RF,0,0
14525,5,RF,0,0
14526,5,RF,0,0
14527,5,RF,0,0
14530,5,RF,0,0
14532,5,RF,1,1
14544,5,RF,0,0
14547,5,RF,0,0
14555,5,RF,0,0
14556,5,RF,0,0
14559,5,RF,0,0
14572,5,RF,1,1
14574,5,RF,0,0
14577,5,RF,0,0
14587,5,RF,0,0
14588,5,RF,0,0
14591,5,RF,0,0
14599,5,RF,0,0
14605,5,RF,0,0
14609,5,RF,0,0
14613,5,RF,0,0
14614,5,RF,0,0
14623,5,RF,0,0
14624,5,RF,0,0
14627,5,RF,0,0
14649,5,RF,1,1
14651,5,RF,0,0
14652,5,RF,0,0
14653,5,RF,0,0
14655,5,RF,0,0
14661,5,RF,0,0
14664,5,RF,1,1
14672,5,RF,0,0
14677,5,RF,0,0
14680,5,RF,0,0
14693,5,RF,0,0
14712,5,RF,0,0
14714,5,RF,0,0
14720,5,RF,0,0
14721,5,RF,0,0
14722,5,RF,0,0
14731,5,RF,0,0
14733,5,RF,0,1
14734,5,RF,0,0
14747,5,RF,0,0
14752,5,RF,0,0
14755,5,RF,0,0
14773,5,RF,0,0
14774,5,RF,0,0
14778,5,RF,0,0
14780,5,RF,0,1
14781,5,RF,1,0
14797,5,RF,0,0
14808,5,RF,1,1
14821,5,RF,1,1
14825,5,RF,0,0
14826,5,RF,0,0
14827,5,RF,0,0
14828,5,RF,0,0
14831,5,RF,0,0
14835,5,RF,1,1
14837,5,RF,0,0
14845,5,RF,0,0
14853,5,RF,1,0
14855,5,RF,1,0
14862,5,RF,0,0
14864,5,RF,0,0
14868,5,RF,0,0
14879,5,RF,0,0
14881,5,RF,0,0
14888,5,RF,0,0
14891,5,RF,0,0
14895,5,RF,0,0
14896,5,RF,0,0
14897,5,RF,0,0
14923,5,RF,0,0
14924,5,RF,0,0
14935,5,RF,0,0
14936,5,RF,0,0
14938,5,RF,0,0
14946,5,RF,0,0
14952,5,RF,0,0
14964,5,RF,0,0
14996,5,RF,0,0
14997,5,RF,1,1
15005,5,RF,0,0
15007,5,RF,0,0
15014,5,RF,0,0
15016,5,RF,0,0
15026,5,RF,0,0
15031,5,RF,0,0
15041,5,RF,0,0
15045,5,RF,1,1
15054,5,RF,0,0
15055,5,RF,0,0
15063,5,RF,0,0
15065,5,RF,0,0
15074,5,RF,1,1
15077,5,RF,0,0
15080,5,RF,0,0
15084,5,RF,0,0
15100,5,RF,0,0
15101,5,RF,0,0
15104,5,RF,0,0
15109,5,RF,0,0
15111,5,RF,0,0
15119,5,RF,1,1
15126,5,RF,0,0
15129,5,RF,0,0
15134,5,RF,0,0
15139,5,RF,0,0
15143,5,RF,0,0
15144,5,RF,0,0
15148,5,RF,0,0
15151,5,RF,0,0
15154,5,RF,0,0
15156,5,RF,0,0
15157,5,RF,1,0
15163,5,RF,0,0
15171,5,RF,0,0
15175,5,RF,1,1
15183,5,RF,0,0
15189,5,RF,0,0
15199,5,RF,0,0
15203,5,RF,0,0
15217,5,RF,0,0
15221,5,RF,1,0
15226,5,RF,1,1
15227,5,RF,0,0
15229,5,RF,0,0
15231,5,RF,0,0
15232,5,RF,0,0
15238,5,RF,0,0
15240,5,RF,0,0
15243,5,RF,0,0
15244,5,RF,0,0
15245,5,RF,0,0
15247,5,RF,0,0
15257,5,RF,0,0
15263,5,RF,0,0
15269,5,RF,0,0
15271,5,RF,0,1
15278,5,RF,0,0
15279,5,RF,0,0
15288,5,RF,0,0
15292,5,RF,0,0
15296,5,RF,1,1
15298,5,RF,0,0
15305,5,RF,0,0
15308,5,RF,0,0
15313,5,RF,0,0
15320,5,RF,0,0
15321,5,RF,0,0
15325,5,RF,0,0
15343,5,RF,0,0
15346,5,RF,0,0
15348,5,RF,0,0
15350,5,RF,0,0
15357,5,RF,0,0
15359,5,RF,0,0
15360,5,RF,0,0
15369,5,RF,0,0
15379,5,RF,1,1
15388,5,RF,0,0
15390,5,RF,0,0
15393,5,RF,0,0
15402,5,RF,0,0
15405,5,RF,0,0
15407,5,RF,0,0
15408,5,RF,0,0
15410,5,RF,0,0
15424,5,RF,0,0
15427,5,RF,0,0
15429,5,RF,0,0
15434,5,RF,0,0
15442,5,RF,0,0
15444,5,RF,0,0
15447,5,RF,0,0
15450,5,RF,0,0
15455,5,RF,0,0
15457,5,RF,0,0
15470,5,RF,0,0
15480,5,RF,0,0
15490,5,RF,0,0
15492,5,RF,0,0
15496,5,RF,0,0
15509,5,RF,0,0
15519,5,RF,0,0
15521,5,RF,0,0
15523,5,RF,0,0
15524,5,RF,0,0
15526,5,RF,0,0
15530,5,RF,0,0
15533,5,RF,0,0
15545,5,RF,0,0
15556,5,RF,0,0
15564,5,RF,0,0
15567,5,RF,1,0
15574,5,RF,0,0
15578,5,RF,0,0
15580,5,RF,0,0
15586,5,RF,0,0
15588,5,RF,1,0
15596,5,RF,0,0
15597,5,RF,0,0
15603,5,RF,0,0
15605,5,RF,0,0
15609,5,RF,0,0
15610,5,RF,0,0
15613,5,RF,0,0
15616,5,RF,0,0
15622,5,RF,0,0
15632,5,RF,0,0
15633,5,RF,0,0
15635,5,RF,0,0
15636,5,RF,0,0
15648,5,RF,0,1
15651,5,RF,0,0
15662,5,RF,1,1
15672,5,RF,1,1
15674,5,RF,0,0
15676,5,RF,0,0
15681,5,RF,0,0
15683,5,RF,0,0
15687,5,RF,0,0
15698,5,RF,1,1
15707,5,RF,0,0
15709,5,RF,1,0
15716,5,RF,0,0
15717,5,RF,0,0
15720,5,RF,0,0
15721,5,RF,0,0
15726,5,RF,0,0
15729,5,RF,0,0
15734,5,RF,0,0
15742,5,RF,0,0
15743,5,RF,0,0
15745,5,RF,0,0
15751,5,RF,0,1
15754,5,RF,1,1
15758,5,RF,1,1
15760,5,RF,0,0
15766,5,RF,0,0
15770,5,RF,0,0
15774,5,RF,0,0
15775,5,RF,0,0
15782,5,RF,0,0
15784,5,RF,0,0
15788,5,RF,0,0
15798,5,RF,1,0
15799,5,RF,0,0
15805,5,RF,0,0
15807,5,RF,0,0
15809,5,RF,1,1
15820,5,RF,0,0
15834,5,RF,1,1
15836,5,RF,0,0
15837,5,RF,0,0
15839,5,RF,0,0
15851,5,RF,0,0
15862,5,RF,0,0
15864,5,RF,0,0
15870,5,RF,0,0
15874,5,RF,0,0
15884,5,RF,0,0
15886,5,RF,0,0
15889,5,RF,0,0
15890,5,RF,0,0
15899,5,RF,0,0
15910,5,RF,0,0
15914,5,RF,1,1
15915,5,RF,1,1
15930,5,RF,1,1
15932,5,RF,1,1
15934,5,RF,0,0
15936,5,RF,0,0
15943,5,RF,0,0
15945,5,RF,0,0
15950,5,RF,0,0
15951,5,RF,0,0
15956,5,RF,0,0
15958,5,RF,0,0
15963,5,RF,0,0
15964,5,RF,1,1
15976,5,RF,0,0
15980,5,RF,0,0
15981,5,RF,0,0
15982,5,RF,0,0
15991,5,RF,0,0
15996,5,RF,1,1
15997,5,RF,0,0
15998,5,RF,0,0
16000,5,RF,0,0
16004,5,RF,0,0
16021,5,RF,0,0
16024,5,RF,0,0
16026,5,RF,0,0
16035,5,RF,0,0
16040,5,RF,0,0
16043,5,RF,0,0
16055,5,RF,1,1
16058,5,RF,0,0
16061,5,RF,0,0
16062,5,RF,0,0
16069,5,RF,1,1
16071,5,RF,0,0
16073,5,RF,0,0
16084,5,RF,0,0
16088,5,RF,0,0
16093,5,RF,0,0
16104,5,RF,0,0
16113,5,RF,0,0
16122,5,RF,0,0
16140,5,RF,0,0
16149,5,RF,0,0
16150,5,RF,0,0
16152,5,RF,0,0
16161,5,RF,0,0
16168,5,RF,1,1
16172,5,RF,0,0
16173,5,RF,0,0
16174,5,RF,0,0
16179,5,RF,0,0
16180,5,RF,0,0
16181,5,RF,0,0
16189,5,RF,0,0
16190,5,RF,1,0
16191,5,RF,1,0
16199,5,RF,0,0
16204,5,RF,0,0
16212,5,RF,0,0
16215,5,RF,0,0
16219,5,RF,0,0
16220,5,RF,1,1
16225,5,RF,0,0
16231,5,RF,0,0
16232,5,RF,1,1
16233,5,RF,0,0
16239,5,RF,0,0
16240,5,RF,0,0
16241,5,RF,0,0
16250,5,RF,0,0
16263,5,RF,0,0
16269,5,RF,0,0
16271,5,RF,0,0
16272,5,RF,0,0
16276,5,RF,0,0
16284,5,RF,0,0
16290,5,RF,0,0
16297,5,RF,0,0
16302,5,RF,0,0
16307,5,RF,0,0
16315,5,RF,0,0
16318,5,RF,0,0
16321,5,RF,0,0
16325,5,RF,0,0
16328,5,RF,0,0
16331,5,RF,0,0
16337,5,RF,0,0
16338,5,RF,0,0
16339,5,RF,0,0
16340,5,RF,1,0
16343,5,RF,0,0
16353,5,RF,0,0
16357,5,RF,0,0
16367,5,RF,0,0
16370,5,RF,0,0
16373,5,RF,0,0
16377,5,RF,0,0
16379,5,RF,0,0
16380,5,RF,0,0
16381,5,RF,0,0
16390,5,RF,0,0
16393,5,RF,0,0
16397,5,RF,0,0
16398,5,RF,0,0
16418,5,RF,0,0
16427,5,RF,0,0
16435,5,RF,0,0
16436,5,RF,1,0
16450,5,RF,0,0
16452,5,RF,0,1
16459,5,RF,0,0
16462,5,RF,0,0
16477,5,RF,0,0
16478,5,RF,0,0
16482,5,RF,0,0
16493,5,RF,0,0
16495,5,RF,0,0
16496,5,RF,0,0
16497,5,RF,0,0
16501,5,RF,0,0
16504,5,RF,0,0
16505,5,RF,0,0
16509,5,RF,0,0
16511,5,RF,0,0
16512,5,RF,0,0
16513,5,RF,0,0
16514,5,RF,0,0
16516,5,RF,0,0
16520,5,RF,0,0
16521,5,RF,0,0
16522,5,RF,0,0
16525,5,RF,0,0
16529,5,RF,0,0
16530,5,RF,0,0
16533,5,RF,0,0
16535,5,RF,0,0
16536,5,RF,1,1
16541,5,RF,0,0
16543,5,RF,0,0
16549,5,RF,0,0
16559,5,RF,1,1
16561,5,RF,0,0
16566,5,RF,0,0
16567,5,RF,0,0
16572,5,RF,0,0
16574,5,RF,0,0
16575,5,RF,1,1
16576,5,RF,0,0
16592,5,RF,0,0
16603,5,RF,0,0
16618,5,RF,0,0
16620,5,RF,0,0
16622,5,RF,1,0
16633,5,RF,0,0
16634,5,RF,0,0
16636,5,RF,0,0
16642,5,RF,0,0
16644,5,RF,1,1
16657,5,RF,0,0
16665,5,RF,0,0
16666,5,RF,0,0
16667,5,RF,0,0
16686,5,RF,0,0
16690,5,RF,0,0
16697,5,RF,0,0
16699,5,RF,0,1
16700,5,RF,0,0
16707,5,RF,0,0
16710,5,RF,0,1
16711,5,RF,0,0
16720,5,RF,0,0
16722,5,RF,0,0
16728,5,RF,1,0
16731,5,RF,0,0
16733,5,RF,0,0
16745,5,RF,0,0
16759,5,RF,0,0
16762,5,RF,0,0
16774,5,RF,0,0
16791,5,RF,0,0
16824,5,RF,0,0
16826,5,RF,1,1
16827,5,RF,0,0
16830,5,RF,0,0
16838,5,RF,0,0
16840,5,RF,0,0
16844,5,RF,0,0
16846,5,RF,1,0
16847,5,RF,0,0
16848,5,RF,1,1
16851,5,RF,0,0
16856,5,RF,0,0
16862,5,RF,0,0
16868,5,RF,0,0
16873,5,RF,0,0
16881,5,RF,0,0
16884,5,RF,0,0
16887,5,RF,0,0
16896,5,RF,0,0
16900,5,RF,1,1
16904,5,RF,1,1
16908,5,RF,0,0
16909,5,RF,0,0
16912,5,RF,0,0
16916,5,RF,0,0
16919,5,RF,0,0
16920,5,RF,0,0
16921,5,RF,0,0
16927,5,RF,0,0
16930,5,RF,1,1
16935,5,RF,0,0
16938,5,RF,1,1
16943,5,RF,0,0
16944,5,RF,0,0
16946,5,RF,0,0
16947,5,RF,0,0
16948,5,RF,0,0
16949,5,RF,0,0
16955,5,RF,0,0
16956,5,RF,0,0
16959,5,RF,0,0
16960,5,RF,0,0
16961,5,RF,0,0
16964,5,RF,0,0
16965,5,RF,0,0
16969,5,RF,0,0
16971,5,RF,0,0
16972,5,RF,0,1
16974,5,RF,0,0
16976,5,RF,0,0
16988,5,RF,0,0
16996,5,RF,0,0
17006,5,RF,0,0
17009,5,RF,1,0
17013,5,RF,1,1
17014,5,RF,0,0
17015,5,RF,0,0
17023,5,RF,0,0
17024,5,RF,0,0
17028,5,RF,0,0
17037,5,RF,0,0
17040,5,RF,0,0
17044,5,RF,0,0
17051,5,RF,0,0
17057,5,RF,0,0
17062,5,RF,0,0
17064,5,RF,1,1
17069,5,RF,1,1
17070,5,RF,0,0
17073,5,RF,0,0
17083,5,RF,0,0
17086,5,RF,0,0
17088,5,RF,0,0
17094,5,RF,0,0
17102,5,RF,0,0
17109,5,RF,0,0
17115,5,RF,0,0
17118,5,RF,0,0
17120,5,RF,0,0
17124,5,RF,0,0
17125,5,RF,0,0
17126,5,RF,1,1
17127,5,RF,0,0
17128,5,RF,0,0
17137,5,RF,0,0
17141,5,RF,0,0
17144,5,RF,0,0
17145,5,RF,0,0
17150,5,RF,1,1
17152,5,RF,0,0
17157,5,RF,0,0
17159,5,RF,0,0
17163,5,RF,0,0
17165,5,RF,0,0
17173,5,RF,1,1
17174,5,RF,0,0
17179,5,RF,1,0
17180,5,RF,0,0
17187,5,RF,0,0
17189,5,RF,0,0
17190,5,RF,0,0
17194,5,RF,1,0
17195,5,RF,0,0
17204,5,RF,0,0
17208,5,RF,0,0
17210,5,RF,0,0
17212,5,RF,0,0
17213,5,RF,0,0
17218,5,RF,0,0
17223,5,RF,0,0
17229,5,RF,0,0
17252,5,RF,0,0
17261,5,RF,0,0
17264,5,RF,0,0
17269,5,RF,0,0
17270,5,RF,0,0
17273,5,RF,0,0
17275,5,RF,0,0
17281,5,RF,0,0
17282,5,RF,1,1
17283,5,RF,0,0
17284,5,RF,0,0
17287,5,RF,0,0
17293,5,RF,0,0
17295,5,RF,0,0
17296,5,RF,0,0
17303,5,RF,0,0
17305,5,RF,0,0
17306,5,RF,0,0
17325,5,RF,0,0
17334,5,RF,0,0
17336,5,RF,0,0
17341,5,RF,0,0
17349,5,RF,0,0
17351,5,RF,0,0
17355,5,RF,0,0
17364,5,RF,0,0
17365,5,RF,0,0
17380,5,RF,0,0
17382,5,RF,0,0
17394,5,RF,0,0
17395,5,RF,0,0
17399,5,RF,0,0
17403,5,RF,1,1
17405,5,RF,0,0
17409,5,RF,0,0
17414,5,RF,0,0
17420,5,RF,0,0
17427,5,RF,0,0
17429,5,RF,0,0
17430,5,RF,0,0
17432,5,RF,0,0
17433,5,RF,0,0
17434,5,RF,0,0
17437,5,RF,0,0
17444,5,RF,0,0
17445,5,RF,0,0
17448,5,RF,0,0
17449,5,RF,0,0
17458,5,RF,0,0
17463,5,RF,0,0
17469,5,RF,0,0
17472,5,RF,0,0
17473,5,RF,0,0
17476,5,RF,0,0
17478,5,RF,0,0
17481,5,RF,0,0
17483,5,RF,0,0
17486,5,RF,1,1
17497,5,RF,1,1
17504,5,RF,1,1
17515,5,RF,0,0
17516,5,RF,0,0
17519,5,RF,0,1
17520,5,RF,0,0
17525,5,RF,0,0
17549,5,RF,0,0
17553,5,RF,1,1
17554,5,RF,0,0
17555,5,RF,0,0
17558,5,RF,0,0
17562,5,RF,1,1
17571,5,RF,0,0
17572,5,RF,0,0
17581,5,RF,0,0
17594,5,RF,0,0
17598,5,RF,0,0
17605,5,RF,0,0
17607,5,RF,0,0
17613,5,RF,0,0
17617,5,RF,0,0
17618,5,RF,0,0
17622,5,RF,0,0
17623,5,RF,0,0
17635,5,RF,1,0
17637,5,RF,0,0
17638,5,RF,0,0
17642,5,RF,0,0
17649,5,RF,1,1
17654,5,RF,0,0
17657,5,RF,0,0
17659,5,RF,0,0
17665,5,RF,0,0
17666,5,RF,0,0
17667,5,RF,0,0
17668,5,RF,0,0
17681,5,RF,0,0
17687,5,RF,0,0
17691,5,RF,0,0
17694,5,RF,0,0
17698,5,RF,1,1
17713,5,RF,0,0
17715,5,RF,0,0
17717,5,RF,0,0
17722,5,RF,0,0
17723,5,RF,0,0
17724,5,RF,0,0
17726,5,RF,0,0
17730,5,RF,0,0
17732,5,RF,0,0
17741,5,RF,0,0
17742,5,RF,0,0
17753,5,RF,0,0
17756,5,RF,0,0
17760,5,RF,0,0
17763,5,RF,0,0
17770,5,RF,0,0
17775,5,RF,0,0
17780,5,RF,1,1
17781,5,RF,0,0
17787,5,RF,0,0
17789,5,RF,0,0
17790,5,RF,0,0
17793,5,RF,0,0
17797,5,RF,0,0
17799,5,RF,0,0
17805,5,RF,1,1
17808,5,RF,1,1
17811,5,RF,0,1
17812,5,RF,0,0
17817,5,RF,0,0
17818,5,RF,0,0
17820,5,RF,0,0
17826,5,RF,0,0
17828,5,RF,0,1
17829,5,RF,1,1
17832,5,RF,0,0
17834,5,RF,0,0
17839,5,RF,0,0
17843,5,RF,0,0
17845,5,RF,0,0
17847,5,RF,0,0
17852,5,RF,0,0
17858,5,RF,0,0
17862,5,RF,0,0
17866,5,RF,0,0
17871,5,RF,0,0
17880,5,RF,0,0
17882,5,RF,0,0
17884,5,RF,0,0
17903,5,RF,0,0
17910,5,RF,0,0
17912,5,RF,0,0
17919,5,RF,0,0
17922,5,RF,0,0
17928,5,RF,0,0
17934,5,RF,0,0
17936,5,RF,0,0
17941,5,RF,0,0
17942,5,RF,0,0
17946,5,RF,0,0
17950,5,RF,0,0
17952,5,RF,0,0
17953,5,RF,0,0
17972,5,RF,0,0
17976,5,RF,0,0
17979,5,RF,0,0
17982,5,RF,0,0
17991,5,RF,0,1
17992,5,RF,0,0
17993,5,RF,0,0
17994,5,RF,0,0
17997,5,RF,0,0
18001,5,RF,0,0
18011,5,RF,0,0
18014,5,RF,0,0
18022,5,RF,0,0
18029,5,RF,0,0
18030,5,RF,0,0
18035,5,RF,0,0
18039,5,RF,0,0
18054,5,RF,0,0
18055,5,RF,0,0
18074,5,RF,0,0
18075,5,RF,0,0
18076,5,RF,0,0
18078,5,RF,0,0
18083,5,RF,0,0
18084,5,RF,0,0
18089,5,RF,0,0
18105,5,RF,0,0
18107,5,RF,0,0
18115,5,RF,0,0
18116,5,RF,0,0
18118,5,RF,0,0
18121,5,RF,1,1
18123,5,RF,0,0
18127,5,RF,0,0
18139,5,RF,0,0
18143,5,RF,1,1
18145,5,RF,1,0
18150,5,RF,0,0
18152,5,RF,0,0
18154,5,RF,0,0
18155,5,RF,0,0
18156,5,RF,0,0
18162,5,RF,0,0
18163,5,RF,0,0
18164,5,RF,0,1
18165,5,RF,0,0
18166,5,RF,0,0
18169,5,RF,0,0
18175,5,RF,0,0
18178,5,RF,0,0
18179,5,RF,0,0
18184,5,RF,0,0
18212,5,RF,0,0
18214,5,RF,0,0
18220,5,RF,1,1
18231,5,RF,0,0
18233,5,RF,0,0
18243,5,RF,0,0
18248,5,RF,0,0
18253,5,RF,0,0
18256,5,RF,0,0
18261,5,RF,0,0
18268,5,RF,1,1
18269,5,RF,0,0
18282,5,RF,1,0
18287,5,RF,0,0
18290,5,RF,0,0
18312,5,RF,0,0
18318,5,RF,0,0
18323,5,RF,0,0
18328,5,RF,0,0
18329,5,RF,0,0
18337,5,RF,0,0
18343,5,RF,0,0
18346,5,RF,0,0
18356,5,RF,0,0
18360,5,RF,0,0
18364,5,RF,0,0
18379,5,RF,0,0
18382,5,RF,0,0
18383,5,RF,0,0
18386,5,RF,1,0
18388,5,RF,0,0
18390,5,RF,0,0
18392,5,RF,0,0
18393,5,RF,0,0
18397,5,RF,1,1
18402,5,RF,0,0
18414,5,RF,1,0
18425,5,RF,0,0
18429,5,RF,0,0
18446,5,RF,0,0
18450,5,RF,0,0
18451,5,RF,0,0
18460,5,RF,0,0
18461,5,RF,0,0
18474,5,RF,0,1
18478,5,RF,0,0
18487,5,RF,0,0
18489,5,RF,1,1
18493,5,RF,0,0
18497,5,RF,0,0
18505,5,RF,0,0
18506,5,RF,0,0
18509,5,RF,0,0
18517,5,RF,0,0
18523,5,RF,0,0
18532,5,RF,0,0
18538,5,RF,0,0
18539,5,RF,0,0
18542,5,RF,1,1
18545,5,RF,0,0
18546,5,RF,0,0
18549,5,RF,0,0
18558,5,RF,0,0
18562,5,RF,0,0
18571,5,RF,0,0
18584,5,RF,0,0
18588,5,RF,0,0
18589,5,RF,0,0
18591,5,RF,0,0
18592,5,RF,0,0
18599,5,RF,0,1
18601,5,RF,0,0
18606,5,RF,0,0
18620,5,RF,0,1
18622,5,RF,0,0
18640,5,RF,0,0
18642,5,RF,0,0
18648,5,RF,0,0
18654,5,RF,0,0
18658,5,RF,0,0
18659,5,RF,1,1
18660,5,RF,0,0
18662,5,RF,0,0
18671,5,RF,0,0
18673,5,RF,0,0
18693,5,RF,0,0
18695,5,RF,0,0
18696,5,RF,0,0
18704,5,RF,0,0
18710,5,RF,0,0
18711,5,RF,0,0
18713,5,RF,0,0
18716,5,RF,0,0
18737,5,RF,0,0
18739,5,RF,0,0
18741,5,RF,1,1
18742,5,RF,0,0
18759,5,RF,1,1
18764,5,RF,0,0
18778,5,RF,0,0
18785,5,RF,0,0
18787,5,RF,0,0
18788,5,RF,1,1
18789,5,RF,0,0
18792,5,RF,0,0
18800,5,RF,0,0
18809,5,RF,0,0
18812,5,RF,0,0
18822,5,RF,0,0
18828,5,RF,0,0
18836,5,RF,1,1
18844,5,RF,0,0
18853,5,RF,0,0
18854,5,RF,0,0
18862,5,RF,0,0
18864,5,RF,0,0
18865,5,RF,0,0
18866,5,RF,0,0
18867,5,RF,0,0
18873,5,RF,0,0
18876,5,RF,0,0
18877,5,RF,0,1
18880,5,RF,0,0
18883,5,RF,0,0
18885,5,RF,0,0
18903,5,RF,0,0
18905,5,RF,0,0
18908,5,RF,0,0
18914,5,RF,0,0
18918,5,RF,0,0
18920,5,RF,0,0
18926,5,RF,0,0
18937,5,RF,0,0
18938,5,RF,0,0
18948,5,RF,0,0
18951,5,RF,0,0
18963,5,RF,0,0
18964,5,RF,1,1
18973,5,RF,0,0
18976,5,RF,0,0
18979,5,RF,0,0
18985,5,RF,0,0
18989,5,RF,1,1
18991,5,RF,0,0
18996,5,RF,0,0
18998,5,RF,0,0
18999,5,RF,0,0
19006,5,RF,1,1
19017,5,RF,0,0
19018,5,RF,0,0
19020,5,RF,0,0
19024,5,RF,0,0
19029,5,RF,0,0
19037,5,RF,1,1
19043,5,RF,0,0
19046,5,RF,0,0
19050,5,RF,0,0
19057,5,RF,0,0
19060,5,RF,0,0
19061,5,RF,0,0
19071,5,RF,0,0
19074,5,RF,0,0
19076,5,RF,0,0
19079,5,RF,0,0
19081,5,RF,1,0
19082,5,RF,0,0
19083,5,RF,0,0
19087,5,RF,1,1
19091,5,RF,0,0
19093,5,RF,0,0
19097,5,RF,0,0
19099,5,RF,0,0
19100,5,RF,0,0
19107,5,RF,0,0
19115,5,RF,0,0
19120,5,RF,0,0
19134,5,RF,0,0
19147,5,RF,0,0
19151,5,RF,0,0
19172,5,RF,0,0
19180,5,RF,0,0
19193,5,RF,0,0
19197,5,RF,0,0
19201,5,RF,0,0
19204,5,RF,0,0
19209,5,RF,0,0
19210,5,RF,0,0
19211,5,RF,0,0
19219,5,RF,0,0
19220,5,RF,0,0
19224,5,RF,0,0
19229,5,RF,0,0
19242,5,RF,1,0
19248,5,RF,0,0
19255,5,RF,1,1
19271,5,RF,0,0
19273,5,RF,1,1
19285,5,RF,0,0
19291,5,RF,0,0
19295,5,RF,1,1
19302,5,RF,0,0
19305,5,RF,0,0
19307,5,RF,0,0
19316,5,RF,0,0
19321,5,RF,0,0
19327,5,RF,0,0
19335,5,RF,0,0
19341,5,RF,1,1
19342,5,RF,0,0
19356,5,RF,0,0
19360,5,RF,0,0
19363,5,RF,0,0
19365,5,RF,0,0
19370,5,RF,0,0
19373,5,RF,0,0
19383,5,RF,0,0
19384,5,RF,0,0
19388,5,RF,0,1
19399,5,RF,0,0
19405,5,RF,0,0
19408,5,RF,0,0
19409,5,RF,0,0
19414,5,RF,1,1
19418,5,RF,0,0
19419,5,RF,1,1
19428,5,RF,0,0
19429,5,RF,0,0
19431,5,RF,0,0
19437,5,RF,0,0
19451,5,RF,0,0
19460,5,RF,0,0
19463,5,RF,0,0
19478,5,RF,0,0
19483,5,RF,1,1
19486,5,RF,0,0
19494,5,RF,0,0
19495,5,RF,0,0
19497,5,RF,0,0
19502,5,RF,0,0
19508,5,RF,0,1
19514,5,RF,0,0
19520,5,RF,0,0
19531,5,RF,0,0
19540,5,RF,0,0
19548,5,RF,0,0
19572,5,RF,0,0
19579,5,RF,0,0
19582,5,RF,0,0
19589,5,RF,0,0
19596,5,RF,0,0
19599,5,RF,0,0
19604,5,RF,1,1
19621,5,RF,0,0
19640,5,RF,0,0
19645,5,RF,0,0
19646,5,RF,0,0
19648,5,RF,0,0
19651,5,RF,0,0
19652,5,RF,0,0
19655,5,RF,0,0
19660,5,RF,0,0
19669,5,RF,0,0
19670,5,RF,0,0
19687,5,RF,0,0
19688,5,RF,0,0
19707,5,RF,0,0
19710,5,RF,1,1
19711,5,RF,0,0
19720,5,RF,0,0
19737,5,RF,0,0
19738,5,RF,0,0
19743,5,RF,0,0
19745,5,RF,0,0
19749,5,RF,0,0
19757,5,RF,0,0
19759,5,RF,0,0
19760,5,RF,0,0
19762,5,RF,0,0
19763,5,RF,0,0
19769,5,RF,0,0
19770,5,RF,1,0
19773,5,RF,0,0
19774,5,RF,0,0
19776,5,RF,0,0
19778,5,RF,0,0
19779,5,RF,1,1
19781,5,RF,0,0
19784,5,RF,0,0
19795,5,RF,1,0
19801,5,RF,0,0
19813,5,RF,0,0
19834,5,RF,0,0
19836,5,RF,1,1
19840,5,RF,0,0
19855,5,RF,0,0
19856,5,RF,0,0
19861,5,RF,0,0
19862,5,RF,0,0
19876,5,RF,0,0
19880,5,RF,0,0
19882,5,RF,0,0
19885,5,RF,0,0
19889,5,RF,0,1
19897,5,RF,0,0
19903,5,RF,0,0
19908,5,RF,0,0
19911,5,RF,0,0
19912,5,RF,0,0
19913,5,RF,0,0
19914,5,RF,0,0
19932,5,RF,0,0
19934,5,RF,0,0
19935,5,RF,0,0
19938,5,RF,0,0
19959,5,RF,0,0
19961,5,RF,0,0
19979,5,RF,0,0
19982,5,RF,0,0
19984,5,RF,1,1
19990,5,RF,0,0
19995,5,RF,0,0
20000,5,RF,0,0
20003,5,RF,0,0
20004,5,RF,0,0
20009,5,RF,0,0
20014,5,RF,0,0
20023,5,RF,0,0
20035,5,RF,0,0
20041,5,RF,0,0
20042,5,RF,0,0
20049,5,RF,0,0
20057,5,RF,1,1
20071,5,RF,0,0
20074,5,RF,0,0
20075,5,RF,0,0
20084,5,RF,0,0
20103,5,RF,0,0
20105,5,RF,0,0
20107,5,RF,0,0
20113,5,RF,0,0
0,5,LR,0,0
18,5,LR,0,0
21,5,LR,1,1
22,5,LR,0,0
24,5,LR,0,0
25,5,LR,0,0
28,5,LR,1,1
35,5,LR,0,0
41,5,LR,0,0
43,5,LR,0,1
46,5,LR,0,0
47,5,LR,0,0
48,5,LR,0,0
52,5,LR,0,0
58,5,LR,0,0
60,5,LR,0,0
68,5,LR,0,0
70,5,LR,0,0
75,5,LR,0,0
76,5,LR,0,1
77,5,LR,0,0
84,5,LR,0,0
94,5,LR,0,0
99,5,LR,0,0
100,5,LR,0,0
101,5,LR,0,0
109,5,LR,0,0
113,5,LR,0,0
116,5,LR,0,0
128,5,LR,0,0
134,5,LR,0,0
138,5,LR,0,0
139,5,LR,0,0
144,5,LR,0,0
146,5,LR,1,0
157,5,LR,1,1
161,5,LR,1,0
175,5,LR,0,0
180,5,LR,1,1
185,5,LR,0,0
188,5,LR,1,1
189,5,LR,0,0
191,5,LR,0,0
197,5,LR,0,1
204,5,LR,0,0
206,5,LR,0,0
216,5,LR,0,0
219,5,LR,0,0
220,5,LR,0,0
230,5,LR,0,0
232,5,LR,0,0
233,5,LR,0,0
236,5,LR,0,0
238,5,LR,0,0
243,5,LR,0,0
245,5,LR,0,0
248,5,LR,0,0
260,5,LR,0,0
273,5,LR,0,0
279,5,LR,0,0
281,5,LR,0,0
286,5,LR,0,0
290,5,LR,0,0
295,5,LR,0,0
299,5,LR,0,0
305,5,LR,0,0
312,5,LR,0,0
319,5,LR,0,0
347,5,LR,1,1
349,5,LR,0,0
350,5,LR,0,0
359,5,LR,1,1
360,5,LR,0,0
363,5,LR,0,0
365,5,LR,0,0
366,5,LR,0,0
374,5,LR,0,0
378,5,LR,0,0
380,5,LR,0,0
385,5,LR,0,0
387,5,LR,0,0
390,5,LR,0,0
396,5,LR,0,0
399,5,LR,1,1
420,5,LR,0,0
421,5,LR,0,0
422,5,LR,0,0
425,5,LR,0,0
430,5,LR,0,0
435,5,LR,0,0
439,5,LR,0,0
444,5,LR,0,0
451,5,LR,0,0
455,5,LR,0,0
456,5,LR,1,1
459,5,LR,0,0
460,5,LR,0,0
461,5,LR,0,0
465,5,LR,0,0
469,5,LR,0,0
471,5,LR,1,1
475,5,LR,0,0
476,5,LR,0,0
480,5,LR,0,0
482,5,LR,0,0
483,5,LR,0,0
490,5,LR,0,0
500,5,LR,0,0
504,5,LR,0,0
506,5,LR,0,0
508,5,LR,1,1
519,5,LR,0,0
523,5,LR,0,0
525,5,LR,0,0
531,5,LR,0,0
532,5,LR,0,0
535,5,LR,0,0
544,5,LR,0,0
545,5,LR,0,0
547,5,LR,0,0
556,5,LR,0,0
558,5,LR,0,0
562,5,LR,0,0
563,5,LR,0,0
565,5,LR,0,0
573,5,LR,1,1
576,5,LR,0,0
577,5,LR,0,0
581,5,LR,0,0
582,5,LR,0,0
588,5,LR,0,0
597,5,LR,0,0
601,5,LR,0,0
607,5,LR,0,0
609,5,LR,0,0
610,5,LR,0,0
611,5,LR,0,0
613,5,LR,0,0
618,5,LR,0,0
620,5,LR,0,0
621,5,LR,0,0
623,5,LR,0,0
627,5,LR,0,0
630,5,LR,0,0
634,5,LR,0,0
639,5,LR,1,0
647,5,LR,0,0
651,5,LR,0,0
668,5,LR,0,1
676,5,LR,0,0
684,5,LR,0,0
697,5,LR,0,0
716,5,LR,0,0
719,5,LR,0,0
720,5,LR,0,0
728,5,LR,0,0
732,5,LR,0,1
733,5,LR,0,1
746,5,LR,0,0
749,5,LR,0,0
759,5,LR,0,0
778,5,LR,1,1
782,5,LR,0,0
785,5,LR,0,0
787,5,LR,0,0
789,5,LR,0,0
795,5,LR,0,0
797,5,LR,0,0
801,5,LR,0,0
803,5,LR,0,0
815,5,LR,0,0
818,5,LR,0,0
826,5,LR,1,1
834,5,LR,0,0
841,5,LR,0,0
846,5,LR,0,0
847,5,LR,0,0
850,5,LR,0,0
857,5,LR,0,0
863,5,LR,0,1
869,5,LR,0,0
875,5,LR,1,1
880,5,LR,0,0
882,5,LR,0,0
886,5,LR,0,0
887,5,LR,0,0
890,5,LR,0,0
893,5,LR,0,0
897,5,LR,0,0
911,5,LR,0,0
921,5,LR,0,0
926,5,LR,0,0
934,5,LR,0,0
937,5,LR,0,0
939,5,LR,0,0
942,5,LR,0,0
943,5,LR,0,0
945,5,LR,1,1
949,5,LR,0,0
953,5,LR,0,0
956,5,LR,0,0
969,5,LR,0,0
972,5,LR,0,0
987,5,LR,1,1
989,5,LR,0,0
1002,5,LR,0,0
1008,5,LR,0,0
1010,5,LR,0,0
1012,5,LR,0,0
1014,5,LR,0,0
1016,5,LR,1,1
1018,5,LR,1,1
1020,5,LR,0,0
1033,5,LR,0,0
1035,5,LR,0,0
1036,5,LR,0,0
1037,5,LR,0,0
1039,5,LR,0,0
1043,5,LR,0,0
1044,5,LR,0,0
1046,5,LR,0,0
1048,5,LR,0,0
1055,5,LR,0,0
1057,5,LR,1,1
1058,5,LR,0,0
1060,5,LR,0,0
1061,5,LR,0,0
1064,5,LR,1,1
1069,5,LR,0,0
1082,5,LR,0,0
1085,5,LR,0,0
1097,5,LR,0,0
1101,5,LR,0,0
1103,5,LR,0,0
1104,5,LR,0,0
1105,5,LR,0,0
1110,5,LR,0,0
1116,5,LR,0,0
1121,5,LR,1,1
1133,5,LR,0,0
1135,5,LR,0,0
1136,5,LR,1,1
1138,5,LR,0,0
1149,5,LR,0,0
1155,5,LR,0,0
1159,5,LR,1,1
1160,5,LR,0,0
1167,5,LR,0,0
1171,5,LR,0,0
1173,5,LR,0,0
1180,5,LR,0,0
1191,5,LR,0,0
1193,5,LR,0,0
1198,5,LR,0,0
1202,5,LR,1,0
1205,5,LR,0,0
1206,5,LR,0,0
1210,5,LR,0,0
1214,5,LR,0,0
1216,5,LR,0,0
1227,5,LR,0,0
1239,5,LR,0,0
1241,5,LR,0,0
1244,5,LR,0,0
1248,5,LR,0,0
1261,5,LR,0,0
1263,5,LR,0,0
1266,5,LR,0,0
1274,5,LR,0,0
1277,5,LR,0,0
1281,5,LR,1,0
1286,5,LR,0,1
1294,5,LR,1,1
1295,5,LR,1,0
1300,5,LR,0,0
1314,5,LR,0,0
1315,5,LR,0,0
1318,5,LR,0,0
1327,5,LR,0,0
1329,5,LR,0,0
1332,5,LR,0,0
1335,5,LR,0,0
1358,5,LR,0,0
1361,5,LR,0,0
1362,5,LR,0,0
1364,5,LR,1,1
1368,5,LR,0,0
1387,5,LR,0,0
1390,5,LR,1,1
1395,5,LR,0,0
1397,5,LR,0,0
1404,5,LR,1,0
1408,5,LR,0,0
1412,5,LR,0,0
1413,5,LR,0,0
1423,5,LR,0,0
1424,5,LR,0,1
1435,5,LR,0,0
1436,5,LR,0,0
1439,5,LR,0,0
1441,5,LR,0,0
1449,5,LR,0,1
1450,5,LR,0,0
1457,5,LR,0,0
1461,5,LR,0,0
1465,5,LR,1,1
1470,5,LR,0,0
1472,5,LR,0,0
1476,5,LR,0,0
1478,5,LR,0,0
1490,5,LR,0,0
1496,5,LR,0,0
1514,5,LR,0,0
1515,5,LR,0,0
1516,5,LR,0,0
1525,5,LR,0,0
1533,5,LR,0,0
1534,5,LR,0,0
1535,5,LR,0,0
1542,5,LR,0,0
1553,5,LR,1,0
1556,5,LR,0,0
1564,5,LR,0,0
1569,5,LR,0,0
1570,5,LR,1,0
1575,5,LR,0,0
1578,5,LR,0,0
1586,5,LR,0,0
1599,5,LR,0,0
1607,5,LR,1,1
1610,5,LR,0,0
1614,5,LR,0,0
1619,5,LR,1,1
1630,5,LR,0,0
1636,5,LR,0,0
1644,5,LR,0,0
1653,5,LR,0,0
1655,5,LR,0,0
1662,5,LR,0,0
1663,5,LR,0,0
1670,5,LR,0,0
1678,5,LR,1,1
1680,5,LR,0,0
1684,5,LR,0,0
1685,5,LR,0,0
1695,5,LR,0,0
1708,5,LR,0,0
1713,5,LR,0,1
1717,5,LR,0,0
1719,5,LR,0,0
1731,5,LR,0,0
1733,5,LR,1,1
1738,5,LR,0,0
1740,5,LR,1,1
1741,5,LR,0,0
1755,5,LR,0,0
1790,5,LR,0,0
1791,5,LR,0,0
1792,5,LR,0,0
1795,5,LR,0,0
1798,5,LR,0,0
1800,5,LR,0,0
1801,5,LR,0,0
1808,5,LR,0,0
1810,5,LR,0,0
1811,5,LR,0,0
1812,5,LR,0,0
1815,5,LR,0,0
1829,5,LR,0,0
1840,5,LR,0,0
1843,5,LR,0,0
1850,5,LR,0,0
1859,5,LR,0,0
1872,5,LR,0,0
1883,5,LR,0,0
1886,5,LR,0,0
1897,5,LR,0,0
1899,5,LR,0,0
1902,5,LR,0,0
1905,5,LR,0,0
1906,5,LR,0,0
1913,5,LR,0,0
1918,5,LR,0,0
1919,5,LR,1,1
1921,5,LR,0,0
1922,5,LR,1,1
1929,5,LR,0,0
1930,5,LR,0,0
1934,5,LR,0,0
1945,5,LR,0,0
1947,5,LR,0,0
1949,5,LR,0,0
1954,5,LR,0,1
1958,5,LR,1,1
1960,5,LR,0,0
1972,5,LR,0,0
1973,5,LR,0,0
1992,5,LR,1,1
1998,5,LR,0,0
2000,5,LR,0,0
2001,5,LR,1,1
2003,5,LR,0,0
2006,5,LR,0,0
2007,5,LR,0,0
2017,5,LR,0,0
2019,5,LR,0,0
2021,5,LR,0,0
2028,5,LR,1,1
2034,5,LR,0,0
2035,5,LR,0,0
2036,5,LR,0,0
2039,5,LR,0,0
2048,5,LR,0,0
2052,5,LR,0,1
2054,5,LR,0,0
2058,5,LR,0,0
2060,5,LR,0,0
2065,5,LR,0,0
2077,5,LR,0,0
2093,5,LR,0,0
2095,5,LR,0,0
2101,5,LR,0,0
2103,5,LR,0,1
2104,5,LR,0,0
2113,5,LR,0,0
2114,5,LR,0,0
2122,5,LR,1,0
2125,5,LR,0,0
2127,5,LR,0,0
2128,5,LR,0,0
2131,5,LR,0,0
2142,5,LR,0,0
2150,5,LR,0,0
2158,5,LR,0,0
2162,5,LR,0,0
2168,5,LR,0,0
2171,5,LR,0,0
2180,5,LR,0,0
2189,5,LR,0,0
2191,5,LR,0,0
2193,5,LR,0,0
2203,5,LR,0,0
2204,5,LR,0,0
2205,5,LR,1,1
2209,5,LR,0,1
2216,5,LR,0,0
2220,5,LR,0,0
2224,5,LR,0,0
2228,5,LR,1,1
2235,5,LR,0,0
2249,5,LR,1,1
2252,5,LR,0,0
2258,5,LR,0,0
2259,5,LR,1,1
2262,5,LR,0,0
2263,5,LR,0,0
2265,5,LR,0,0
2276,5,LR,0,0
2277,5,LR,0,0
2282,5,LR,0,0
2287,5,LR,1,1
2292,5,LR,0,0
2294,5,LR,0,0
2301,5,LR,0,0
2305,5,LR,0,0
2310,5,LR,0,0
2312,5,LR,0,0
2329,5,LR,0,0
2335,5,LR,1,0
2336,5,LR,0,0
2350,5,LR,1,1
2354,5,LR,0,0
2361,5,LR,1,1
2365,5,LR,0,0
2367,5,LR,0,0
2368,5,LR,1,1
2372,5,LR,0,0
2373,5,LR,0,0
2382,5,LR,1,1
2383,5,LR,0,0
2384,5,LR,0,0
2385,5,LR,0,0
2386,5,LR,0,0
2388,5,LR,0,0
2389,5,LR,0,0
2391,5,LR,1,0
2401,5,LR,1,1
2408,5,LR,0,0
2413,5,LR,0,0
2430,5,LR,0,0
2435,5,LR,0,0
2438,5,LR,0,0
2440,5,LR,0,0
2450,5,LR,0,0
2460,5,LR,0,0
2467,5,LR,0,0
2470,5,LR,0,0
2474,5,LR,0,0
2476,5,LR,0,0
2477,5,LR,0,0
2481,5,LR,0,0
2498,5,LR,0,0
2501,5,LR,0,0
2508,5,LR,0,0
2514,5,LR,0,0
2517,5,LR,1,1
2518,5,LR,0,0
2527,5,LR,0,0
2531,5,LR,0,0
2537,5,LR,0,0
2555,5,LR,0,0
2574,5,LR,0,0
2582,5,LR,0,1
2588,5,LR,0,0
2592,5,LR,1,1
2605,5,LR,0,0
2610,5,LR,0,0
2621,5,LR,0,0
2631,5,LR,1,1
2635,5,LR,0,0
2639,5,LR,1,1
2649,5,LR,0,0
2650,5,LR,1,1
2651,5,LR,0,0
2653,5,LR,0,0
2658,5,LR,0,0
2659,5,LR,0,0
2661,5,LR,1,1
2665,5,LR,0,0
2678,5,LR,0,0
2681,5,LR,0,0
2687,5,LR,0,0
2705,5,LR,0,0
2712,5,LR,0,0
2713,5,LR,0,0
2718,5,LR,0,0
2731,5,LR,0,0
2739,5,LR,0,0
2746,5,LR,0,0
2751,5,LR,0,0
2752,5,LR,0,0
2755,5,LR,1,1
2756,5,LR,0,0
2757,5,LR,0,0
2759,5,LR,0,0
2762,5,LR,0,0
2764,5,LR,0,0
2766,5,LR,0,1
2771,5,LR,0,0
2786,5,LR,0,0
2790,5,LR,0,0
2792,5,LR,1,1
2796,5,LR,0,0
2800,5,LR,0,0
2804,5,LR,0,0
2805,5,LR,0,0
2810,5,LR,0,0
2818,5,LR,1,1
2826,5,LR,0,0
2833,5,LR,1,1
2848,5,LR,1,1
2876,5,LR,0,0
2887,5,LR,0,0
2894,5,LR,0,0
2895,5,LR,0,1
2899,5,LR,0,0
2901,5,LR,0,0
2902,5,LR,1,1
2907,5,LR,1,1
2917,5,LR,0,1
2921,5,LR,0,0
2926,5,LR,0,0
2927,5,LR,0,0
2930,5,LR,0,1
2931,5,LR,0,0
2944,5,LR,1,1
2947,5,LR,0,0
2952,5,LR,0,0
2955,5,LR,0,0
2956,5,LR,0,0
2958,5,LR,1,1
2970,5,LR,0,0
2971,5,LR,0,0
2973,5,LR,0,0
2983,5,LR,1,1
2986,5,LR,0,0
2987,5,LR,1,1
2992,5,LR,0,0
2993,5,LR,0,0
3007,5,LR,0,0
3010,5,LR,0,0
3011,5,LR,0,0
3019,5,LR,0,0
3035,5,LR,0,0
3044,5,LR,0,0
3045,5,LR,0,0
3050,5,LR,0,0
3051,5,LR,0,0
3052,5,LR,0,0
3054,5,LR,0,0
3056,5,LR,0,0
3059,5,LR,0,0
3061,5,LR,0,0
3063,5,LR,1,1
3072,5,LR,0,0
3073,5,LR,0,1
3074,5,LR,1,0
3076,5,LR,0,0
3096,5,LR,0,0
3098,5,LR,0,0
3111,5,LR,0,0
3114,5,LR,0,0
3116,5,LR,0,0
3121,5,LR,0,0
3125,5,LR,0,0
3128,5,LR,0,0
3135,5,LR,0,0
3138,5,LR,1,1
3140,5,LR,0,0
3143,5,LR,0,1
3146,5,LR,0,0
3150,5,LR,0,0
3155,5,LR,0,0
3157,5,LR,0,0
3168,5,LR,1,1
3175,5,LR,0,0
3180,5,LR,0,0
3184,5,LR,0,0
3185,5,LR,0,0
3193,5,LR,0,0
3202,5,LR,0,0
3204,5,LR,0,0
3207,5,LR,0,0
3218,5,LR,0,0
3226,5,LR,0,0
3230,5,LR,0,0
3231,5,LR,0,0
3234,5,LR,0,0
3235,5,LR,0,0
3236,5,LR,0,0
3246,5,LR,0,0
3247,5,LR,0,0
3248,5,LR,0,0
3250,5,LR,0,0
3267,5,LR,0,0
3270,5,LR,0,0
3272,5,LR,0,0
3276,5,LR,0,0
3283,5,LR,0,0
3294,5,LR,0,0
3296,5,LR,0,0
3298,5,LR,0,0
3301,5,LR,0,0
3307,5,LR,0,0
3314,5,LR,0,0
3317,5,LR,0,0
3320,5,LR,1,1
3338,5,LR,0,0
3341,5,LR,0,0
3352,5,LR,0,0
3374,5,LR,1,1
3375,5,LR,0,0
3377,5,LR,0,0
3385,5,LR,0,0
3390,5,LR,0,0
3399,5,LR,0,0
3400,5,LR,0,0
3404,5,LR,0,0
3406,5,LR,0,0
3408,5,LR,0,0
3409,5,LR,0,0
3414,5,LR,0,0
3422,5,LR,0,0
3429,5,LR,0,0
3435,5,LR,0,0
3439,5,LR,0,0
3440,5,LR,0,0
3442,5,LR,0,0
3444,5,LR,0,0
3447,5,LR,0,0
3454,5,LR,0,0
3459,5,LR,1,1
3467,5,LR,0,0
3469,5,LR,1,1
3470,5,LR,1,1
3474,5,LR,0,0
3476,5,LR,0,0
3479,5,LR,0,0
3486,5,LR,0,0
3490,5,LR,0,0
3503,5,LR,0,0
3506,5,LR,1,1
3513,5,LR,0,1
3516,5,LR,0,0
3517,5,LR,0,0
3520,5,LR,0,0
3522,5,LR,0,0
3534,5,LR,0,0
3535,5,LR,0,0
3540,5,LR,0,0
3542,5,LR,0,0
3552,5,LR,0,0
3555,5,LR,1,1
3561,5,LR,0,0
3571,5,LR,0,0
3572,5,LR,0,0
3574,5,LR,0,0
3592,5,LR,0,0
3593,5,LR,0,0
3604,5,LR,0,0
3605,5,LR,0,0
3606,5,LR,0,0
3621,5,LR,0,0
3622,5,LR,0,0
3625,5,LR,0,0
3632,5,LR,0,0
3634,5,LR,0,0
3637,5,LR,0,0
3639,5,LR,0,0
3640,5,LR,0,0
3647,5,LR,0,0
3650,5,LR,1,0
3651,5,LR,0,0
3653,5,LR,0,0
3656,5,LR,0,0
3667,5,LR,0,1
3671,5,LR,0,0
3673,5,LR,0,0
3676,5,LR,1,0
3679,5,LR,1,1
3682,5,LR,0,0
3683,5,LR,1,1
3685,5,LR,0,0
3689,5,LR,0,0
3690,5,LR,1,1
3695,5,LR,0,0
3705,5,LR,0,0
3709,5,LR,0,0
3715,5,LR,0,0
3721,5,LR,1,1
3722,5,LR,0,0
3723,5,LR,0,0
3726,5,LR,0,0
3738,5,LR,0,0
3745,5,LR,0,0
3750,5,LR,0,0
3753,5,LR,0,0
3756,5,LR,1,1
3758,5,LR,0,0
3762,5,LR,0,0
3763,5,LR,0,0
3764,5,LR,0,0
3765,5,LR,1,1
3766,5,LR,0,0
3768,5,LR,0,0
3770,5,LR,1,1
3771,5,LR,0,0
3772,5,LR,0,0
3779,5,LR,0,0
3793,5,LR,0,0
3796,5,LR,0,0
3806,5,LR,0,0
3808,5,LR,0,0
3809,5,LR,0,0
3815,5,LR,0,0
3823,5,LR,0,0
3824,5,LR,0,0
3826,5,LR,0,0
3827,5,LR,0,0
3836,5,LR,0,0
3844,5,LR,0,0
3845,5,LR,0,0
3846,5,LR,0,0
3850,5,LR,0,0
3853,5,LR,0,0
3859,5,LR,0,0
3871,5,LR,1,1
3872,5,LR,0,0
3875,5,LR,0,0
3887,5,LR,1,1
3889,5,LR,0,0
3891,5,LR,0,0
3893,5,LR,0,0
3894,5,LR,0,0
3909,5,LR,0,0
3915,5,LR,0,0
3923,5,LR,0,0
3924,5,LR,0,0
3926,5,LR,0,0
3927,5,LR,0,0
3946,5,LR,0,0
3955,5,LR,0,0
3962,5,LR,0,0
3968,5,LR,1,1
3991,5,LR,0,0
4005,5,LR,0,0
4025,5,LR,1,1
4029,5,LR,0,0
4038,5,LR,0,0
4039,5,LR,0,0
4051,5,LR,0,0
4052,5,LR,0,0
4053,5,LR,0,0
4055,5,LR,0,0
4074,5,LR,0,0
4075,5,LR,0,0
4077,5,LR,0,0
4079,5,LR,1,1
4081,5,LR,0,0
4084,5,LR,0,0
4085,5,LR,0,0
4089,5,LR,0,1
4090,5,LR,0,0
4091,5,LR,0,0
4096,5,LR,0,0
4101,5,LR,1,1
4102,5,LR,1,1
4105,5,LR,0,0
4111,5,LR,0,0
4122,5,LR,1,1
4123,5,LR,0,0
4128,5,LR,0,0
4130,5,LR,0,0
4143,5,LR,0,0
4144,5,LR,0,0
4154,5,LR,0,0
4155,5,LR,0,0
4156,5,LR,0,0
4168,5,LR,0,0
4170,5,LR,0,0
4171,5,LR,0,0
4172,5,LR,0,0
4175,5,LR,0,0
4176,5,LR,0,0
4179,5,LR,0,0
4183,5,LR,0,0
4184,5,LR,0,0
4200,5,LR,1,1
4210,5,LR,0,0
4218,5,LR,0,0
4219,5,LR,0,0
4223,5,LR,0,0
4230,5,LR,0,0
4231,5,LR,0,1
4233,5,LR,0,0
4251,5,LR,0,0
4252,5,LR,0,1
4255,5,LR,0,0
4262,5,LR,0,0
4270,5,LR,0,0
4272,5,LR,0,1
4278,5,LR,0,0
4285,5,LR,0,0
4287,5,LR,0,0
4289,5,LR,1,1
4299,5,LR,0,0
4303,5,LR,0,0
4306,5,LR,0,0
4313,5,LR,0,0
4315,5,LR,1,1
4318,5,LR,1,1
4319,5,LR,0,0
4323,5,LR,0,0
4330,5,LR,0,0
4332,5,LR,0,0
4344,5,LR,0,0
4346,5,LR,0,0
4351,5,LR,0,0
4355,5,LR,0,1
4362,5,LR,0,1
4366,5,LR,0,0
4374,5,LR,1,1
4376,5,LR,1,1
4377,5,LR,0,0
4388,5,LR,0,1
4404,5,LR,1,0
4405,5,LR,0,0
4423,5,LR,0,0
4425,5,LR,0,0
4426,5,LR,1,1
4433,5,LR,0,0
4437,5,LR,0,0
4443,5,LR,0,0
4449,5,LR,0,0
4461,5,LR,0,0
4472,5,LR,1,0
4474,5,LR,0,0
4478,5,LR,0,0
4485,5,LR,0,0
4492,5,LR,0,0
4506,5,LR,0,0
4509,5,LR,0,0
4511,5,LR,0,0
4512,5,LR,0,0
4521,5,LR,0,0
4530,5,LR,0,0
4538,5,LR,0,0
4542,5,LR,0,0
4547,5,LR,0,0
4555,5,LR,0,0
4560,5,LR,1,0
4562,5,LR,0,0
4564,5,LR,0,0
4574,5,LR,0,0
4579,5,LR,0,0
4580,5,LR,0,0
4581,5,LR,0,0
4585,5,LR,0,0
4597,5,LR,0,0
4603,5,LR,0,0
4605,5,LR,0,0
4607,5,LR,0,0
4611,5,LR,0,0
4612,5,LR,0,0
4623,5,LR,0,0
4627,5,LR,1,1
4628,5,LR,0,0
4635,5,LR,0,0
4644,5,LR,0,0
4648,5,LR,0,0
4651,5,LR,0,0
4657,5,LR,0,0
4661,5,LR,0,0
4662,5,LR,1,1
4663,5,LR,0,0
4666,5,LR,0,0
4668,5,LR,0,0
4672,5,LR,0,0
4676,5,LR,0,0
4677,5,LR,1,1
4678,5,LR,1,1
4682,5,LR,0,0
4695,5,LR,0,0
4696,5,LR,0,0
4700,5,LR,1,0
4701,5,LR,0,0
4705,5,LR,0,0
4706,5,LR,0,0
4708,5,LR,0,0
4728,5,LR,1,1
4736,5,LR,0,0
4739,5,LR,1,0
4742,5,LR,0,0
4743,5,LR,0,0
4744,5,LR,1,0
4749,5,LR,0,0
4750,5,LR,0,0
4753,5,LR,0,0
4758,5,LR,1,0
4767,5,LR,0,0
4769,5,LR,1,1
4770,5,LR,0,0
4771,5,LR,0,0
4772,5,LR,0,0
4782,5,LR,1,1
4787,5,LR,0,0
4788,5,LR,0,0
4793,5,LR,0,0
4805,5,LR,0,0
4815,5,LR,0,0
4816,5,LR,0,0
4817,5,LR,0,0
4818,5,LR,1,0
4830,5,LR,0,0
4833,5,LR,1,1
4839,5,LR,0,0
4844,5,LR,0,0
4845,5,LR,1,1
4848,5,LR,0,0
4869,5,LR,0,0
4878,5,LR,1,1
4881,5,LR,0,0
4887,5,LR,0,0
4891,5,LR,0,0
4892,5,LR,1,1
4894,5,LR,0,0
4895,5,LR,0,0
4897,5,LR,1,1
4906,5,LR,1,0
4915,5,LR,0,0
4920,5,LR,0,0
4921,5,LR,0,0
4923,5,LR,0,0
4925,5,LR,0,0
4934,5,LR,0,0
4936,5,LR,0,0
4941,5,LR,0,0
4947,5,LR,0,0
4952,5,LR,1,1
4955,5,LR,0,0
4958,5,LR,0,0
4971,5,LR,0,0
4982,5,LR,0,1
4985,5,LR,1,1
4986,5,LR,0,0
4988,5,LR,0,1
4989,5,LR,0,0
4993,5,LR,0,0
4998,5,LR,0,0
4999,5,LR,1,1
5002,5,LR,0,0
5003,5,LR,0,0
5004,5,LR,0,0
5005,5,LR,0,0
5012,5,LR,0,0
5015,5,LR,0,0
5025,5,LR,0,0
5028,5,LR,0,0
5034,5,LR,1,1
5046,5,LR,0,0
5070,5,LR,0,0
5083,5,LR,0,0
5085,5,LR,0,0
5088,5,LR,0,0
5090,5,LR,0,0
5099,5,LR,0,0
5101,5,LR,0,0
5105,5,LR,0,0
5106,5,LR,0,0
5109,5,LR,0,0
5111,5,LR,0,1
5113,5,LR,0,0
5116,5,LR,0,0
5119,5,LR,0,0
5122,5,LR,0,0
5127,5,LR,0,0
5134,5,LR,0,0
5135,5,LR,0,0
5136,5,LR,0,0
5146,5,LR,0,0
5158,5,LR,0,0
5163,5,LR,0,0
5171,5,LR,0,0
5175,5,LR,1,1
5177,5,LR,0,1
5188,5,LR,0,0
5189,5,LR,1,1
5196,5,LR,0,0
5199,5,LR,0,0
5204,5,LR,0,0
5212,5,LR,0,0
5213,5,LR,0,0
5215,5,LR,0,0
5218,5,LR,0,0
5219,5,LR,0,0
5221,5,LR,0,0
5243,5,LR,0,0
5244,5,LR,0,0
5248,5,LR,0,0
5250,5,LR,0,0
5251,5,LR,0,0
5252,5,LR,0,0
5255,5,LR,0,0
5260,5,LR,0,0
5262,5,LR,0,0
5264,5,LR,0,0
5265,5,LR,0,0
5268,5,LR,0,0
5273,5,LR,0,0
5276,5,LR,0,0
5283,5,LR,0,0
5286,5,LR,0,1
5288,5,LR,0,0
5295,5,LR,0,0
5300,5,LR,1,1
5303,5,LR,0,0
5310,5,LR,0,0
5315,5,LR,0,0
5323,5,LR,0,0
5326,5,LR,0,0
5328,5,LR,0,0
5335,5,LR,0,0
5336,5,LR,0,0
5338,5,LR,0,1
5345,5,LR,0,0
5352,5,LR,0,0
5357,5,LR,0,0
5368,5,LR,1,1
5369,5,LR,0,0
5370,5,LR,0,1
5378,5,LR,0,0
5382,5,LR,0,0
5384,5,LR,0,0
5385,5,LR,0,0
5400,5,LR,0,0
5404,5,LR,0,0
5414,5,LR,0,0
5417,5,LR,0,0
5420,5,LR,0,0
5421,5,LR,0,0
5429,5,LR,0,0
5435,5,LR,0,0
5441,5,LR,0,0
5443,5,LR,0,0
5461,5,LR,0,0
5462,5,LR,0,0
5463,5,LR,0,0
5477,5,LR,0,0
5478,5,LR,0,0
5488,5,LR,0,0
5489,5,LR,0,1
5493,5,LR,0,0
5494,5,LR,0,0
5496,5,LR,0,0
5498,5,LR,0,0
5501,5,LR,0,0
5502,5,LR,0,0
5516,5,LR,0,0
5518,5,LR,0,0
5520,5,LR,0,0
5525,5,LR,0,0
5526,5,LR,0,0
5535,5,LR,0,0
5537,5,LR,0,0
5541,5,LR,0,0
5546,5,LR,0,0
5550,5,LR,0,0
5553,5,LR,0,0
5555,5,LR,0,0
5560,5,LR,0,0
5561,5,LR,0,0
5566,5,LR,0,0
5568,5,LR,0,1
5578,5,LR,0,0
5580,5,LR,0,0
5600,5,LR,0,1
5603,5,LR,0,0
5608,5,LR,0,0
5609,5,LR,0,0
5610,5,LR,0,0
5619,5,LR,0,0
5628,5,LR,1,1
5630,5,LR,0,0
5634,5,LR,0,0
5636,5,LR,0,0
5639,5,LR,0,0
5640,5,LR,0,0
5650,5,LR,0,0
5662,5,LR,1,1
5665,5,LR,0,0
5670,5,LR,1,0
5678,5,LR,0,0
5680,5,LR,0,0
5689,5,LR,0,0
5690,5,LR,0,0
5696,5,LR,0,0
5697,5,LR,0,0
5702,5,LR,0,0
5704,5,LR,1,1
5711,5,LR,0,0
5719,5,LR,0,0
5728,5,LR,0,0
5729,5,LR,0,0
5736,5,LR,0,0
5743,5,LR,0,0
5744,5,LR,0,0
5745,5,LR,0,0
5764,5,LR,0,0
5767,5,LR,1,0
5769,5,LR,0,0
5771,5,LR,1,1
5772,5,LR,0,0
5773,5,LR,0,0
5775,5,LR,0,0
5786,5,LR,0,0
5801,5,LR,0,0
5803,5,LR,0,0
5805,5,LR,1,1
5823,5,LR,0,0
5824,5,LR,0,0
5831,5,LR,0,0
5832,5,LR,0,0
5836,5,LR,0,0
5840,5,LR,0,0
5849,5,LR,0,0
5862,5,LR,0,0
5863,5,LR,0,0
5868,5,LR,0,0
5873,5,LR,0,0
5883,5,LR,0,0
5888,5,LR,1,1
5896,5,LR,0,0
5897,5,LR,0,0
5903,5,LR,0,0
5905,5,LR,0,0
5906,5,LR,0,0
5907,5,LR,0,0
5919,5,LR,0,0
5920,5,LR,0,0
5923,5,LR,0,0
5934,5,LR,0,0
5944,5,LR,0,0
5948,5,LR,0,0
5950,5,LR,0,1
5952,5,LR,0,0
5959,5,LR,0,0
5964,5,LR,0,0
5965,5,LR,1,0
5970,5,LR,1,1
5972,5,LR,1,1
5974,5,LR,0,0
5976,5,LR,0,0
5980,5,LR,1,0
5985,5,LR,0,0
5989,5,LR,0,0
5992,5,LR,0,0
6005,5,LR,0,0
6020,5,LR,0,0
6024,5,LR,1,0
6035,5,LR,0,1
6036,5,LR,1,1
6043,5,LR,0,0
6051,5,LR,1,1
6052,5,LR,0,0
6054,5,LR,0,0
6055,5,LR,0,0
6056,5,LR,0,0
6057,5,LR,0,0
6060,5,LR,1,1
6068,5,LR,1,1
6075,5,LR,0,0
6079,5,LR,0,0
6080,5,LR,0,0
6081,5,LR,0,0
6085,5,LR,1,1
6101,5,LR,0,0
6104,5,LR,0,0
6105,5,LR,0,0
6114,5,LR,0,0
6117,5,LR,0,0
6129,5,LR,0,0
6137,5,LR,1,0
6143,5,LR,0,0
6145,5,LR,0,0
6150,5,LR,0,0
6153,5,LR,0,0
6157,5,LR,0,0
6159,5,LR,0,0
6166,5,LR,0,0
6175,5,LR,0,0
6188,5,LR,0,0
6190,5,LR,0,0
6192,5,LR,1,1
6199,5,LR,0,0
6207,5,LR,0,0
6214,5,LR,0,0
6218,5,LR,0,0
6222,5,LR,0,0
6230,5,LR,0,0
6232,5,LR,0,0
6255,5,LR,0,0
6260,5,LR,0,0
6273,5,LR,0,0
6277,5,LR,0,0
6279,5,LR,0,0
6280,5,LR,0,0
6290,5,LR,0,0
6291,5,LR,0,0
6292,5,LR,0,0
6293,5,LR,0,0
6294,5,LR,0,0
6295,5,LR,0,0
6300,5,LR,0,0
6309,5,LR,0,0
6331,5,LR,0,0
6332,5,LR,0,0
6340,5,LR,0,0
6345,5,LR,0,0
6347,5,LR,0,0
6350,5,LR,0,0
6353,5,LR,0,0
6354,5,LR,0,0
6361,5,LR,0,0
6367,5,LR,0,0
6375,5,LR,0,0
6376,5,LR,0,0
6379,5,LR,0,0
6380,5,LR,1,1
6388,5,LR,1,1
6389,5,LR,0,1
6393,5,LR,0,0
6399,5,LR,0,0
6403,5,LR,0,0
6417,5,LR,0,0
6421,5,LR,0,0
6428,5,LR,0,0
6430,5,LR,0,0
6431,5,LR,1,1
6434,5,LR,0,0
6439,5,LR,0,0
6441,5,LR,1,1
6446,5,LR,0,0
6461,5,LR,0,0
6462,5,LR,0,0
6472,5,LR,0,0
6473,5,LR,1,1
6479,5,LR,0,0
6482,5,LR,0,0
6489,5,LR,0,0
6490,5,LR,0,0
6493,5,LR,0,0
6498,5,LR,0,0
6508,5,LR,0,0
6509,5,LR,1,1
6516,5,LR,0,0
6521,5,LR,0,0
6524,5,LR,1,1
6530,5,LR,0,0
6533,5,LR,0,0
6536,5,LR,0,0
6538,5,LR,0,0
6540,5,LR,0,0
6542,5,LR,1,1
6546,5,LR,0,0
6549,5,LR,0,0
6550,5,LR,0,0
6553,5,LR,0,1
6560,5,LR,1,1
6563,5,LR,1,1
6564,5,LR,0,0
6576,5,LR,0,0
6578,5,LR,0,0
6580,5,LR,0,0
6584,5,LR,0,0
6587,5,LR,0,0
6593,5,LR,0,0
6596,5,LR,0,0
6599,5,LR,0,0
6603,5,LR,1,1
6606,5,LR,0,0
6617,5,LR,0,0
6621,5,LR,0,0
6623,5,LR,0,0
6625,5,LR,0,0
6627,5,LR,1,1
6634,5,LR,0,0
6636,5,LR,0,0
6646,5,LR,0,0
6648,5,LR,0,0
6649,5,LR,0,0
6658,5,LR,0,0
6663,5,LR,0,0
6665,5,LR,0,0
6668,5,LR,0,0
6673,5,LR,0,0
6681,5,LR,0,0
6685,5,LR,0,0
6691,5,LR,1,0
6697,5,LR,0,0
6698,5,LR,0,0
6699,5,LR,1,1
6701,5,LR,0,0
6704,5,LR,0,0
6711,5,LR,0,0
6720,5,LR,0,0
6723,5,LR,0,0
6724,5,LR,0,0
6725,5,LR,0,0
6728,5,LR,0,0
6729,5,LR,0,0
6734,5,LR,1,1
6738,5,LR,1,1
6752,5,LR,0,0
6758,5,LR,0,0
6759,5,LR,0,0
6761,5,LR,0,0
6765,5,LR,0,0
6767,5,LR,0,0
6768,5,LR,0,0
6776,5,LR,0,0
6777,5,LR,0,0
6780,5,LR,0,0
6782,5,LR,0,0
6788,5,LR,1,1
6789,5,LR,0,0
6796,5,LR,0,0
6798,5,LR,0,0
6807,5,LR,0,0
6813,5,LR,0,0
6816,5,LR,0,0
6822,5,LR,0,0
6826,5,LR,0,0
6834,5,LR,0,0
6837,5,LR,0,0
6843,5,LR,0,0
6844,5,LR,0,0
6853,5,LR,0,0
6855,5,LR,0,0
6856,5,LR,1,1
6858,5,LR,0,0
6859,5,LR,0,0
6861,5,LR,0,0
6862,5,LR,0,0
6876,5,LR,0,0
6878,5,LR,0,0
6883,5,LR,0,0
6884,5,LR,0,0
6888,5,LR,0,0
6890,5,LR,1,1
6891,5,LR,1,1
6904,5,LR,0,0
6906,5,LR,1,1
6916,5,LR,0,0
6918,5,LR,0,0
6921,5,LR,0,0
6922,5,LR,0,0
6925,5,LR,0,0
6932,5,LR,1,1
6934,5,LR,0,0
6943,5,LR,0,0
6945,5,LR,0,0
6946,5,LR,0,0
6949,5,LR,0,0
6952,5,LR,0,0
6956,5,LR,0,0
6959,5,LR,0,0
6960,5,LR,0,0
6965,5,LR,0,0
6970,5,LR,1,1
6971,5,LR,0,0
6975,5,LR,0,0
6976,5,LR,1,1
6977,5,LR,0,0
6984,5,LR,0,0
6988,5,LR,0,0
6990,5,LR,0,0
6998,5,LR,1,1
7005,5,LR,0,0
7009,5,LR,0,0
7012,5,LR,0,0
7016,5,LR,0,0
7019,5,LR,0,0
7026,5,LR,0,0
7027,5,LR,1,1
7036,5,LR,0,0
7040,5,LR,0,0
7042,5,LR,0,0
7057,5,LR,0,0
7070,5,LR,1,0
7076,5,LR,0,0
7088,5,LR,1,0
7091,5,LR,0,0
7093,5,LR,0,0
7094,5,LR,0,0
7096,5,LR,1,1
7097,5,LR,0,1
7098,5,LR,1,1
7099,5,LR,0,0
7104,5,LR,0,1
7105,5,LR,0,0
7111,5,LR,0,0
7118,5,LR,1,1
7120,5,LR,0,0
7122,5,LR,0,0
7136,5,LR,0,0
7137,5,LR,0,0
7139,5,LR,0,0
7140,5,LR,0,0
7142,5,LR,1,1
7145,5,LR,0,0
7147,5,LR,0,0
7157,5,LR,0,0
7160,5,LR,0,0
7161,5,LR,0,0
7167,5,LR,0,0
7174,5,LR,1,1
7178,5,LR,0,0
7184,5,LR,0,0
7196,5,LR,0,0
7202,5,LR,0,0
7203,5,LR,0,0
7237,5,LR,0,0
7241,5,LR,0,0
7249,5,LR,0,0
7250,5,LR,0,0
7251,5,LR,0,0
7255,5,LR,0,0
7267,5,LR,0,0
7269,5,LR,0,0
7273,5,LR,0,0
7274,5,LR,0,0
7281,5,LR,0,0
7286,5,LR,1,1
7290,5,LR,0,0
7291,5,LR,0,0
7292,5,LR,0,0
7293,5,LR,0,0
7298,5,LR,0,0
7302,5,LR,1,1
7314,5,LR,0,0
7318,5,LR,0,0
7323,5,LR,0,0
7346,5,LR,0,0
7348,5,LR,0,0
7349,5,LR,1,1
7355,5,LR,0,0
7357,5,LR,0,0
7362,5,LR,0,0
7379,5,LR,0,0
7389,5,LR,0,0
7399,5,LR,0,0
7409,5,LR,1,1
7429,5,LR,1,1
7438,5,LR,0,0
7439,5,LR,0,0
7440,5,LR,0,0
7445,5,LR,0,0
7452,5,LR,0,0
7463,5,LR,0,0
7465,5,LR,0,0
7468,5,LR,0,0
7471,5,LR,0,0
7475,5,LR,0,0
7476,5,LR,1,1
7480,5,LR,0,0
7484,5,LR,0,0
7490,5,LR,0,0
7496,5,LR,0,0
7501,5,LR,1,0
7502,5,LR,0,0
7503,5,LR,0,0
7519,5,LR,0,0
7535,5,LR,0,0
7537,5,LR,0,0
7538,5,LR,0,0
7551,5,LR,0,0
7553,5,LR,0,0
7557,5,LR,1,1
7559,5,LR,0,0
7563,5,LR,0,0
7566,5,LR,0,0
7571,5,LR,0,0
7573,5,LR,0,0
7575,5,LR,1,1
7580,5,LR,0,0
7581,5,LR,0,0
7584,5,LR,0,0
7585,5,LR,0,0
7586,5,LR,0,0
7588,5,LR,0,0
7590,5,LR,0,0
7591,5,LR,0,0
7593,5,LR,0,0
7599,5,LR,0,0
7600,5,LR,1,0
7602,5,LR,0,0
7610,5,LR,0,0
7615,5,LR,0,0
7628,5,LR,0,0
7634,5,LR,0,0
7637,5,LR,0,0
7650,5,LR,0,0
7655,5,LR,0,0
7659,5,LR,0,0
7670,5,LR,0,0
7672,5,LR,0,0
7673,5,LR,1,1
7680,5,LR,1,1
7689,5,LR,0,0
7694,5,LR,0,0
7700,5,LR,0,0
7707,5,LR,0,0
7708,5,LR,0,0
7709,5,LR,1,0
7713,5,LR,0,0
7714,5,LR,0,0
7727,5,LR,0,0
7738,5,LR,0,0
7741,5,LR,0,0
7744,5,LR,0,0
7752,5,LR,0,0
7756,5,LR,1,1
7770,5,LR,0,0
7774,5,LR,0,0
7776,5,LR,0,0
7777,5,LR,1,1
7780,5,LR,0,0
7783,5,LR,0,0
7784,5,LR,0,0
7789,5,LR,0,0
7792,5,LR,0,0
7793,5,LR,0,0
7794,5,LR,0,0
7798,5,LR,1,1
7799,5,LR,0,0
7802,5,LR,1,1
7804,5,LR,0,0
7811,5,LR,0,0
7817,5,LR,1,1
7830,5,LR,1,1
7831,5,LR,0,0
7834,5,LR,0,0
7839,5,LR,1,0
7842,5,LR,1,0
7845,5,LR,0,0
7847,5,LR,0,0
7850,5,LR,0,0
7851,5,LR,0,0
7853,5,LR,0,0
7856,5,LR,1,0
7857,5,LR,0,0
7868,5,LR,0,0
7881,5,LR,0,0
7902,5,LR,0,0
7903,5,LR,0,0
7906,5,LR,0,0
7911,5,LR,0,0
7912,5,LR,1,1
7913,5,LR,0,0
7915,5,LR,0,0
7916,5,LR,1,1
7918,5,LR,0,0
7922,5,LR,0,0
7932,5,LR,0,0
7933,5,LR,0,0
7936,5,LR,0,0
7940,5,LR,0,0
7948,5,LR,0,0
7959,5,LR,0,0
7971,5,LR,0,0
7977,5,LR,0,0
7994,5,LR,0,0
7995,5,LR,0,0
7997,5,LR,0,0
8001,5,LR,0,0
8011,5,LR,0,0
8012,5,LR,0,0
8014,5,LR,0,0
8023,5,LR,0,0
8028,5,LR,0,0
8044,5,LR,0,0
8047,5,LR,0,0
8048,5,LR,0,1
8070,5,LR,0,0
8079,5,LR,0,0
8080,5,LR,0,0
8081,5,LR,0,0
8083,5,LR,0,0
8090,5,LR,0,0
8091,5,LR,0,0
8100,5,LR,0,0
8111,5,LR,0,0
8115,5,LR,0,0
8120,5,LR,0,0
8124,5,LR,0,0
8138,5,LR,0,1
8143,5,LR,0,0
8144,5,LR,0,0
8147,5,LR,0,0
8151,5,LR,0,0
8158,5,LR,0,0
8171,5,LR,0,0
8174,5,LR,0,0
8179,5,LR,0,0
8183,5,LR,0,0
8197,5,LR,0,0
8208,5,LR,0,0
8210,5,LR,0,0
8215,5,LR,1,1
8220,5,LR,1,1
8228,5,LR,0,0
8231,5,LR,0,0
8246,5,LR,0,0
8248,5,LR,0,1
8258,5,LR,0,1
8261,5,LR,1,1
8262,5,LR,0,0
8269,5,LR,0,0
8271,5,LR,0,0
8281,5,LR,0,0
8293,5,LR,0,0
8295,5,LR,0,0
8298,5,LR,0,0
8302,5,LR,1,0
8310,5,LR,0,0
8322,5,LR,0,1
8329,5,LR,0,0
8334,5,LR,0,0
8344,5,LR,0,0
8345,5,LR,0,0
8347,5,LR,0,0
8362,5,LR,0,0
8374,5,LR,0,0
8380,5,LR,0,0
8381,5,LR,0,0
8384,5,LR,0,0
8387,5,LR,1,1
8404,5,LR,0,0
8412,5,LR,0,0
8415,5,LR,1,1
8422,5,LR,0,0
8424,5,LR,0,0
8427,5,LR,0,0
8430,5,LR,0,0
8437,5,LR,0,0
8439,5,LR,0,0
8442,5,LR,1,1
8443,5,LR,0,0
8450,5,LR,0,0
8462,5,LR,0,0
8464,5,LR,0,1
8478,5,LR,0,0
8515,5,LR,1,1
8521,5,LR,1,0
8522,5,LR,0,1
8531,5,LR,0,0
8538,5,LR,0,0
8546,5,LR,0,0
8555,5,LR,0,0
8561,5,LR,0,0
8564,5,LR,0,0
8565,5,LR,0,0
8566,5,LR,0,0
8569,5,LR,0,0
8570,5,LR,0,0
8577,5,LR,0,0
8583,5,LR,1,1
8585,5,LR,0,0
8606,5,LR,0,0
8608,5,LR,1,1
8612,5,LR,0,0
8615,5,LR,0,1
8622,5,LR,0,0
8629,5,LR,0,0
8631,5,LR,0,0
8632,5,LR,0,0
8641,5,LR,1,1
8645,5,LR,0,0
8646,5,LR,0,0
8648,5,LR,0,0
8655,5,LR,0,0
8658,5,LR,1,1
8661,5,LR,0,0
8663,5,LR,1,0
8668,5,LR,0,0
8675,5,LR,0,0
8676,5,LR,0,0
8683,5,LR,0,0
8684,5,LR,0,0
8690,5,LR,0,0
8691,5,LR,0,0
8698,5,LR,0,0
8701,5,LR,1,0
8704,5,LR,0,0
8705,5,LR,0,0
8715,5,LR,1,1
8717,5,LR,0,0
8727,5,LR,0,0
8728,5,LR,0,0
8729,5,LR,0,0
8738,5,LR,0,0
8752,5,LR,1,1
8765,5,LR,0,0
8768,5,LR,0,0
8772,5,LR,0,0
8773,5,LR,0,0
8778,5,LR,0,0
8784,5,LR,0,0
8786,5,LR,0,0
8789,5,LR,0,0
8791,5,LR,0,0
8802,5,LR,0,0
8804,5,LR,0,0
8806,5,LR,0,0
8810,5,LR,0,0
8812,5,LR,1,1
8817,5,LR,0,0
8819,5,LR,0,0
8827,5,LR,0,0
8832,5,LR,0,0
8848,5,LR,0,1
8852,5,LR,0,0
8853,5,LR,0,0
8856,5,LR,0,0
8862,5,LR,0,0
8879,5,LR,0,0
8881,5,LR,0,0
8883,5,LR,0,0
8884,5,LR,0,0
8890,5,LR,0,0
8892,5,LR,0,0
8895,5,LR,0,0
8900,5,LR,0,0
8913,5,LR,0,0
8914,5,LR,0,0
8917,5,LR,0,0
8926,5,LR,0,0
8935,5,LR,1,1
8937,5,LR,0,0
8938,5,LR,1,1
8949,5,LR,0,0
8970,5,LR,0,0
8973,5,LR,0,0
8981,5,LR,0,0
8983,5,LR,0,0
8985,5,LR,0,1
8999,5,LR,0,0
9005,5,LR,0,0
9007,5,LR,0,0
9019,5,LR,0,0
9024,5,LR,0,0
9028,5,LR,0,0
9030,5,LR,0,0
9031,5,LR,0,0
9034,5,LR,0,0
9036,5,LR,1,1
9037,5,LR,0,0
9039,5,LR,0,0
9040,5,LR,0,0
9041,5,LR,0,0
9045,5,LR,0,0
9052,5,LR,0,1
9053,5,LR,0,0
9056,5,LR,0,0
9057,5,LR,0,0
9059,5,LR,0,0
9061,5,LR,0,0
9066,5,LR,0,0
9067,5,LR,0,0
9068,5,LR,0,0
9071,5,LR,0,1
9076,5,LR,0,1
9078,5,LR,0,0
9080,5,LR,0,0
9086,5,LR,0,0
9090,5,LR,0,0
9091,5,LR,0,0
9104,5,LR,0,0
9105,5,LR,0,0
9111,5,LR,0,0
9114,5,LR,0,0
9124,5,LR,0,0
9127,5,LR,0,0
9142,5,LR,0,0
9148,5,LR,0,0
9155,5,LR,0,0
9160,5,LR,0,0
9162,5,LR,0,0
9165,5,LR,0,0
9167,5,LR,0,0
9169,5,LR,0,0
9173,5,LR,0,0
9175,5,LR,1,1
9176,5,LR,0,0
9182,5,LR,0,0
9191,5,LR,0,0
9193,5,LR,1,1
9194,5,LR,0,0
9196,5,LR,0,0
9198,5,LR,0,0
9204,5,LR,0,0
9205,5,LR,1,1
9206,5,LR,1,1
9209,5,LR,1,1
9215,5,LR,0,0
9218,5,LR,0,0
9219,5,LR,0,0
9226,5,LR,0,0
9233,5,LR,0,0
9235,5,LR,0,0
9244,5,LR,0,0
9247,5,LR,0,0
9251,5,LR,0,0
9255,5,LR,1,1
9269,5,LR,1,1
9285,5,LR,0,0
9288,5,LR,1,1
9292,5,LR,0,0
9300,5,LR,1,1
9317,5,LR,0,0
9319,5,LR,0,0
9321,5,LR,1,1
9340,5,LR,0,0
9343,5,LR,0,0
9346,5,LR,0,0
9348,5,LR,1,1
9349,5,LR,0,0
9355,5,LR,0,0
9356,5,LR,0,0
9373,5,LR,0,0
9380,5,LR,0,0
9383,5,LR,0,0
9384,5,LR,0,0
9400,5,LR,0,0
9424,5,LR,0,0
9428,5,LR,0,0
9433,5,LR,0,0
9435,5,LR,0,0
9440,5,LR,0,0
9445,5,LR,0,0
9462,5,LR,0,0
9470,5,LR,0,0
9473,5,LR,0,0
9490,5,LR,0,0
9497,5,LR,0,0
9499,5,LR,0,0
9504,5,LR,0,0
9506,5,LR,0,0
9507,5,LR,0,0
9509,5,LR,0,0
9514,5,LR,0,0
9515,5,LR,0,0
9518,5,LR,0,0
9519,5,LR,1,1
9520,5,LR,1,1
9525,5,LR,0,0
9530,5,LR,0,0
9532,5,LR,0,0
9545,5,LR,0,0
9546,5,LR,0,0
9553,5,LR,0,0
9559,5,LR,0,0
9571,5,LR,0,0
9574,5,LR,0,0
9577,5,LR,0,0
9581,5,LR,0,0
9584,5,LR,0,0
9585,5,LR,0,0
9586,5,LR,0,0
9594,5,LR,0,0
9596,5,LR,0,0
9599,5,LR,0,0
9601,5,LR,0,0
9603,5,LR,1,1
9604,5,LR,0,0
9610,5,LR,0,0
9614,5,LR,0,0
9629,5,LR,0,0
9639,5,LR,0,0
9654,5,LR,0,0
9658,5,LR,0,0
9659,5,LR,0,0
9670,5,LR,0,0
9674,5,LR,0,0
9676,5,LR,0,0
9681,5,LR,0,0
9684,5,LR,0,0
9693,5,LR,0,0
9694,5,LR,0,0
9707,5,LR,0,0
9717,5,LR,0,0
9730,5,LR,0,0
9736,5,LR,0,0
9740,5,LR,0,0
9747,5,LR,0,0
9750,5,LR,0,0
9751,5,LR,0,0
9753,5,LR,0,0
9760,5,LR,0,0
9763,5,LR,0,0
9767,5,LR,0,0
9783,5,LR,1,1
9784,5,LR,0,0
9792,5,LR,1,0
9798,5,LR,0,0
9799,5,LR,0,0
9802,5,LR,0,0
9803,5,LR,0,0
9808,5,LR,0,0
9809,5,LR,0,0
9821,5,LR,0,0
9824,5,LR,0,0
9827,5,LR,0,0
9829,5,LR,0,0
9833,5,LR,0,0
9837,5,LR,0,0
9838,5,LR,1,0
9842,5,LR,0,0
9843,5,LR,0,0
9846,5,LR,1,1
9862,5,LR,0,0
9869,5,LR,0,0
9875,5,LR,0,0
9877,5,LR,0,0
9878,5,LR,1,1
9884,5,LR,1,1
9890,5,LR,0,0
9891,5,LR,0,1
9894,5,LR,0,0
9895,5,LR,0,0
9907,5,LR,1,1
9928,5,LR,0,1
9929,5,LR,0,0
9931,5,LR,0,0
9932,5,LR,0,0
9933,5,LR,0,0
9934,5,LR,0,0
9938,5,LR,0,0
9941,5,LR,0,0
9942,5,LR,0,0
9948,5,LR,0,0
9951,5,LR,0,0
9952,5,LR,0,0
9954,5,LR,0,0
9957,5,LR,1,1
9959,5,LR,0,0
9971,5,LR,0,0
9973,5,LR,0,0
9974,5,LR,0,0
9975,5,LR,0,0
9979,5,LR,0,0
9980,5,LR,0,0
9983,5,LR,0,0
9984,5,LR,1,1
9985,5,LR,0,0
9992,5,LR,0,0
9993,5,LR,0,0
9998,5,LR,1,1
10007,5,LR,0,0
10009,5,LR,0,0
10010,5,LR,1,1
10013,5,LR,0,0
10015,5,LR,1,1
10020,5,LR,0,1
10024,5,LR,0,0
10034,5,LR,0,0
10035,5,LR,0,0
10046,5,LR,0,0
10052,5,LR,0,0
10054,5,LR,0,0
10055,5,LR,1,1
10067,5,LR,0,0
10070,5,LR,0,0
10081,5,LR,0,0
10097,5,LR,1,1
10103,5,LR,0,0
10106,5,LR,0,0
10140,5,LR,0,0
10142,5,LR,0,0
10145,5,LR,0,0
10146,5,LR,1,1
10153,5,LR,0,0
10160,5,LR,0,0
10164,5,LR,0,0
10169,5,LR,0,0
10173,5,LR,0,0
10181,5,LR,0,0
10185,5,LR,0,0
10189,5,LR,0,0
10192,5,LR,0,0
10194,5,LR,1,0
10201,5,LR,0,0
10203,5,LR,0,0
10205,5,LR,0,0
10221,5,LR,1,0
10229,5,LR,0,0
10231,5,LR,0,1
10232,5,LR,1,0
10237,5,LR,1,1
10244,5,LR,0,0
10248,5,LR,0,0
10250,5,LR,0,0
10253,5,LR,0,0
10259,5,LR,0,0
10262,5,LR,0,0
10264,5,LR,0,0
10266,5,LR,1,0
10267,5,LR,0,0
10269,5,LR,0,0
10271,5,LR,0,0
10272,5,LR,0,0
10274,5,LR,0,0
10281,5,LR,1,1
10288,5,LR,0,0
10294,5,LR,0,0
10298,5,LR,0,0
10303,5,LR,1,1
10305,5,LR,1,0
10316,5,LR,0,0
10324,5,LR,0,0
10326,5,LR,0,1
10328,5,LR,0,0
10334,5,LR,0,0
10338,5,LR,0,1
10340,5,LR,0,0
10342,5,LR,0,0
10345,5,LR,0,0
10348,5,LR,0,0
10351,5,LR,0,0
10366,5,LR,0,0
10371,5,LR,0,0
10378,5,LR,0,0
10379,5,LR,0,0
10380,5,LR,0,0
10398,5,LR,0,0
10399,5,LR,0,0
10407,5,LR,0,0
10410,5,LR,0,0
10412,5,LR,0,0
10413,5,LR,0,0
10419,5,LR,1,1
10420,5,LR,0,0
10422,5,LR,0,0
10424,5,LR,0,0
10429,5,LR,0,0
10433,5,LR,0,0
10434,5,LR,0,0
10435,5,LR,1,1
10437,5,LR,0,0
10438,5,LR,0,0
10440,5,LR,0,0
10443,5,LR,0,0
10445,5,LR,0,0
10447,5,LR,1,1
10453,5,LR,0,0
10456,5,LR,0,0
10465,5,LR,0,1
10466,5,LR,0,0
10470,5,LR,0,0
10472,5,LR,0,0
10474,5,LR,0,0
10475,5,LR,0,0
10479,5,LR,0,0
10480,5,LR,0,0
10481,5,LR,0,0
10484,5,LR,0,1
10490,5,LR,0,0
10512,5,LR,0,0
10519,5,LR,0,0
10520,5,LR,0,0
10523,5,LR,0,0
10527,5,LR,0,0
10535,5,LR,0,0
10541,5,LR,0,0
10544,5,LR,1,1
10547,5,LR,1,1
10551,5,LR,0,0
10553,5,LR,0,0
10566,5,LR,1,1
10568,5,LR,0,0
10586,5,LR,0,0
10607,5,LR,0,0
10608,5,LR,0,0
10613,5,LR,1,1
10625,5,LR,0,0
10628,5,LR,0,0
10631,5,LR,0,0
10641,5,LR,0,0
10643,5,LR,0,0
10646,5,LR,0,0
10650,5,LR,0,0
10651,5,LR,0,0
10658,5,LR,0,0
10663,5,LR,0,0
10664,5,LR,0,0
10667,5,LR,0,0
10672,5,LR,0,0
10676,5,LR,0,0
10678,5,LR,1,1
10682,5,LR,0,0
10689,5,LR,0,0
10691,5,LR,1,1
10701,5,LR,0,0
10709,5,LR,0,0
10713,5,LR,0,0
10716,5,LR,0,0
10717,5,LR,0,1
10722,5,LR,1,1
10723,5,LR,0,0
10733,5,LR,1,1
10739,5,LR,1,1
10743,5,LR,0,0
10744,5,LR,1,0
10746,5,LR,0,1
10752,5,LR,0,0
10754,5,LR,0,0
10758,5,LR,0,0
10762,5,LR,0,1
10764,5,LR,0,0
10787,5,LR,0,0
10788,5,LR,0,0
10790,5,LR,0,0
10792,5,LR,0,0
10799,5,LR,0,0
10801,5,LR,0,0
10806,5,LR,0,0
10816,5,LR,1,0
10823,5,LR,0,0
10830,5,LR,0,0
10841,5,LR,0,0
10845,5,LR,0,0
10846,5,LR,0,0
10848,5,LR,0,0
10851,5,LR,0,0
10853,5,LR,0,0
10856,5,LR,0,1
10858,5,LR,0,0
10859,5,LR,0,0
10863,5,LR,0,0
10880,5,LR,0,0
10887,5,LR,0,0
10900,5,LR,0,0
10905,5,LR,0,0
10914,5,LR,0,0
10915,5,LR,0,0
10916,5,LR,0,0
10917,5,LR,1,0
10924,5,LR,0,0
10925,5,LR,0,0
10928,5,LR,0,0
10929,5,LR,0,0
10943,5,LR,1,1
10950,5,LR,0,0
10954,5,LR,1,0
10957,5,LR,0,0
10962,5,LR,0,0
10963,5,LR,0,0
10965,5,LR,1,1
10966,5,LR,0,0
10968,5,LR,0,0
10972,5,LR,0,0
10980,5,LR,0,0
10986,5,LR,0,0
10987,5,LR,0,0
11001,5,LR,1,1
11007,5,LR,0,0
11008,5,LR,1,1
11009,5,LR,0,0
11012,5,LR,0,0
11013,5,LR,1,1
11017,5,LR,0,0
11022,5,LR,0,0
11027,5,LR,0,0
11029,5,LR,0,0
11030,5,LR,0,0
11032,5,LR,0,0
11053,5,LR,0,0
11059,5,LR,0,0
11061,5,LR,0,0
11062,5,LR,0,0
11063,5,LR,0,0
11069,5,LR,0,0
11070,5,LR,0,0
11074,5,LR,0,0
11075,5,LR,1,0
11081,5,LR,0,0
11082,5,LR,0,0
11096,5,LR,0,0
11098,5,LR,0,0
11099,5,LR,0,0
11121,5,LR,0,0
11128,5,LR,0,0
11131,5,LR,0,0
11133,5,LR,0,0
11147,5,LR,0,0
11153,5,LR,0,0
11159,5,LR,0,0
11175,5,LR,0,0
11186,5,LR,0,0
11194,5,LR,0,0
11196,5,LR,0,0
11209,5,LR,0,1
11212,5,LR,0,0
11213,5,LR,0,0
11215,5,LR,0,0
11217,5,LR,0,0
11219,5,LR,0,0
11220,5,LR,0,0
11221,5,LR,0,0
11223,5,LR,0,0
11231,5,LR,0,0
11235,5,LR,0,0
11240,5,LR,0,0
11244,5,LR,0,1
11245,5,LR,0,0
11248,5,LR,0,0
11256,5,LR,0,0
11258,5,LR,0,0
11260,5,LR,0,0
11263,5,LR,0,0
11264,5,LR,0,0
11266,5,LR,0,0
11270,5,LR,0,0
11271,5,LR,0,0
11278,5,LR,0,0
11284,5,LR,1,1
11285,5,LR,0,0
11291,5,LR,0,0
11293,5,LR,0,0
11308,5,LR,0,0
11336,5,LR,0,0
11350,5,LR,0,0
11359,5,LR,0,0
11373,5,LR,0,0
11376,5,LR,0,0
11380,5,LR,0,0
11383,5,LR,0,0
11393,5,LR,1,1
11399,5,LR,0,0
11416,5,LR,0,0
11421,5,LR,0,0
11425,5,LR,1,0
11430,5,LR,0,0
11435,5,LR,0,0
11443,5,LR,0,0
11450,5,LR,0,0
11454,5,LR,1,1
11473,5,LR,0,1
11478,5,LR,0,0
11484,5,LR,1,1
11492,5,LR,0,0
11494,5,LR,0,0
11495,5,LR,0,0
11500,5,LR,0,0
11505,5,LR,0,0
11507,5,LR,0,0
11513,5,LR,0,0
11514,5,LR,0,0
11522,5,LR,1,1
11530,5,LR,0,0
11536,5,LR,0,0
11556,5,LR,0,0
11561,5,LR,0,0
11563,5,LR,0,0
11570,5,LR,0,0
11583,5,LR,1,1
11588,5,LR,0,0
11598,5,LR,0,0
11601,5,LR,0,0
11602,5,LR,0,0
11603,5,LR,0,0
11610,5,LR,0,0
11611,5,LR,0,0
11613,5,LR,0,0
11615,5,LR,0,0
11625,5,LR,0,0
11630,5,LR,1,1
11634,5,LR,0,0
11637,5,LR,0,0
11644,5,LR,0,0
11645,5,LR,0,0
11647,5,LR,0,0
11648,5,LR,0,0
11655,5,LR,0,0
11658,5,LR,0,0
11664,5,LR,1,1
11666,5,LR,0,0
11667,5,LR,0,0
11672,5,LR,0,0
11676,5,LR,1,1
11678,5,LR,0,0
11679,5,LR,0,0
11684,5,LR,0,0
11689,5,LR,0,0
11697,5,LR,0,0
11698,5,LR,0,0
11703,5,LR,0,0
11707,5,LR,0,0
11714,5,LR,0,0
11719,5,LR,0,0
11720,5,LR,0,0
11726,5,LR,0,0
11727,5,LR,0,0
11729,5,LR,0,0
11754,5,LR,0,0
11757,5,LR,0,0
11766,5,LR,1,0
11767,5,LR,0,0
11778,5,LR,0,0
11788,5,LR,0,0
11789,5,LR,1,1
11795,5,LR,1,1
11797,5,LR,0,0
11799,5,LR,0,0
11805,5,LR,0,0
11808,5,LR,0,0
11812,5,LR,0,0
11813,5,LR,0,0
11816,5,LR,0,0
11822,5,LR,0,0
11828,5,LR,0,0
11843,5,LR,0,0
11847,5,LR,0,0
11849,5,LR,1,0
11851,5,LR,0,0
11857,5,LR,0,0
11863,5,LR,0,0
11891,5,LR,0,0
11901,5,LR,0,0
11918,5,LR,1,1
11921,5,LR,0,0
11923,5,LR,0,0
11929,5,LR,0,0
11936,5,LR,0,0
11941,5,LR,0,0
11942,5,LR,1,0
11948,5,LR,0,0
11950,5,LR,0,0
11952,5,LR,0,0
11961,5,LR,0,0
11962,5,LR,0,0
11968,5,LR,0,0
11970,5,LR,0,0
11974,5,LR,1,1
11978,5,LR,0,0
11981,5,LR,0,0
11984,5,LR,0,1
11989,5,LR,0,0
12005,5,LR,0,0
12008,5,LR,0,0
12012,5,LR,0,0
12013,5,LR,1,1
12017,5,LR,0,0
12019,5,LR,0,0
12022,5,LR,0,0
12024,5,LR,0,1
12026,5,LR,0,0
12032,5,LR,0,0
12035,5,LR,0,0
12041,5,LR,0,0
12042,5,LR,1,0
12043,5,LR,1,0
12048,5,LR,0,0
12049,5,LR,0,0
12051,5,LR,0,0
12058,5,LR,0,0
12067,5,LR,0,0
12084,5,LR,1,1
12090,5,LR,0,0
12096,5,LR,0,0
12097,5,LR,1,1
12107,5,LR,0,0
12112,5,LR,0,0
12116,5,LR,1,1
12119,5,LR,0,0
12124,5,LR,0,0
12139,5,LR,0,0
12140,5,LR,0,0
12141,5,LR,0,0
12144,5,LR,0,0
12146,5,LR,0,0
12148,5,LR,1,1
12153,5,LR,0,0
12162,5,LR,0,0
12168,5,LR,0,0
12171,5,LR,0,0
12172,5,LR,0,0
12174,5,LR,0,0
12178,5,LR,0,0
12179,5,LR,1,1
12184,5,LR,1,1
12185,5,LR,0,0
12187,5,LR,0,0
12189,5,LR,0,0
12191,5,LR,0,0
12204,5,LR,0,0
12206,5,LR,0,0
12208,5,LR,1,1
12212,5,LR,0,1
12214,5,LR,0,0
12217,5,LR,0,0
12219,5,LR,0,0
12222,5,LR,0,0
12225,5,LR,0,0
12232,5,LR,0,0
12236,5,LR,0,0
12251,5,LR,1,0
12252,5,LR,1,1
12254,5,LR,0,0
12259,5,LR,0,0
12284,5,LR,0,0
12288,5,LR,1,0
12291,5,LR,0,0
12294,5,LR,0,0
12296,5,LR,0,1
12300,5,LR,0,0
12309,5,LR,1,1
12325,5,LR,0,0
12332,5,LR,0,0
12333,5,LR,0,0
12338,5,LR,1,1
12340,5,LR,0,0
12342,5,LR,0,0
12343,5,LR,0,0
12348,5,LR,0,0
12351,5,LR,0,0
12353,5,LR,0,0
12357,5,LR,0,0
12358,5,LR,0,0
12361,5,LR,0,0
12368,5,LR,0,1
12373,5,LR,1,1
12389,5,LR,0,0
12393,5,LR,0,0
12394,5,LR,0,0
12396,5,LR,0,0
12400,5,LR,0,0
12403,5,LR,0,0
12404,5,LR,1,0
12405,5,LR,0,0
12408,5,LR,0,0
12413,5,LR,0,0
12420,5,LR,0,0
12424,5,LR,0,0
12429,5,LR,0,0
12432,5,LR,1,1
12441,5,LR,0,0
12444,5,LR,0,0
12456,5,LR,1,1
12457,5,LR,0,0
12458,5,LR,0,0
12465,5,LR,0,0
12477,5,LR,0,0
12478,5,LR,0,0
12481,5,LR,0,0
12482,5,LR,0,0
12483,5,LR,0,0
12491,5,LR,0,0
12494,5,LR,0,0
12500,5,LR,0,0
12509,5,LR,1,1
12510,5,LR,0,0
12513,5,LR,0,0
12518,5,LR,0,0
12520,5,LR,0,0
12522,5,LR,0,0
12535,5,LR,1,1
12553,5,LR,0,0
12557,5,LR,0,0
12558,5,LR,1,0
12559,5,LR,0,1
12560,5,LR,0,0
12572,5,LR,0,0
12578,5,LR,0,0
12581,5,LR,0,0
12586,5,LR,0,0
12590,5,LR,0,0
12592,5,LR,0,0
12596,5,LR,0,0
12611,5,LR,0,0
12633,5,LR,0,0
12634,5,LR,0,0
12639,5,LR,0,0
12640,5,LR,0,0
12641,5,LR,1,1
12643,5,LR,0,0
12645,5,LR,1,1
12648,5,LR,1,0
12654,5,LR,0,0
12658,5,LR,0,0
12661,5,LR,1,1
12662,5,LR,1,1
12663,5,LR,1,0
12666,5,LR,0,0
12668,5,LR,0,0
12674,5,LR,0,0
12675,5,LR,0,0
12676,5,LR,0,0
12678,5,LR,0,0
12682,5,LR,0,0
12684,5,LR,0,0
12686,5,LR,0,0
12693,5,LR,0,0
12697,5,LR,0,0
12701,5,LR,0,0
12709,5,LR,0,0
12710,5,LR,0,0
12719,5,LR,0,0
12722,5,LR,0,0
12736,5,LR,0,0
12745,5,LR,0,0
12747,5,LR,0,0
12750,5,LR,0,1
12762,5,LR,0,0
12775,5,LR,0,0
12776,5,LR,0,0
12785,5,LR,0,0
12788,5,LR,0,0
12790,5,LR,0,0
12802,5,LR,0,0
12806,5,LR,0,0
12809,5,LR,0,0
12821,5,LR,0,0
12827,5,LR,1,1
12840,5,LR,0,0
12843,5,LR,0,0
12844,5,LR,0,0
12859,5,LR,1,0
12868,5,LR,0,0
12880,5,LR,0,0
12892,5,LR,1,1
12902,5,LR,0,0
12919,5,LR,0,0
12920,5,LR,0,0
12931,5,LR,0,0
12932,5,LR,0,0
12941,5,LR,0,0
12950,5,LR,0,0
12952,5,LR,0,0
12957,5,LR,0,0
12958,5,LR,1,1
12972,5,LR,0,0
12982,5,LR,0,0
12985,5,LR,0,0
12989,5,LR,0,1
12993,5,LR,1,1
13000,5,LR,0,0
13001,5,LR,0,0
13007,5,LR,0,0
13008,5,LR,0,0
13012,5,LR,0,0
13030,5,LR,1,1
13031,5,LR,0,0
13032,5,LR,1,1
13041,5,LR,1,1
13049,5,LR,0,0
13058,5,LR,0,0
13060,5,LR,0,0
13062,5,LR,0,0
13071,5,LR,0,0
13075,5,LR,0,0
13083,5,LR,0,0
13090,5,LR,0,0
13092,5,LR,0,0
13100,5,LR,1,1
13108,5,LR,0,0
13109,5,LR,1,1
13111,5,LR,1,1
13112,5,LR,0,0
13118,5,LR,0,0
13119,5,LR,0,0
13131,5,LR,0,0
13132,5,LR,0,0
13133,5,LR,0,0
13145,5,LR,1,1
13157,5,LR,0,0
13158,5,LR,0,0
13162,5,LR,0,0
13168,5,LR,0,0
13179,5,LR,0,0
13185,5,LR,0,0
13189,5,LR,0,0
13197,5,LR,0,0
13199,5,LR,0,0
13224,5,LR,0,0
13228,5,LR,0,0
13242,5,LR,0,0
13260,5,LR,0,0
13261,5,LR,0,0
13276,5,LR,0,0
13282,5,LR,0,0
13289,5,LR,0,1
13294,5,LR,1,0
13297,5,LR,0,0
13304,5,LR,0,0
13305,5,LR,0,0
13308,5,LR,0,0
13310,5,LR,0,0
13314,5,LR,0,0
13317,5,LR,0,0
13318,5,LR,1,1
13319,5,LR,1,1
13338,5,LR,0,0
13339,5,LR,0,0
13341,5,LR,0,0
13348,5,LR,0,0
13353,5,LR,0,0
13356,5,LR,0,0
13360,5,LR,0,0
13373,5,LR,0,0
13377,5,LR,0,0
13378,5,LR,0,0
13384,5,LR,1,1
13394,5,LR,0,0
13395,5,LR,1,0
13400,5,LR,0,0
13402,5,LR,0,1
13413,5,LR,0,0
13418,5,LR,0,0
13419,5,LR,0,0
13420,5,LR,0,1
13421,5,LR,0,0
13427,5,LR,0,0
13444,5,LR,0,1
13447,5,LR,0,0
13450,5,LR,0,0
13462,5,LR,0,0
13467,5,LR,0,0
13473,5,LR,0,0
13479,5,LR,1,1
13490,5,LR,0,0
13502,5,LR,0,0
13504,5,LR,0,0
13508,5,LR,0,0
13511,5,LR,0,0
13513,5,LR,0,0
13514,5,LR,0,0
13515,5,LR,0,0
13517,5,LR,0,0
13518,5,LR,1,0
13520,5,LR,0,0
13521,5,LR,0,0
13525,5,LR,0,0
13531,5,LR,0,0
13533,5,LR,0,0
13536,5,LR,0,0
13539,5,LR,0,0
13540,5,LR,0,0
13545,5,LR,0,0
13548,5,LR,0,0
13551,5,LR,0,0
13561,5,LR,0,0
13562,5,LR,0,0
13572,5,LR,0,0
13574,5,LR,0,1
13584,5,LR,1,1
13585,5,LR,1,0
13586,5,LR,0,0
13589,5,LR,0,0
13599,5,LR,0,0
13603,5,LR,0,0
13611,5,LR,0,0
13615,5,LR,0,0
13617,5,LR,0,0
13618,5,LR,0,0
13622,5,LR,0,0
13625,5,LR,0,0
13626,5,LR,0,0
13627,5,LR,0,0
13647,5,LR,0,0
13650,5,LR,0,0
13651,5,LR,0,0
13661,5,LR,0,0
13662,5,LR,0,0
13664,5,LR,0,0
13671,5,LR,0,0
13672,5,LR,0,0
13680,5,LR,0,0
13687,5,LR,0,0
13690,5,LR,0,0
13692,5,LR,0,0
13696,5,LR,0,0
13705,5,LR,1,1
13706,5,LR,0,0
13710,5,LR,0,0
13715,5,LR,0,0
13737,5,LR,0,0
13740,5,LR,0,0
13742,5,LR,0,0
13749,5,LR,0,0
13760,5,LR,0,0
13770,5,LR,0,0
13771,5,LR,0,0
13774,5,LR,0,0
13777,5,LR,0,0
13788,5,LR,0,0
13793,5,LR,0,0
13796,5,LR,0,0
13799,5,LR,0,0
13800,5,LR,0,0
13803,5,LR,0,0
13806,5,LR,0,0
13812,5,LR,0,0
13813,5,LR,0,0
13814,5,LR,0,0
13819,5,LR,0,0
13836,5,LR,0,0
13843,5,LR,0,0
13850,5,LR,0,0
13870,5,LR,1,1
13871,5,LR,0,0
13874,5,LR,0,0
13884,5,LR,0,1
13885,5,LR,0,0
13886,5,LR,0,0
13887,5,LR,0,0
13895,5,LR,0,0
13897,5,LR,1,1
13898,5,LR,0,0
13906,5,LR,0,0
13907,5,LR,0,0
13908,5,LR,0,0
13923,5,LR,0,0
13928,5,LR,0,0
13930,5,LR,0,0
13934,5,LR,0,0
13938,5,LR,0,0
13940,5,LR,0,0
13941,5,LR,0,0
13942,5,LR,0,0
13954,5,LR,0,0
13955,5,LR,1,1
13960,5,LR,0,0
13964,5,LR,0,0
13968,5,LR,0,0
13981,5,LR,0,0
13986,5,LR,0,0
13987,5,LR,1,1
13998,5,LR,0,0
14010,5,LR,0,0
14014,5,LR,0,0
14015,5,LR,0,0
14017,5,LR,1,0
14018,5,LR,0,0
14019,5,LR,0,1
14026,5,LR,0,0
14031,5,LR,0,0
14035,5,LR,0,0
14037,5,LR,0,0
14038,5,LR,0,0
14040,5,LR,0,0
14043,5,LR,0,0
14045,5,LR,0,0
14046,5,LR,0,0
14052,5,LR,0,0
14057,5,LR,0,0
14058,5,LR,1,1
14059,5,LR,0,0
14060,5,LR,0,0
14065,5,LR,1,1
14066,5,LR,0,0
14083,5,LR,0,0
14085,5,LR,0,0
14087,5,LR,0,0
14089,5,LR,0,0
14094,5,LR,0,0
14108,5,LR,0,0
14111,5,LR,0,0
14116,5,LR,0,0
14128,5,LR,0,0
14130,5,LR,0,0
14140,5,LR,0,0
14143,5,LR,0,0
14149,5,LR,0,0
14158,5,LR,0,0
14160,5,LR,0,0
14171,5,LR,0,0
14173,5,LR,0,0
14174,5,LR,0,0
14191,5,LR,1,1
14192,5,LR,0,0
14198,5,LR,0,0
14199,5,LR,1,1
14205,5,LR,0,0
14207,5,LR,0,0
14209,5,LR,0,0
14212,5,LR,0,0
14218,5,LR,0,0
14219,5,LR,0,0
14222,5,LR,0,0
14233,5,LR,1,1
14239,5,LR,0,0
14241,5,LR,0,0
14245,5,LR,0,0
14256,5,LR,0,0
14257,5,LR,0,0
14261,5,LR,0,0
14262,5,LR,0,0
14271,5,LR,0,0
14276,5,LR,1,1
14277,5,LR,0,0
14279,5,LR,0,0
14281,5,LR,0,0
14282,5,LR,0,0
14284,5,LR,0,0
14285,5,LR,0,0
14287,5,LR,0,0
14291,5,LR,0,0
14295,5,LR,1,1
14299,5,LR,1,0
14307,5,LR,0,0
14308,5,LR,0,0
14313,5,LR,0,0
14315,5,LR,0,0
14316,5,LR,0,0
14317,5,LR,0,0
14322,5,LR,0,0
14333,5,LR,0,0
14335,5,LR,0,0
14343,5,LR,0,0
14344,5,LR,0,0
14345,5,LR,1,0
14349,5,LR,0,0
14359,5,LR,1,1
14375,5,LR,0,0
14378,5,LR,0,0
14389,5,LR,1,1
14390,5,LR,0,0
14392,5,LR,0,0
14393,5,LR,1,1
14406,5,LR,0,0
14408,5,LR,0,0
14409,5,LR,0,0
14410,5,LR,0,0
14412,5,LR,0,0
14413,5,LR,0,0
14425,5,LR,0,0
14426,5,LR,1,1
14430,5,LR,1,1
14431,5,LR,0,0
14443,5,LR,0,0
14453,5,LR,0,0
14465,5,LR,0,0
14467,5,LR,0,0
14468,5,LR,0,0
14473,5,LR,0,0
14475,5,LR,0,0
14481,5,LR,0,0
14486,5,LR,0,1
14487,5,LR,0,0
14493,5,LR,1,1
14500,5,LR,0,0
14506,5,LR,0,0
14510,5,LR,0,0
14515,5,LR,0,0
14525,5,LR,0,0
14526,5,LR,0,0
14527,5,LR,0,0
14530,5,LR,0,0
14532,5,LR,1,1
14544,5,LR,0,0
14547,5,LR,0,0
14555,5,LR,0,0
14556,5,LR,0,0
14559,5,LR,0,0
14572,5,LR,1,1
14574,5,LR,0,0
14577,5,LR,0,0
14587,5,LR,0,0
14588,5,LR,0,0
14591,5,LR,0,0
14599,5,LR,0,0
14605,5,LR,0,0
14609,5,LR,0,0
14613,5,LR,0,0
14614,5,LR,0,0
14623,5,LR,0,0
14624,5,LR,0,0
14627,5,LR,0,0
14649,5,LR,1,1
14651,5,LR,0,0
14652,5,LR,0,0
14653,5,LR,0,0
14655,5,LR,0,0
14661,5,LR,0,0
14664,5,LR,1,1
14672,5,LR,0,0
14677,5,LR,0,0
14680,5,LR,0,0
14693,5,LR,0,0
14712,5,LR,0,0
14714,5,LR,0,0
14720,5,LR,0,0
14721,5,LR,0,0
14722,5,LR,0,0
14731,5,LR,0,0
14733,5,LR,0,1
14734,5,LR,0,0
14747,5,LR,0,0
14752,5,LR,0,0
14755,5,LR,0,0
14773,5,LR,0,0
14774,5,LR,0,1
14778,5,LR,0,0
14780,5,LR,0,1
14781,5,LR,1,0
14797,5,LR,0,0
14808,5,LR,1,1
14821,5,LR,1,1
14825,5,LR,0,0
14826,5,LR,0,0
14827,5,LR,0,0
14828,5,LR,0,0
14831,5,LR,0,0
14835,5,LR,1,1
14837,5,LR,0,0
14845,5,LR,0,0
14853,5,LR,1,1
14855,5,LR,1,1
14862,5,LR,0,0
14864,5,LR,0,0
14868,5,LR,0,0
14879,5,LR,0,0
14881,5,LR,0,0
14888,5,LR,0,0
14891,5,LR,0,0
14895,5,LR,0,0
14896,5,LR,0,0
14897,5,LR,0,0
14923,5,LR,0,0
14924,5,LR,0,0
14935,5,LR,0,0
14936,5,LR,0,0
14938,5,LR,0,0
14946,5,LR,0,0
14952,5,LR,0,0
14964,5,LR,0,0
14996,5,LR,0,0
14997,5,LR,1,1
15005,5,LR,0,0
15007,5,LR,0,0
15014,5,LR,0,0
15016,5,LR,0,0
15026,5,LR,0,0
15031,5,LR,0,0
15041,5,LR,0,0
15045,5,LR,1,1
15054,5,LR,0,0
15055,5,LR,0,0
15063,5,LR,0,0
15065,5,LR,0,0
15074,5,LR,1,1
15077,5,LR,0,0
15080,5,LR,0,0
15084,5,LR,0,0
15100,5,LR,0,0
15101,5,LR,0,0
15104,5,LR,0,0
15109,5,LR,0,0
15111,5,LR,0,0
15119,5,LR,1,1
15126,5,LR,0,0
15129,5,LR,0,0
15134,5,LR,0,0
15139,5,LR,0,0
15143,5,LR,0,0
15144,5,LR,0,0
15148,5,LR,0,0
15151,5,LR,0,0
15154,5,LR,0,0
15156,5,LR,0,0
15157,5,LR,1,1
15163,5,LR,0,0
15171,5,LR,0,0
15175,5,LR,1,1
15183,5,LR,0,0
15189,5,LR,0,0
15199,5,LR,0,0
15203,5,LR,0,0
15217,5,LR,0,0
15221,5,LR,1,1
15226,5,LR,1,1
15227,5,LR,0,0
15229,5,LR,0,0
15231,5,LR,0,0
15232,5,LR,0,0
15238,5,LR,0,0
15240,5,LR,0,0
15243,5,LR,0,0
15244,5,LR,0,0
15245,5,LR,0,0
15247,5,LR,0,0
15257,5,LR,0,0
15263,5,LR,0,0
15269,5,LR,0,0
15271,5,LR,0,1
15278,5,LR,0,0
15279,5,LR,0,0
15288,5,LR,0,0
15292,5,LR,0,0
15296,5,LR,1,1
15298,5,LR,0,0
15305,5,LR,0,0
15308,5,LR,0,0
15313,5,LR,0,0
15320,5,LR,0,0
15321,5,LR,0,0
15325,5,LR,0,0
15343,5,LR,0,0
15346,5,LR,0,0
15348,5,LR,0,0
15350,5,LR,0,0
15357,5,LR,0,0
15359,5,LR,0,0
15360,5,LR,0,0
15369,5,LR,0,0
15379,5,LR,1,1
15388,5,LR,0,0
15390,5,LR,0,0
15393,5,LR,0,0
15402,5,LR,0,0
15405,5,LR,0,0
15407,5,LR,0,0
15408,5,LR,0,0
15410,5,LR,0,0
15424,5,LR,0,0
15427,5,LR,0,0
15429,5,LR,0,0
15434,5,LR,0,0
15442,5,LR,0,0
15444,5,LR,0,0
15447,5,LR,0,0
15450,5,LR,0,0
15455,5,LR,0,0
15457,5,LR,0,0
15470,5,LR,0,0
15480,5,LR,0,0
15490,5,LR,0,0
15492,5,LR,0,0
15496,5,LR,0,0
15509,5,LR,0,0
15519,5,LR,0,0
15521,5,LR,0,0
15523,5,LR,0,0
15524,5,LR,0,0
15526,5,LR,0,0
15530,5,LR,0,0
15533,5,LR,0,0
15545,5,LR,0,0
15556,5,LR,0,0
15564,5,LR,0,0
15567,5,LR,1,1
15574,5,LR,0,0
15578,5,LR,0,0
15580,5,LR,0,0
15586,5,LR,0,0
15588,5,LR,1,0
15596,5,LR,0,0
15597,5,LR,0,0
15603,5,LR,0,0
15605,5,LR,0,0
15609,5,LR,0,0
15610,5,LR,0,0
15613,5,LR,0,0
15616,5,LR,0,0
15622,5,LR,0,0
15632,5,LR,0,0
15633,5,LR,0,0
15635,5,LR,0,0
15636,5,LR,0,0
15648,5,LR,0,1
15651,5,LR,0,0
15662,5,LR,1,1
15672,5,LR,1,1
15674,5,LR,0,0
15676,5,LR,0,0
15681,5,LR,0,0
15683,5,LR,0,0
15687,5,LR,0,0
15698,5,LR,1,1
15707,5,LR,0,0
15709,5,LR,1,0
15716,5,LR,0,0
15717,5,LR,0,0
15720,5,LR,0,0
15721,5,LR,0,0
15726,5,LR,0,0
15729,5,LR,0,0
15734,5,LR,0,0
15742,5,LR,0,0
15743,5,LR,0,0
15745,5,LR,0,0
15751,5,LR,0,1
15754,5,LR,1,1
15758,5,LR,1,1
15760,5,LR,0,0
15766,5,LR,0,0
15770,5,LR,0,0
15774,5,LR,0,0
15775,5,LR,0,0
15782,5,LR,0,0
15784,5,LR,0,0
15788,5,LR,0,0
15798,5,LR,1,0
15799,5,LR,0,0
15805,5,LR,0,0
15807,5,LR,0,0
15809,5,LR,1,1
15820,5,LR,0,0
15834,5,LR,1,1
15836,5,LR,0,0
15837,5,LR,0,0
15839,5,LR,0,0
15851,5,LR,0,0
15862,5,LR,0,0
15864,5,LR,0,0
15870,5,LR,0,0
15874,5,LR,0,0
15884,5,LR,0,0
15886,5,LR,0,0
15889,5,LR,0,0
15890,5,LR,0,0
15899,5,LR,0,0
15910,5,LR,0,0
15914,5,LR,1,1
15915,5,LR,1,1
15930,5,LR,1,1
15932,5,LR,1,1
15934,5,LR,0,0
15936,5,LR,0,0
15943,5,LR,0,0
15945,5,LR,0,0
15950,5,LR,0,0
15951,5,LR,0,0
15956,5,LR,0,0
15958,5,LR,0,0
15963,5,LR,0,0
15964,5,LR,1,1
15976,5,LR,0,0
15980,5,LR,0,0
15981,5,LR,0,0
15982,5,LR,0,0
15991,5,LR,0,0
15996,5,LR,1,1
15997,5,LR,0,0
15998,5,LR,0,0
16000,5,LR,0,0
16004,5,LR,0,0
16021,5,LR,0,0
16024,5,LR,0,0
16026,5,LR,0,0
16035,5,LR,0,0
16040,5,LR,0,0
16043,5,LR,0,0
16055,5,LR,1,1
16058,5,LR,0,0
16061,5,LR,0,0
16062,5,LR,0,0
16069,5,LR,1,1
16071,5,LR,0,0
16073,5,LR,0,0
16084,5,LR,0,0
16088,5,LR,0,0
16093,5,LR,0,0
16104,5,LR,0,0
16113,5,LR,0,0
16122,5,LR,0,0
16140,5,LR,0,0
16149,5,LR,0,0
16150,5,LR,0,0
16152,5,LR,0,0
16161,5,LR,0,0
16168,5,LR,1,1
16172,5,LR,0,0
16173,5,LR,0,0
16174,5,LR,0,0
16179,5,LR,0,1
16180,5,LR,0,0
16181,5,LR,0,0
16189,5,LR,0,0
16190,5,LR,1,0
16191,5,LR,1,0
16199,5,LR,0,0
16204,5,LR,0,0
16212,5,LR,0,0
16215,5,LR,0,0
16219,5,LR,0,0
16220,5,LR,1,1
16225,5,LR,0,0
16231,5,LR,0,0
16232,5,LR,1,1
16233,5,LR,0,0
16239,5,LR,0,0
16240,5,LR,0,0
16241,5,LR,0,0
16250,5,LR,0,0
16263,5,LR,0,0
16269,5,LR,0,0
16271,5,LR,0,0
16272,5,LR,0,0
16276,5,LR,0,0
16284,5,LR,0,0
16290,5,LR,0,0
16297,5,LR,0,0
16302,5,LR,0,0
16307,5,LR,0,0
16315,5,LR,0,0
16318,5,LR,0,0
16321,5,LR,0,0
16325,5,LR,0,0
16328,5,LR,0,0
16331,5,LR,0,0
16337,5,LR,0,0
16338,5,LR,0,0
16339,5,LR,0,0
16340,5,LR,1,0
16343,5,LR,0,0
16353,5,LR,0,0
16357,5,LR,0,0
16367,5,LR,0,0
16370,5,LR,0,0
16373,5,LR,0,0
16377,5,LR,0,0
16379,5,LR,0,0
16380,5,LR,0,0
16381,5,LR,0,0
16390,5,LR,0,0
16393,5,LR,0,0
16397,5,LR,0,0
16398,5,LR,0,0
16418,5,LR,0,0
16427,5,LR,0,0
16435,5,LR,0,0
16436,5,LR,1,0
16450,5,LR,0,0
16452,5,LR,0,1
16459,5,LR,0,0
16462,5,LR,0,0
16477,5,LR,0,0
16478,5,LR,0,0
16482,5,LR,0,0
16493,5,LR,0,0
16495,5,LR,0,0
16496,5,LR,0,0
16497,5,LR,0,0
16501,5,LR,0,0
16504,5,LR,0,0
16505,5,LR,0,0
16509,5,LR,0,0
16511,5,LR,0,0
16512,5,LR,0,0
16513,5,LR,0,0
16514,5,LR,0,0
16516,5,LR,0,0
16520,5,LR,0,0
16521,5,LR,0,0
16522,5,LR,0,0
16525,5,LR,0,0
16529,5,LR,0,0
16530,5,LR,0,0
16533,5,LR,0,0
16535,5,LR,0,0
16536,5,LR,1,1
16541,5,LR,0,0
16543,5,LR,0,0
16549,5,LR,0,0
16559,5,LR,1,1
16561,5,LR,0,0
16566,5,LR,0,0
16567,5,LR,0,0
16572,5,LR,0,0
16574,5,LR,0,0
16575,5,LR,1,1
16576,5,LR,0,0
16592,5,LR,0,0
16603,5,LR,0,0
16618,5,LR,0,0
16620,5,LR,0,0
16622,5,LR,1,0
16633,5,LR,0,0
16634,5,LR,0,0
16636,5,LR,0,0
16642,5,LR,0,0
16644,5,LR,1,1
16657,5,LR,0,0
16665,5,LR,0,0
16666,5,LR,0,0
16667,5,LR,0,0
16686,5,LR,0,0
16690,5,LR,0,0
16697,5,LR,0,0
16699,5,LR,0,0
16700,5,LR,0,0
16707,5,LR,0,0
16710,5,LR,0,1
16711,5,LR,0,0
16720,5,LR,0,0
16722,5,LR,0,0
16728,5,LR,1,0
16731,5,LR,0,0
16733,5,LR,0,0
16745,5,LR,0,0
16759,5,LR,0,0
16762,5,LR,0,0
16774,5,LR,0,0
16791,5,LR,0,0
16824,5,LR,0,0
16826,5,LR,1,1
16827,5,LR,0,0
16830,5,LR,0,1
16838,5,LR,0,0
16840,5,LR,0,0
16844,5,LR,0,0
16846,5,LR,1,1
16847,5,LR,0,0
16848,5,LR,1,1
16851,5,LR,0,0
16856,5,LR,0,0
16862,5,LR,0,0
16868,5,LR,0,0
16873,5,LR,0,0
16881,5,LR,0,0
16884,5,LR,0,0
16887,5,LR,0,0
16896,5,LR,0,1
16900,5,LR,1,1
16904,5,LR,1,1
16908,5,LR,0,0
16909,5,LR,0,0
16912,5,LR,0,0
16916,5,LR,0,0
16919,5,LR,0,0
16920,5,LR,0,0
16921,5,LR,0,0
16927,5,LR,0,0
16930,5,LR,1,1
16935,5,LR,0,0
16938,5,LR,1,1
16943,5,LR,0,0
16944,5,LR,0,0
16946,5,LR,0,0
16947,5,LR,0,0
16948,5,LR,0,0
16949,5,LR,0,0
16955,5,LR,0,0
16956,5,LR,0,0
16959,5,LR,0,0
16960,5,LR,0,0
16961,5,LR,0,0
16964,5,LR,0,0
16965,5,LR,0,0
16969,5,LR,0,0
16971,5,LR,0,0
16972,5,LR,0,1
16974,5,LR,0,0
16976,5,LR,0,0
16988,5,LR,0,0
16996,5,LR,0,0
17006,5,LR,0,0
17009,5,LR,1,0
17013,5,LR,1,1
17014,5,LR,0,0
17015,5,LR,0,0
17023,5,LR,0,0
17024,5,LR,0,0
17028,5,LR,0,0
17037,5,LR,0,0
17040,5,LR,0,0
17044,5,LR,0,0
17051,5,LR,0,0
17057,5,LR,0,0
17062,5,LR,0,0
17064,5,LR,1,1
17069,5,LR,1,1
17070,5,LR,0,0
17073,5,LR,0,0
17083,5,LR,0,0
17086,5,LR,0,0
17088,5,LR,0,0
17094,5,LR,0,0
17102,5,LR,0,0
17109,5,LR,0,0
17115,5,LR,0,0
17118,5,LR,0,0
17120,5,LR,0,0
17124,5,LR,0,0
17125,5,LR,0,0
17126,5,LR,1,1
17127,5,LR,0,0
17128,5,LR,0,0
17137,5,LR,0,0
17141,5,LR,0,0
17144,5,LR,0,0
17145,5,LR,0,0
17150,5,LR,1,1
17152,5,LR,0,0
17157,5,LR,0,0
17159,5,LR,0,0
17163,5,LR,0,0
17165,5,LR,0,0
17173,5,LR,1,1
17174,5,LR,0,0
17179,5,LR,1,0
17180,5,LR,0,0
17187,5,LR,0,0
17189,5,LR,0,0
17190,5,LR,0,0
17194,5,LR,1,0
17195,5,LR,0,0
17204,5,LR,0,0
17208,5,LR,0,0
17210,5,LR,0,0
17212,5,LR,0,0
17213,5,LR,0,0
17218,5,LR,0,0
17223,5,LR,0,0
17229,5,LR,0,0
17252,5,LR,0,0
17261,5,LR,0,0
17264,5,LR,0,0
17269,5,LR,0,0
17270,5,LR,0,0
17273,5,LR,0,0
17275,5,LR,0,0
17281,5,LR,0,0
17282,5,LR,1,1
17283,5,LR,0,0
17284,5,LR,0,0
17287,5,LR,0,0
17293,5,LR,0,0
17295,5,LR,0,0
17296,5,LR,0,0
17303,5,LR,0,0
17305,5,LR,0,0
17306,5,LR,0,0
17325,5,LR,0,0
17334,5,LR,0,0
17336,5,LR,0,0
17341,5,LR,0,0
17349,5,LR,0,0
17351,5,LR,0,0
17355,5,LR,0,0
17364,5,LR,0,0
17365,5,LR,0,0
17380,5,LR,0,0
17382,5,LR,0,0
17394,5,LR,0,0
17395,5,LR,0,0
17399,5,LR,0,0
17403,5,LR,1,1
17405,5,LR,0,0
17409,5,LR,0,0
17414,5,LR,0,0
17420,5,LR,0,0
17427,5,LR,0,0
17429,5,LR,0,0
17430,5,LR,0,0
17432,5,LR,0,0
17433,5,LR,0,0
17434,5,LR,0,0
17437,5,LR,0,0
17444,5,LR,0,0
17445,5,LR,0,0
17448,5,LR,0,0
17449,5,LR,0,0
17458,5,LR,0,0
17463,5,LR,0,0
17469,5,LR,0,0
17472,5,LR,0,0
17473,5,LR,0,0
17476,5,LR,0,0
17478,5,LR,0,0
17481,5,LR,0,0
17483,5,LR,0,0
17486,5,LR,1,1
17497,5,LR,1,1
17504,5,LR,1,1
17515,5,LR,0,0
17516,5,LR,0,0
17519,5,LR,0,1
17520,5,LR,0,0
17525,5,LR,0,0
17549,5,LR,0,0
17553,5,LR,1,1
17554,5,LR,0,0
17555,5,LR,0,0
17558,5,LR,0,0
17562,5,LR,1,1
17571,5,LR,0,0
17572,5,LR,0,0
17581,5,LR,0,0
17594,5,LR,0,0
17598,5,LR,0,0
17605,5,LR,0,0
17607,5,LR,0,0
17613,5,LR,0,0
17617,5,LR,0,0
17618,5,LR,0,0
17622,5,LR,0,0
17623,5,LR,0,0
17635,5,LR,1,0
17637,5,LR,0,0
17638,5,LR,0,0
17642,5,LR,0,0
17649,5,LR,1,1
17654,5,LR,0,0
17657,5,LR,0,0
17659,5,LR,0,0
17665,5,LR,0,0
17666,5,LR,0,0
17667,5,LR,0,0
17668,5,LR,0,0
17681,5,LR,0,0
17687,5,LR,0,0
17691,5,LR,0,1
17694,5,LR,0,0
17698,5,LR,1,1
17713,5,LR,0,0
17715,5,LR,0,0
17717,5,LR,0,0
17722,5,LR,0,0
17723,5,LR,0,0
17724,5,LR,0,0
17726,5,LR,0,0
17730,5,LR,0,0
17732,5,LR,0,0
17741,5,LR,0,0
17742,5,LR,0,0
17753,5,LR,0,0
17756,5,LR,0,0
17760,5,LR,0,0
17763,5,LR,0,0
17770,5,LR,0,0
17775,5,LR,0,0
17780,5,LR,1,1
17781,5,LR,0,0
17787,5,LR,0,0
17789,5,LR,0,0
17790,5,LR,0,0
17793,5,LR,0,0
17797,5,LR,0,0
17799,5,LR,0,0
17805,5,LR,1,1
17808,5,LR,1,1
17811,5,LR,0,1
17812,5,LR,0,0
17817,5,LR,0,0
17818,5,LR,0,0
17820,5,LR,0,0
17826,5,LR,0,0
17828,5,LR,0,1
17829,5,LR,1,1
17832,5,LR,0,0
17834,5,LR,0,0
17839,5,LR,0,0
17843,5,LR,0,0
17845,5,LR,0,0
17847,5,LR,0,0
17852,5,LR,0,0
17858,5,LR,0,0
17862,5,LR,0,0
17866,5,LR,0,0
17871,5,LR,0,0
17880,5,LR,0,1
17882,5,LR,0,0
17884,5,LR,0,0
17903,5,LR,0,0
17910,5,LR,0,0
17912,5,LR,0,0
17919,5,LR,0,0
17922,5,LR,0,0
17928,5,LR,0,0
17934,5,LR,0,0
17936,5,LR,0,0
17941,5,LR,0,0
17942,5,LR,0,0
17946,5,LR,0,0
17950,5,LR,0,0
17952,5,LR,0,0
17953,5,LR,0,0
17972,5,LR,0,0
17976,5,LR,0,0
17979,5,LR,0,0
17982,5,LR,0,0
17991,5,LR,0,1
17992,5,LR,0,0
17993,5,LR,0,0
17994,5,LR,0,0
17997,5,LR,0,0
18001,5,LR,0,0
18011,5,LR,0,0
18014,5,LR,0,0
18022,5,LR,0,0
18029,5,LR,0,0
18030,5,LR,0,0
18035,5,LR,0,0
18039,5,LR,0,0
18054,5,LR,0,0
18055,5,LR,0,0
18074,5,LR,0,0
18075,5,LR,0,0
18076,5,LR,0,0
18078,5,LR,0,0
18083,5,LR,0,0
18084,5,LR,0,0
18089,5,LR,0,0
18105,5,LR,0,0
18107,5,LR,0,0
18115,5,LR,0,0
18116,5,LR,0,0
18118,5,LR,0,0
18121,5,LR,1,1
18123,5,LR,0,0
18127,5,LR,0,0
18139,5,LR,0,0
18143,5,LR,1,1
18145,5,LR,1,0
18150,5,LR,0,0
18152,5,LR,0,0
18154,5,LR,0,0
18155,5,LR,0,0
18156,5,LR,0,0
18162,5,LR,0,0
18163,5,LR,0,0
18164,5,LR,0,0
18165,5,LR,0,0
18166,5,LR,0,0
18169,5,LR,0,1
18175,5,LR,0,0
18178,5,LR,0,0
18179,5,LR,0,0
18184,5,LR,0,0
18212,5,LR,0,0
18214,5,LR,0,0
18220,5,LR,1,1
18231,5,LR,0,0
18233,5,LR,0,0
18243,5,LR,0,0
18248,5,LR,0,0
18253,5,LR,0,0
18256,5,LR,0,0
18261,5,LR,0,0
18268,5,LR,1,1
18269,5,LR,0,0
18282,5,LR,1,0
18287,5,LR,0,0
18290,5,LR,0,0
18312,5,LR,0,0
18318,5,LR,0,0
18323,5,LR,0,0
18328,5,LR,0,0
18329,5,LR,0,0
18337,5,LR,0,0
18343,5,LR,0,0
18346,5,LR,0,0
18356,5,LR,0,0
18360,5,LR,0,0
18364,5,LR,0,0
18379,5,LR,0,0
18382,5,LR,0,0
18383,5,LR,0,0
18386,5,LR,1,0
18388,5,LR,0,0
18390,5,LR,0,0
18392,5,LR,0,0
18393,5,LR,0,0
18397,5,LR,1,1
18402,5,LR,0,0
18414,5,LR,1,1
18425,5,LR,0,0
18429,5,LR,0,0
18446,5,LR,0,0
18450,5,LR,0,0
18451,5,LR,0,0
18460,5,LR,0,0
18461,5,LR,0,0
18474,5,LR,0,1
18478,5,LR,0,0
18487,5,LR,0,0
18489,5,LR,1,1
18493,5,LR,0,0
18497,5,LR,0,0
18505,5,LR,0,0
18506,5,LR,0,0
18509,5,LR,0,0
18517,5,LR,0,0
18523,5,LR,0,0
18532,5,LR,0,0
18538,5,LR,0,0
18539,5,LR,0,0
18542,5,LR,1,1
18545,5,LR,0,0
18546,5,LR,0,0
18549,5,LR,0,0
18558,5,LR,0,0
18562,5,LR,0,0
18571,5,LR,0,0
18584,5,LR,0,0
18588,5,LR,0,0
18589,5,LR,0,0
18591,5,LR,0,0
18592,5,LR,0,0
18599,5,LR,0,1
18601,5,LR,0,0
18606,5,LR,0,0
18620,5,LR,0,1
18622,5,LR,0,0
18640,5,LR,0,0
18642,5,LR,0,0
18648,5,LR,0,0
18654,5,LR,0,0
18658,5,LR,0,0
18659,5,LR,1,1
18660,5,LR,0,0
18662,5,LR,0,0
18671,5,LR,0,0
18673,5,LR,0,0
18693,5,LR,0,0
18695,5,LR,0,0
18696,5,LR,0,1
18704,5,LR,0,0
18710,5,LR,0,0
18711,5,LR,0,0
18713,5,LR,0,0
18716,5,LR,0,0
18737,5,LR,0,0
18739,5,LR,0,0
18741,5,LR,1,1
18742,5,LR,0,0
18759,5,LR,1,1
18764,5,LR,0,0
18778,5,LR,0,0
18785,5,LR,0,0
18787,5,LR,0,0
18788,5,LR,1,1
18789,5,LR,0,0
18792,5,LR,0,0
18800,5,LR,0,0
18809,5,LR,0,1
18812,5,LR,0,0
18822,5,LR,0,0
18828,5,LR,0,0
18836,5,LR,1,1
18844,5,LR,0,0
18853,5,LR,0,0
18854,5,LR,0,0
18862,5,LR,0,0
18864,5,LR,0,0
18865,5,LR,0,0
18866,5,LR,0,0
18867,5,LR,0,0
18873,5,LR,0,1
18876,5,LR,0,0
18877,5,LR,0,1
18880,5,LR,0,0
18883,5,LR,0,0
18885,5,LR,0,0
18903,5,LR,0,0
18905,5,LR,0,0
18908,5,LR,0,0
18914,5,LR,0,0
18918,5,LR,0,0
18920,5,LR,0,0
18926,5,LR,0,0
18937,5,LR,0,0
18938,5,LR,0,0
18948,5,LR,0,0
18951,5,LR,0,0
18963,5,LR,0,0
18964,5,LR,1,1
18973,5,LR,0,0
18976,5,LR,0,0
18979,5,LR,0,0
18985,5,LR,0,0
18989,5,LR,1,1
18991,5,LR,0,0
18996,5,LR,0,0
18998,5,LR,0,0
18999,5,LR,0,0
19006,5,LR,1,1
19017,5,LR,0,0
19018,5,LR,0,0
19020,5,LR,0,0
19024,5,LR,0,0
19029,5,LR,0,0
19037,5,LR,1,1
19043,5,LR,0,0
19046,5,LR,0,0
19050,5,LR,0,0
19057,5,LR,0,0
19060,5,LR,0,0
19061,5,LR,0,0
19071,5,LR,0,0
19074,5,LR,0,0
19076,5,LR,0,0
19079,5,LR,0,0
19081,5,LR,1,0
19082,5,LR,0,0
19083,5,LR,0,0
19087,5,LR,1,1
19091,5,LR,0,0
19093,5,LR,0,0
19097,5,LR,0,0
19099,5,LR,0,0
19100,5,LR,0,0
19107,5,LR,0,0
19115,5,LR,0,0
19120,5,LR,0,0
19134,5,LR,0,0
19147,5,LR,0,0
19151,5,LR,0,0
19172,5,LR,0,0
19180,5,LR,0,0
19193,5,LR,0,0
19197,5,LR,0,0
19201,5,LR,0,0
19204,5,LR,0,0
19209,5,LR,0,0
19210,5,LR,0,0
19211,5,LR,0,0
19219,5,LR,0,0
19220,5,LR,0,0
19224,5,LR,0,0
19229,5,LR,0,0
19242,5,LR,1,0
19248,5,LR,0,0
19255,5,LR,1,1
19271,5,LR,0,0
19273,5,LR,1,1
19285,5,LR,0,0
19291,5,LR,0,0
19295,5,LR,1,1
19302,5,LR,0,0
19305,5,LR,0,0
19307,5,LR,0,0
19316,5,LR,0,0
19321,5,LR,0,0
19327,5,LR,0,0
19335,5,LR,0,0
19341,5,LR,1,0
19342,5,LR,0,0
19356,5,LR,0,0
19360,5,LR,0,0
19363,5,LR,0,0
19365,5,LR,0,1
19370,5,LR,0,0
19373,5,LR,0,0
19383,5,LR,0,0
19384,5,LR,0,0
19388,5,LR,0,1
19399,5,LR,0,0
19405,5,LR,0,0
19408,5,LR,0,0
19409,5,LR,0,0
19414,5,LR,1,1
19418,5,LR,0,0
19419,5,LR,1,1
19428,5,LR,0,0
19429,5,LR,0,0
19431,5,LR,0,0
19437,5,LR,0,0
19451,5,LR,0,0
19460,5,LR,0,0
19463,5,LR,0,0
19478,5,LR,0,0
19483,5,LR,1,1
19486,5,LR,0,0
19494,5,LR,0,0
19495,5,LR,0,0
19497,5,LR,0,0
19502,5,LR,0,0
19508,5,LR,0,1
19514,5,LR,0,0
19520,5,LR,0,0
19531,5,LR,0,0
19540,5,LR,0,0
19548,5,LR,0,0
19572,5,LR,0,0
19579,5,LR,0,0
19582,5,LR,0,0
19589,5,LR,0,0
19596,5,LR,0,0
19599,5,LR,0,0
19604,5,LR,1,1
19621,5,LR,0,0
19640,5,LR,0,0
19645,5,LR,0,0
19646,5,LR,0,0
19648,5,LR,0,1
19651,5,LR,0,0
19652,5,LR,0,0
19655,5,LR,0,0
19660,5,LR,0,0
19669,5,LR,0,0
19670,5,LR,0,0
19687,5,LR,0,0
19688,5,LR,0,0
19707,5,LR,0,0
19710,5,LR,1,1
19711,5,LR,0,0
19720,5,LR,0,0
19737,5,LR,0,0
19738,5,LR,0,0
19743,5,LR,0,0
19745,5,LR,0,0
19749,5,LR,0,0
19757,5,LR,0,1
19759,5,LR,0,0
19760,5,LR,0,0
19762,5,LR,0,0
19763,5,LR,0,0
19769,5,LR,0,0
19770,5,LR,1,0
19773,5,LR,0,0
19774,5,LR,0,0
19776,5,LR,0,0
19778,5,LR,0,0
19779,5,LR,1,1
19781,5,LR,0,0
19784,5,LR,0,0
19795,5,LR,1,1
19801,5,LR,0,0
19813,5,LR,0,0
19834,5,LR,0,0
19836,5,LR,1,1
19840,5,LR,0,0
19855,5,LR,0,0
19856,5,LR,0,0
19861,5,LR,0,0
19862,5,LR,0,0
19876,5,LR,0,0
19880,5,LR,0,0
19882,5,LR,0,0
19885,5,LR,0,0
19889,5,LR,0,1
19897,5,LR,0,0
19903,5,LR,0,0
19908,5,LR,0,0
19911,5,LR,0,0
19912,5,LR,0,0
19913,5,LR,0,0
19914,5,LR,0,0
19932,5,LR,0,0
19934,5,LR,0,0
19935,5,LR,0,0
19938,5,LR,0,0
19959,5,LR,0,0
19961,5,LR,0,0
19979,5,LR,0,0
19982,5,LR,0,0
19984,5,LR,1,1
19990,5,LR,0,0
19995,5,LR,0,0
20000,5,LR,0,0
20003,5,LR,0,0
20004,5,LR,0,0
20009,5,LR,0,0
20014,5,LR,0,0
20023,5,LR,0,0
20035,5,LR,0,0
20041,5,LR,0,0
20042,5,LR,0,0
20049,5,LR,0,0
20057,5,LR,1,1
20071,5,LR,0,0
20074,5,LR,0,0
20075,5,LR,0,0
20084,5,LR,0,0
20103,5,LR,0,0
20105,5,LR,0,0
20107,5,LR,0,0
20113,5,LR,0,0
